accident_id,district_code,accident_month,accident_hour,accident_weekday,accident_category_code,accident_type_code,involves_bicycle,involves_car,involves_pedestrian,involves_motorcycle,longitude,latitude
219249,3,11,18,2,3,0,f,t,f,t,13.42689483,52.53393955
219248,7,12,19,7,3,6,f,t,t,f,13.39209027,52.43995086
219247,4,12,17,4,3,5,f,t,f,f,13.32624193,52.53802784
219246,4,12,15,7,3,5,f,t,f,t,13.31652064,52.49953417
219243,11,12,9,5,3,3,f,t,f,f,13.52575163,52.49386714
219241,1,12,22,5,3,1,f,t,f,f,13.37353829,52.53096213
219240,10,12,5,1,3,1,f,t,f,f,13.60523023,52.53584537
219239,7,12,20,7,2,5,f,t,f,f,13.34961395,52.48943851
219238,1,11,22,3,3,2,f,t,f,f,13.38378941,52.55124558
219237,2,12,7,2,3,6,f,t,t,f,13.38345801,52.49378526
219235,11,12,19,3,3,2,f,t,f,f,13.51520192,52.56713943
219233,7,12,13,7,3,3,f,t,f,t,13.36775616,52.49334102
219230,7,12,10,3,3,6,f,f,t,f,13.34496711,52.49113688
219229,7,12,19,4,3,6,f,t,t,f,13.34076867,52.49993372
219228,1,12,19,4,3,5,f,t,f,f,13.37680527,52.50951959
219226,7,12,18,5,3,6,f,f,t,f,13.3283651,52.46621546
219225,6,12,7,5,3,6,f,t,t,f,13.26178321,52.4417447
219223,6,11,15,2,3,5,f,t,f,f,13.24116591,52.43849547
219221,4,12,18,4,3,5,t,t,f,f,13.30791309,52.48845278
219220,9,12,21,4,2,8,f,t,f,f,13.4619448,52.454468
219219,7,12,17,2,3,5,f,t,f,t,13.34366241,52.47121631
219217,4,12,17,7,3,6,f,f,t,f,13.33266585,52.5063255
219216,1,11,18,3,3,0,f,t,f,t,13.3492624,52.51506335
219215,9,12,11,2,2,6,f,t,t,f,13.55057965,52.42904384
219214,1,12,9,2,3,0,t,t,f,f,13.37669957,52.50827479
219213,3,12,18,2,3,6,f,t,t,f,13.4384967,52.5524347
219211,8,12,19,4,3,2,f,t,f,f,13.43148363,52.46721899
219209,11,12,13,5,3,5,f,t,f,f,13.4971528,52.50790264
219207,8,12,18,5,3,5,f,t,f,f,13.45578997,52.43034887
219206,10,12,16,2,2,6,f,t,t,f,13.59823297,52.52839961
219205,12,12,15,2,3,0,f,t,f,f,13.35829309,52.60526073
219204,12,12,14,5,3,5,f,t,f,f,13.32196238,52.57588428
219203,2,12,13,3,3,3,f,t,f,f,13.43092335,52.49777612
219201,5,12,10,5,3,0,f,t,f,t,13.19477295,52.53430707
219200,5,12,11,6,3,5,f,t,f,f,13.19451794,52.53370424
219198,1,12,8,6,3,2,f,t,f,f,13.33042363,52.52385335
219195,4,12,17,2,3,6,f,t,t,f,13.3333858,52.48598039
219194,6,12,9,3,2,1,f,t,f,f,13.24111798,52.43200998
219193,5,12,18,4,3,5,t,t,f,f,13.17922829,52.54864203
219192,12,12,21,2,3,5,f,t,f,f,13.33996856,52.58816769
219190,1,12,12,6,3,1,t,t,f,f,13.40872126,52.52639286
219189,3,12,17,5,2,5,t,t,f,f,13.44403463,52.53383903
219188,7,12,18,3,3,5,t,t,f,f,13.32854151,52.46490792
219186,6,12,7,4,3,2,f,t,f,f,13.35169293,52.43355284
219185,8,12,18,6,3,5,f,t,f,t,13.43664219,52.42367063
219183,8,12,17,7,3,2,f,t,f,f,13.42571004,52.4787843
219180,5,12,16,3,3,0,t,f,f,f,13.20053294,52.53665496
219179,9,12,8,4,3,1,f,t,f,f,13.58889101,52.45551823
219178,9,12,17,3,3,6,f,t,t,f,13.53851982,52.42013462
219177,6,12,14,6,3,2,f,t,f,f,13.32225692,52.45655345
219175,3,12,14,5,2,6,t,f,t,f,13.47948842,52.55588825
219174,1,12,16,1,3,2,f,t,f,f,13.37813184,52.54178429
219172,1,11,20,3,2,6,f,f,t,f,13.34525341,52.53918465
219170,8,12,11,3,3,6,f,t,t,f,13.4416576,52.46964673
219169,11,12,16,2,3,5,t,t,f,f,13.4865488,52.5520336
219168,2,12,11,1,3,2,f,t,f,f,13.41780063,52.49885518
219167,11,12,12,5,3,1,t,t,f,f,13.5301684,52.49432263
219166,8,12,0,3,3,3,f,t,f,f,13.44815509,52.46472947
219164,12,12,13,7,3,0,f,t,f,f,13.344169,52.6136691
219163,6,11,15,3,3,5,t,t,f,f,13.33468927,52.41726546
219162,10,12,5,2,3,6,f,t,t,f,13.5516257,52.5543062
219161,2,12,16,2,3,6,f,t,t,f,13.42870657,52.49394608
219159,1,12,15,3,3,2,f,t,f,f,13.34977341,52.50318662
219157,6,12,23,5,3,1,f,t,f,f,13.26843715,52.43070585
219154,6,12,11,2,2,2,f,t,f,f,13.2489789,52.41909731
219153,1,12,22,3,2,5,f,t,f,t,13.39034694,52.50775837
219152,8,12,7,4,2,6,f,t,t,f,13.44818781,52.47762415
219151,9,12,18,2,3,2,t,t,f,f,13.54559048,52.43699986
219149,9,12,7,5,3,1,f,t,f,f,13.48641003,52.45962671
219148,1,12,15,5,3,0,t,f,f,f,13.3876178,52.53337631
219146,10,12,8,6,3,5,f,t,f,f,13.56195362,52.56652227
219143,1,12,19,3,3,5,f,t,f,f,13.41177151,52.52396602
219142,11,12,8,5,3,5,f,t,f,f,13.47775586,52.53079698
219141,8,12,6,2,3,5,f,t,f,f,13.47106376,52.46606634
219140,2,12,9,4,3,6,f,t,t,f,13.38240017,52.5043678
219139,9,12,14,2,3,2,f,t,f,f,13.47258349,52.45440678
219137,6,12,14,5,3,6,f,t,t,f,13.26676539,52.41211822
219136,12,12,11,7,3,6,f,t,t,f,13.29463366,52.57612526
219134,1,11,19,2,3,2,f,t,f,f,13.39768443,52.51536861
219133,11,12,18,1,3,5,f,t,f,f,13.51147743,52.50433651
219132,8,12,19,4,3,5,f,t,f,f,13.48093551,52.43815343
219130,11,12,8,6,2,2,t,f,f,f,13.4961473,52.50021673
219129,11,12,16,2,3,6,f,t,t,f,13.48593464,52.5209323
219128,1,12,14,6,3,2,t,t,f,f,13.38720431,52.52653176
219125,11,12,18,6,3,6,f,t,t,f,13.47827589,52.53097938
219124,2,12,1,7,3,5,f,t,f,f,13.40449375,52.49516294
219123,1,12,22,7,3,2,f,t,f,f,13.38538757,52.55734983
219122,11,11,9,3,3,5,f,t,f,f,13.47100199,52.52308982
219121,11,12,16,2,3,6,t,f,t,f,13.48328963,52.50047683
219120,1,12,9,1,3,6,f,f,t,f,13.35034674,52.53239077
219118,11,11,7,3,2,3,f,f,f,t,13.50936762,52.53495511
219116,10,12,10,3,3,2,f,f,f,f,13.54613779,52.50524328
219115,3,12,12,1,2,0,f,t,f,f,13.41530801,52.60499612
219114,1,12,20,5,3,8,f,t,f,f,13.33223014,52.54585781
219111,12,12,17,6,3,0,f,f,t,f,13.35592679,52.59819378
219110,3,12,16,6,3,5,t,t,f,f,13.43649048,52.54846501
219109,9,12,13,7,3,6,f,t,t,f,13.57406078,52.45686124
219108,4,12,18,4,2,5,f,t,f,f,13.29750767,52.53458142
219107,4,12,14,2,3,6,f,t,t,f,13.27028079,52.51078164
219105,1,12,12,4,3,5,t,t,f,f,13.3413303,52.50519316
219104,5,12,11,7,3,2,f,t,f,f,13.19595622,52.53695567
219102,1,12,14,5,3,5,f,f,f,f,13.33777783,52.525187
219099,2,12,5,2,2,6,f,t,t,f,13.42221822,52.50048862
219098,1,12,16,3,3,2,f,t,f,f,13.35074302,52.51166314
219097,2,12,19,4,3,5,t,t,f,f,13.46440441,52.50991559
219096,6,12,16,2,3,2,f,t,f,f,13.35498438,52.42852319
219094,2,12,14,5,3,1,t,t,f,f,13.38428038,52.4958187
219093,2,12,7,5,3,5,t,t,f,f,13.4077683,52.48889641
219091,2,12,22,7,3,2,f,t,f,f,13.44065024,52.5171527
219088,7,12,13,3,3,2,t,t,f,f,13.36349874,52.47828799
219087,8,12,17,4,3,5,f,t,f,f,13.49036022,52.42794209
219086,1,12,14,7,3,2,t,t,f,f,13.35770887,52.50115514
219085,11,12,19,6,3,0,f,f,f,t,13.48373716,52.5661524
219084,4,12,15,7,3,5,f,t,f,f,13.31276605,52.48045524
219082,1,12,16,6,2,6,f,t,t,f,13.35607778,52.55532798
219080,3,11,17,2,2,2,f,t,f,f,13.45574569,52.5308907
219079,10,12,11,2,3,2,f,t,f,f,13.59763953,52.5025639
219078,1,12,17,3,3,1,t,t,f,f,13.36139663,52.50012696
219077,9,12,23,1,3,1,f,t,f,f,13.57494331,52.46690759
219075,4,12,16,7,3,5,f,t,f,f,13.32021327,52.48366392
219074,6,12,18,3,3,5,f,t,f,f,13.34230935,52.45052458
219072,10,12,9,5,2,4,f,t,f,f,13.52685607,52.53216223
219070,11,12,14,5,3,5,f,t,f,f,13.51592723,52.50570196
219069,3,12,8,2,3,6,f,t,t,f,13.43401815,52.54983167
219068,9,12,21,1,3,5,t,t,f,f,13.48138962,52.46080819
219067,1,11,7,3,3,6,f,t,t,f,13.34486166,52.53913834
219066,2,12,17,2,3,0,t,f,f,f,13.43294346,52.51806404
219064,11,12,16,5,3,5,t,t,f,f,13.47440847,52.50448
219062,1,12,19,7,3,6,f,t,t,f,13.386403,52.55864843
219059,9,12,18,3,3,2,f,t,f,f,13.47566899,52.45637597
219058,1,12,23,4,2,3,f,t,f,f,13.39623921,52.53795755
219057,3,12,18,4,3,5,f,t,f,f,13.40210555,52.60285746
219055,12,12,21,5,3,6,f,t,t,f,13.36053212,52.5968058
219054,8,12,10,6,3,6,f,t,t,f,13.42115794,52.49554755
219052,2,12,13,5,3,5,t,t,f,f,13.4587347,52.52048014
219050,4,12,16,5,3,6,f,t,t,f,13.33427807,52.49859044
219047,1,12,14,1,3,2,t,t,f,f,13.3935253,52.51233654
219046,4,12,20,4,2,6,f,t,t,f,13.3308363,52.48601886
219045,10,12,15,5,3,6,f,t,t,f,13.584013,52.52420984
219044,8,12,10,3,3,6,f,t,t,f,13.48995252,52.42013961
219042,1,12,7,5,2,6,f,f,t,f,13.33403436,52.52354894
219041,3,12,19,5,3,1,t,t,f,f,13.42349506,52.54316133
219039,1,12,17,7,3,5,f,t,f,f,13.37860392,52.5447804
219037,2,12,21,3,3,5,f,t,f,t,13.46687475,52.52016894
219036,6,12,19,4,3,6,f,t,t,f,13.27780476,52.43192471
219035,4,12,16,6,3,5,f,t,f,f,13.30764028,52.46823373
219033,10,12,13,6,3,5,t,t,f,f,13.55827873,52.55399136
219032,2,11,14,2,3,2,f,t,f,f,13.43944436,52.50237489
219031,9,12,23,7,3,0,f,f,t,f,13.54274072,52.42387048
219030,6,12,17,4,3,2,f,t,f,f,13.35238934,52.44088187
219029,4,12,16,2,3,5,t,t,f,f,13.32314189,52.49109312
219027,4,12,7,3,3,5,f,t,f,t,13.29781005,52.49162104
219026,2,12,21,5,3,5,t,t,f,f,13.42486148,52.50202525
219024,3,12,12,5,2,2,f,t,f,f,13.4302741,52.58879105
219023,4,12,14,2,3,0,t,t,f,f,13.3206747,52.5018733
219022,5,12,17,2,3,3,f,t,f,f,13.21699489,52.52698787
219021,7,12,18,4,3,1,t,t,f,f,13.37351766,52.45552642
219020,3,12,19,2,3,0,t,f,f,f,13.42028321,52.54841869
219018,8,12,17,3,3,6,f,t,t,f,13.44627095,52.47108579
219016,6,12,15,6,3,5,t,t,f,f,13.25779733,52.43461527
219013,1,12,8,2,3,2,f,t,f,f,13.36169483,52.52408755
219012,5,12,5,4,3,5,f,t,f,f,13.24708127,52.54413835
219011,1,12,12,7,3,6,t,f,t,f,13.35797064,52.51696876
219010,12,12,23,4,3,6,f,t,t,f,13.29953349,52.57918639
219008,11,12,18,5,3,6,f,t,t,f,13.47362914,52.53578324
219007,4,12,13,5,2,0,f,f,f,t,13.32098283,52.51303103
219005,4,11,9,2,3,2,f,t,f,f,13.30661969,52.51749233
219003,4,12,16,4,3,0,f,t,f,f,13.28107408,52.48054789
219002,1,12,20,4,3,2,f,t,f,f,13.38730539,52.53361407
219001,6,12,18,2,3,6,f,t,t,f,13.33942537,52.46027704
218999,4,12,17,6,3,0,f,f,f,t,13.27431025,52.50806916
218998,8,11,8,3,3,5,f,t,f,f,13.43251731,52.46938213
218997,9,12,15,2,3,5,t,t,f,f,13.6244641,52.45051063
218996,11,12,18,2,3,2,f,t,f,f,13.47976164,52.52489422
218993,7,11,16,2,2,6,f,t,t,f,13.34802773,52.41483607
218991,4,12,11,3,3,5,t,t,f,f,13.32009451,52.47165101
218990,4,12,20,5,3,2,t,t,f,f,13.33479288,52.49941212
218988,10,12,0,7,3,3,f,t,f,f,13.60717712,52.49028905
218987,8,11,12,3,3,5,f,t,f,f,13.4480023,52.47749893
218986,2,12,8,2,3,0,t,f,f,f,13.44116839,52.51819032
218985,2,12,12,2,3,2,f,t,f,f,13.38451516,52.49653589
218983,1,12,17,3,3,6,f,t,t,f,13.36986399,52.55985498
218982,6,12,18,4,2,5,f,t,f,f,13.31535703,52.4164792
218980,2,12,0,5,3,5,f,t,f,f,13.4065982,52.49836166
218979,8,12,15,2,3,2,f,t,f,f,13.44001154,52.44785426
218978,7,12,14,7,3,2,f,t,f,f,13.39277389,52.44754823
218977,11,12,18,4,3,2,f,t,f,f,13.5245864,52.47828593
218976,1,12,15,3,3,5,t,t,f,f,13.40561863,52.51415956
218974,11,12,19,5,3,6,f,t,t,f,13.50485518,52.56339623
218972,4,12,12,6,3,0,f,f,f,t,13.31418103,52.50804329
218969,6,12,17,3,3,2,f,t,f,f,13.34343517,52.42786182
218968,4,12,16,7,3,3,f,t,f,f,13.3322354,52.50105575
218967,11,12,12,4,3,5,t,t,f,f,13.50158734,52.54896429
218966,7,12,18,3,3,3,f,t,f,f,13.38571653,52.44556296
218964,3,12,11,6,3,5,f,t,f,f,13.43278839,52.59582126
218963,7,12,18,1,3,5,f,t,f,f,13.40103031,52.41456157
218961,7,11,18,3,3,2,f,t,f,f,13.38140471,52.41079047
218959,2,12,14,3,3,6,f,t,t,f,13.38802391,52.4929762
218958,9,12,3,1,3,0,f,t,f,f,13.53952056,52.44896273
218957,11,12,14,5,2,6,f,f,t,f,13.50387385,52.56424175
218956,7,12,16,6,3,5,f,t,f,t,13.37213552,52.46977923
218953,4,12,11,6,3,2,f,t,f,f,13.30642029,52.47699618
218952,9,12,9,6,3,3,t,t,f,f,13.59604549,52.44376719
218951,12,12,10,4,3,5,f,t,f,f,13.35183421,52.57375464
218950,8,12,17,7,3,6,t,f,t,f,13.43791625,52.44837392
218948,2,12,23,3,3,5,f,t,f,f,13.39550025,52.49900531
218946,3,12,12,5,3,3,t,f,f,f,13.40665644,52.55406253
218943,4,12,15,2,3,5,f,t,f,f,13.28005592,52.51831441
218942,10,12,0,3,3,5,f,t,f,f,13.58910456,52.51754415
218941,4,12,16,4,3,5,f,t,f,f,13.31690614,52.50129975
218940,6,12,14,2,3,5,t,t,f,f,13.14369614,52.39756849
218938,1,12,19,4,3,5,t,t,f,f,13.40314693,52.52899714
218937,5,12,7,5,3,5,f,t,f,f,13.18243909,52.53842276
218935,11,12,12,6,3,5,f,t,f,f,13.49471718,52.55965952
218932,1,12,14,3,3,5,f,t,f,f,13.4037886,52.52603213
218931,6,12,12,5,3,5,f,t,f,f,13.36683956,52.43494404
218930,4,12,14,4,3,1,t,t,f,f,13.27624817,52.51461338
218929,5,12,7,7,2,1,f,t,f,f,13.20953484,52.53854176
218927,10,12,7,4,3,5,t,f,f,f,13.58568851,52.52912098
218925,4,12,21,5,3,2,f,t,f,f,13.3370146,52.50392529
218924,11,12,17,2,3,2,f,t,f,f,13.45841796,52.52758647
218923,8,12,0,7,3,5,f,t,f,f,13.43312661,52.45243365
218922,11,12,6,4,2,6,f,t,t,f,13.51053177,52.56908191
218921,4,12,9,3,3,1,t,t,f,f,13.30832325,52.49636544
218920,1,12,13,2,3,5,t,f,f,f,13.35664123,52.53566567
218918,7,12,17,5,3,2,f,t,f,f,13.39155018,52.46571973
218916,5,12,22,6,3,5,t,t,f,f,13.20544905,52.53950932
218913,9,12,20,2,3,0,t,f,f,f,13.57170627,52.4378023
218912,6,12,17,7,3,2,f,t,f,f,13.35277452,52.43334401
218911,3,12,10,3,3,5,f,t,f,f,13.4642109,52.52355107
218910,5,12,8,4,2,5,f,t,f,f,13.22580616,52.55513503
218909,1,12,16,7,3,6,f,t,t,f,13.33321436,52.56091056
218907,8,12,14,5,3,5,t,t,f,f,13.43115172,52.48460068
218905,4,11,14,2,3,1,t,t,f,f,13.31783007,52.47389584
218903,1,12,6,3,3,5,f,t,f,f,13.39196012,52.50964191
218902,3,12,15,1,3,1,t,t,f,f,13.47604856,52.54911976
218900,1,12,17,6,3,5,f,t,f,f,13.39143965,52.55031033
218899,7,12,13,3,3,5,t,f,f,f,13.35763943,52.48668166
218896,5,12,18,6,3,6,f,t,t,f,13.19819687,52.53303395
218895,6,12,19,1,3,1,f,t,f,f,13.3024551,52.42512168
218894,7,12,19,1,3,6,f,t,t,f,13.35030304,52.41440182
218893,1,11,22,3,3,6,f,f,t,f,13.38417318,52.55479786
218892,9,12,10,2,3,5,t,t,f,f,13.50270483,52.47009671
218890,12,12,8,5,3,6,f,f,t,f,13.36053001,52.5968209
218888,10,12,5,5,3,3,f,t,f,f,13.52998839,52.53803281
218885,7,12,16,1,3,6,f,t,t,f,13.37259307,52.42180841
218884,6,12,20,3,3,1,f,t,f,f,13.30226885,52.45721334
218883,4,12,13,7,3,5,f,t,f,f,13.29671589,52.54806585
218882,1,12,8,5,3,1,t,t,f,f,13.38066213,52.53249437
218881,1,12,6,4,3,5,t,f,f,f,13.35158885,52.52702046
218879,8,12,17,5,3,2,f,t,f,f,13.47264494,52.46115329
218878,4,12,9,5,3,2,f,t,f,f,13.24680383,52.51381783
218876,1,12,16,6,3,6,f,t,t,f,13.35069439,52.53240497
218873,1,12,11,2,3,5,t,t,f,f,13.38149942,52.51509311
218872,10,12,16,4,3,6,f,t,t,f,13.59296027,52.51841804
218871,8,12,16,2,3,3,f,t,f,f,13.44063496,52.48152322
218870,2,12,23,4,2,1,f,t,f,f,13.45625893,52.52098829
218868,1,12,17,6,2,5,f,t,f,f,13.37698001,52.5573166
218866,4,11,10,2,3,5,f,t,f,f,13.27817856,52.51849006
218865,9,12,23,1,3,5,f,t,f,f,13.57666942,52.42225815
218864,3,12,8,4,3,0,t,t,f,f,13.4186537,52.56880549
218863,1,12,20,7,3,6,f,f,t,f,13.34082403,52.52630305
218861,1,12,15,2,3,5,t,t,f,f,13.33412993,52.55724691
218860,12,12,12,4,3,1,f,t,f,f,13.35080935,52.56843976
218859,1,12,15,7,3,0,t,f,f,f,13.4019915,52.52364536
218857,10,12,12,5,3,5,f,t,f,f,13.58328113,52.52373193
218855,3,11,9,2,3,5,f,t,f,f,13.41842277,52.53665953
218854,12,12,19,1,3,6,f,t,t,f,13.33627696,52.59554936
218853,2,12,16,4,3,5,t,t,f,f,13.38408398,52.49521875
218851,7,12,16,6,3,6,f,t,t,f,13.34570532,52.49424853
218850,10,12,18,3,2,6,f,t,t,f,13.57459431,52.55529761
218847,1,12,22,6,2,0,f,t,f,f,13.36387724,52.55681625
218846,4,12,9,6,3,5,f,t,f,f,13.32623697,52.53803842
218845,7,12,13,2,3,6,f,f,t,f,13.38059476,52.48341059
218844,4,11,11,3,3,5,f,t,f,f,13.26175953,52.51050792
218843,5,12,13,2,3,6,f,t,t,f,13.18291028,52.54793771
218841,6,12,13,4,3,5,t,f,f,f,13.31558307,52.44330574
218839,1,12,12,4,3,5,t,t,f,f,13.4037139,52.50823998
218836,5,12,8,2,3,2,f,t,f,t,13.19429344,52.53569237
218835,1,12,23,4,3,1,t,t,f,f,13.40061328,52.54107529
218834,6,12,15,7,3,6,f,t,t,f,13.32430681,52.46179723
218833,1,12,12,4,3,2,f,t,f,f,13.35159799,52.50521482
218831,2,12,14,5,3,3,t,t,f,f,13.47224289,52.50826935
218830,1,12,6,6,3,2,f,t,f,f,13.41646091,52.51098784
218828,6,11,12,2,3,1,f,t,f,f,13.35533803,52.45233594
218826,9,12,13,3,2,6,t,f,t,f,13.53464084,52.45243946
218825,1,12,15,5,3,6,f,t,t,f,13.35894465,52.54634556
218824,6,12,16,6,3,6,f,t,t,f,13.32237021,52.45625263
218822,8,12,16,6,3,0,f,t,f,f,13.45349107,52.42942265
218821,5,12,18,4,3,5,f,t,f,f,13.19454104,52.54569884
218820,3,12,15,1,3,2,f,t,f,f,13.40667483,52.55433414
218819,2,12,18,2,3,0,f,t,f,t,13.40830631,52.50433162
218817,6,12,16,3,3,1,t,t,f,f,13.32177882,52.43347564
218815,1,12,21,5,3,0,f,f,f,f,13.3535667,52.53675692
218813,5,12,10,5,3,5,t,t,f,f,13.12546826,52.45361618
218812,12,12,10,2,3,5,f,t,f,f,13.35399433,52.59234772
218811,1,12,7,2,3,6,f,t,t,f,13.38168604,52.55235831
218810,12,12,17,5,3,5,f,t,f,f,13.35108515,52.5674797
218809,5,12,18,3,3,2,f,t,f,f,13.13734726,52.52545703
218807,7,12,14,4,3,2,f,t,f,f,13.35580024,52.49692243
218805,5,12,17,7,3,2,f,t,f,f,13.1572011,52.53313198
218802,3,12,10,3,1,3,t,f,f,f,13.42507767,52.5281482
218801,10,12,13,4,2,6,f,t,t,f,13.57964629,52.5673496
218799,7,12,19,4,3,5,f,t,f,f,13.38215284,52.43602429
218797,12,12,11,6,3,5,f,t,f,f,13.28250015,52.59088742
218796,11,12,23,1,2,8,f,t,f,f,13.4861008,52.49664695
218795,5,12,22,6,2,6,f,t,t,f,13.16248451,52.52189405
218794,1,12,7,4,3,6,f,t,t,f,13.32825336,52.53292604
218793,7,12,15,3,2,0,f,t,f,f,13.32978622,52.46636423
218791,5,12,12,3,3,6,f,t,t,f,13.18784882,52.53430259
218789,4,12,23,7,3,5,f,t,f,f,13.31683989,52.50128991
218786,1,12,6,3,3,2,f,t,f,f,13.39598543,52.53826009
218785,2,12,23,3,3,0,f,f,f,t,13.40559029,52.48554722
218784,2,12,20,3,3,4,t,t,f,f,13.43259573,52.52381837
218783,12,12,14,2,3,2,f,t,f,f,13.32816514,52.56456166
218782,2,12,13,6,2,0,t,t,f,f,13.42127491,52.49308586
218780,8,12,21,5,3,3,t,f,f,f,13.43637251,52.48345923
218779,11,12,18,5,3,3,f,t,f,f,13.47670696,52.53315575
218777,1,11,17,2,3,1,f,t,f,f,13.33677877,52.5554894
218775,4,12,7,4,3,2,f,t,f,f,13.29410394,52.53420445
218774,1,12,8,5,3,6,f,t,t,f,13.42122764,52.50986843
218772,5,12,2,7,3,5,f,t,f,f,13.18476197,52.54751179
218771,11,11,5,3,3,6,f,t,t,f,13.50342264,52.50971262
218770,1,12,18,7,2,2,f,t,f,f,13.38265749,52.55615955
218769,6,12,14,2,3,5,f,t,f,f,13.31491702,52.43048991
218767,3,12,17,4,2,5,f,t,f,f,13.44954936,52.5371906
218765,9,12,9,4,3,3,f,t,f,f,13.58170469,52.44103731
218763,11,12,17,5,3,5,f,t,f,t,13.48734506,52.50136598
218762,1,12,7,2,3,2,f,t,f,f,13.35870252,52.55373507
218761,5,12,3,7,2,5,f,t,f,f,13.20648957,52.54328567
218760,2,12,20,4,3,5,t,t,f,f,13.4603846,52.50889675
218759,3,12,5,3,3,5,f,t,f,f,13.38023233,52.5749532
218757,10,12,17,5,2,9,f,f,f,t,13.51918423,52.53157929
218755,2,12,14,6,3,5,f,t,f,f,13.44044866,52.4966704
218752,9,12,17,2,3,1,t,t,f,f,13.57783394,52.45680071
218751,3,12,17,3,3,5,t,t,f,f,13.44225232,52.54679393
218750,9,12,16,4,3,2,f,t,f,f,13.58226378,52.44255516
218748,12,12,16,5,3,2,f,t,f,f,13.31231014,52.60453689
218747,2,12,5,1,3,5,f,t,f,f,13.40197659,52.492472
218745,9,11,14,3,3,6,f,f,t,f,13.53407828,52.43141756
218743,12,12,7,4,3,2,f,t,f,f,13.3391524,52.59733433
218742,11,12,19,1,3,2,f,t,f,f,13.51952676,52.50648211
218741,1,12,19,5,3,2,f,t,f,f,13.33780641,52.55858678
218740,7,12,12,3,3,2,f,t,f,f,13.34780692,52.4668176
218737,3,12,5,5,3,8,f,f,f,t,13.46417028,52.56666028
218736,4,12,14,1,3,1,f,t,f,f,13.30700856,52.52327792
218735,10,12,19,1,3,5,f,t,f,f,13.58703309,52.54925586
218734,7,12,17,4,3,6,f,t,t,f,13.40639647,52.39376273
218732,1,12,6,6,3,6,f,t,t,f,13.37944605,52.55610619
218731,1,12,7,5,3,0,f,t,f,t,13.41714373,52.52191317
218729,4,11,16,2,3,6,f,t,t,f,13.3142922,52.50779892
218727,1,12,7,3,3,0,f,t,f,t,13.34549035,52.52631312
218726,2,12,20,5,3,2,f,t,f,f,13.42845664,52.51919899
218725,6,12,6,3,3,5,f,t,f,f,13.30981664,52.43133264
218724,5,12,14,6,3,0,f,f,f,t,13.26241737,52.54842579
218721,3,12,8,7,2,5,t,f,f,f,13.3940032,52.59163818
218720,11,11,5,3,3,6,f,t,t,f,13.52084779,52.56854309
218719,1,12,16,1,2,6,f,t,t,f,13.38883497,52.55011119
218718,10,12,19,2,3,6,f,t,t,f,13.58701779,52.52360471
218716,6,12,15,4,3,5,f,t,f,f,13.27487853,52.46043587
218715,8,12,17,6,3,2,t,t,t,f,13.42959607,52.48135183
218713,3,12,8,5,3,4,f,t,f,f,13.41969604,52.59110471
218711,5,12,17,5,3,6,f,t,t,f,13.19900173,52.53486787
218710,7,12,15,2,3,6,f,t,t,f,13.4158648,52.45940996
218709,11,12,20,1,3,2,f,t,f,f,13.4989711,52.56829016
218708,1,12,21,4,3,6,f,t,t,f,13.38995614,52.55527181
218707,10,12,11,3,3,5,f,t,f,f,13.62322031,52.53496789
218705,4,12,11,5,3,5,t,f,f,f,13.30223816,52.54789185
218704,1,12,19,5,3,5,t,t,f,f,13.39902001,52.53908174
218703,4,12,19,6,2,5,t,t,f,f,13.30056107,52.50315602
218701,9,12,22,6,2,0,f,t,f,f,13.64888233,52.40172462
218698,9,12,17,3,3,4,f,t,f,f,13.53945031,52.40318809
218697,1,12,20,5,3,5,t,t,f,f,13.39547438,52.52893898
218696,4,12,7,4,3,1,t,f,f,f,13.31378039,52.47642556
218694,1,12,18,5,3,3,t,t,f,f,13.37689139,52.51776014
218693,5,12,0,1,3,6,f,t,t,f,13.19960463,52.53445739
218691,7,11,20,2,3,6,f,f,t,f,13.38063723,52.48226185
218690,5,12,16,1,3,6,f,t,t,f,13.20387243,52.54515399
218689,10,12,14,4,3,5,f,t,f,f,13.5215949,52.52574526
218688,1,12,21,1,3,6,f,f,t,f,13.38656389,52.52370593
218686,5,12,16,6,2,6,f,t,t,f,13.18049088,52.55292715
218685,4,12,14,3,3,6,f,t,t,f,13.28333287,52.51866735
218682,3,12,16,6,3,1,t,t,f,f,13.40898608,52.53512985
218681,7,12,16,6,3,8,f,f,f,f,13.35452865,52.49721121
218680,4,12,9,2,3,0,t,f,f,f,13.29737556,52.51060047
218679,12,11,7,3,2,6,f,t,t,f,13.32495477,52.5886721
218678,6,12,19,2,3,6,f,t,t,f,13.26652813,52.43059086
218676,1,12,15,3,3,0,f,t,f,f,13.4094782,52.52881493
218675,8,12,10,7,3,5,f,t,f,f,13.43574555,52.45264855
218673,5,12,16,5,3,6,f,t,t,f,13.19816983,52.53282077
218670,8,12,8,1,3,5,t,f,f,f,13.44934237,52.47412765
218669,10,12,18,4,2,5,f,t,f,f,13.64083154,52.52808698
218668,8,12,13,5,3,0,f,t,t,f,13.42141541,52.48036449
218667,1,12,16,4,3,2,f,t,f,f,13.40525831,52.51443639
218666,6,11,8,3,2,5,t,f,f,f,13.29200511,52.45451395
218665,1,12,21,7,3,5,f,t,f,t,13.38151893,52.55223968
218663,1,12,8,4,3,5,f,t,f,f,13.34841483,52.54286198
218662,5,12,10,7,3,6,f,t,t,f,13.18554196,52.55157
218660,4,12,9,5,3,2,f,t,f,f,13.30255371,52.48846141
218657,6,12,15,2,3,5,f,t,f,f,13.31910985,52.45450146
218656,4,12,2,3,3,0,f,t,f,f,13.32988972,52.51032466
218655,4,12,20,4,3,6,f,t,t,f,13.33024391,52.51324344
218654,12,12,12,2,3,0,f,t,f,t,13.32740138,52.57565899
218652,6,12,12,5,2,5,t,t,f,f,13.27854121,52.42994806
218651,11,12,7,5,3,5,t,t,f,f,13.46779069,52.54633364
218649,12,12,13,6,3,6,f,t,t,f,13.28506416,52.57573195
218646,1,12,13,3,3,1,f,t,f,f,13.36155827,52.50008068
218645,9,12,12,5,3,6,f,t,t,f,13.52447222,52.40603115
218644,7,12,7,3,3,1,t,t,f,f,13.40085093,52.38690776
218643,5,12,12,6,3,2,f,t,f,f,13.20162753,52.53445885
218641,3,12,14,5,3,2,f,t,f,f,13.45095422,52.53819143
218639,10,11,15,2,3,5,t,t,f,f,13.57440999,52.51311761
218638,4,12,9,2,3,6,f,t,t,f,13.32034547,52.48638491
218637,7,12,16,4,3,2,f,t,f,f,13.34394332,52.47112885
218636,2,12,16,7,3,6,f,t,t,f,13.40910342,52.50179348
218634,3,12,14,1,3,2,f,t,f,f,13.41506086,52.55383427
218633,10,12,9,3,3,5,f,t,f,f,13.54141523,52.53458443
218631,6,12,7,5,2,5,t,t,f,f,13.22909101,52.42586787
218629,4,12,18,5,3,6,f,t,t,f,13.33171559,52.50547089
218628,6,12,14,1,2,5,t,t,f,f,13.27776985,52.43191556
218627,2,12,16,1,3,9,f,t,f,f,13.44055239,52.51683879
218626,1,12,15,4,3,0,f,t,f,t,13.41968493,52.5185203
218625,1,12,18,2,2,1,f,t,f,f,13.3769668,52.55772243
218623,2,12,15,3,3,5,t,t,f,f,13.42295865,52.48684089
218621,1,12,17,7,2,5,f,t,f,f,13.39603266,52.53824111
218618,10,12,12,3,3,5,t,t,f,f,13.59176221,52.54497586
218617,7,12,11,3,3,5,f,t,f,f,13.37836314,52.46618849
218616,10,12,18,4,3,5,f,t,f,f,13.5486519,52.55794221
218614,5,12,4,6,2,5,t,t,f,f,13.23259903,52.53942847
218613,8,12,10,6,3,1,t,t,f,f,13.44756486,52.47793213
218611,6,11,18,2,3,3,f,t,f,t,13.32596088,52.42793218
218609,5,12,11,4,3,5,f,t,f,f,13.19900579,52.55345452
218608,8,12,18,6,3,2,f,t,f,f,13.43372691,52.48205059
218606,3,12,6,6,3,0,f,f,f,t,13.48548027,52.62136015
218604,1,12,9,5,3,5,t,f,f,f,13.36967575,52.53491083
218603,7,12,17,5,3,4,f,t,f,f,13.39170641,52.46571415
218601,1,12,12,7,3,0,f,f,f,t,13.38832085,52.51995172
218599,6,12,17,3,3,5,f,t,f,f,13.31935109,52.4265516
218598,6,12,16,4,3,6,f,t,t,f,13.36265897,52.43659251
218597,8,12,9,6,3,6,f,f,t,f,13.49620299,52.4157517
218595,1,12,19,6,3,5,t,t,f,f,13.39116386,52.55028939
218593,1,11,16,2,3,6,f,t,t,f,13.42382724,52.51662243
218592,4,12,23,1,1,9,f,t,f,f,13.30800605,52.48898078
218591,10,12,7,4,3,2,f,t,f,f,13.51930631,52.52877791
218590,11,12,10,2,2,6,f,t,t,f,13.46549424,52.53073876
218588,4,12,16,2,3,6,f,f,t,f,13.32936923,52.50346903
218586,6,12,18,5,3,5,f,t,f,f,13.32747132,52.4183584
218584,9,12,11,5,2,6,f,t,t,f,13.58621993,52.42540688
218583,8,12,14,1,3,5,f,t,f,t,13.50912465,52.40277595
218582,12,12,9,2,3,8,f,t,f,f,13.326485,52.56205354
218581,1,11,14,3,3,3,f,t,f,f,13.35085803,52.51123438
218580,1,12,12,2,2,6,f,t,t,f,13.38070528,52.51662691
218578,4,12,16,3,2,6,f,t,t,f,13.33092654,52.50106998
218576,12,12,13,7,3,5,f,t,f,f,13.2952539,52.586953
218573,2,12,13,3,3,5,f,t,f,t,13.46957162,52.52038926
218572,6,12,16,3,3,2,f,t,f,f,13.29919075,52.41224032
218571,2,12,17,3,3,6,f,t,t,f,13.45704827,52.51634359
218569,9,12,16,5,3,9,f,t,t,f,13.57441949,52.44433931
218568,9,12,10,5,3,6,f,t,t,f,13.58009862,52.41642267
218566,8,11,6,2,3,5,t,t,f,f,13.42118011,52.4673739
218564,12,12,16,4,3,2,f,t,f,f,13.29586315,52.59720324
218563,7,12,17,7,3,2,f,t,f,f,13.39396975,52.48399318
218562,5,12,15,6,3,9,f,t,f,f,13.20870562,52.53849861
218561,7,12,18,2,3,6,f,t,t,f,13.36800821,52.45965892
218559,10,12,18,7,3,5,f,t,f,f,13.56617361,52.5342278
218558,5,11,7,3,2,6,f,t,t,f,13.1802995,52.49261987
218557,4,12,15,2,3,5,t,t,f,f,13.32030756,52.4843298
218556,3,12,16,2,3,5,t,t,f,f,13.39244,52.57252736
218554,6,12,9,4,3,8,f,f,f,t,13.29994739,52.42118825
218552,2,12,20,4,3,5,t,t,f,f,13.43005877,52.50347222
218550,1,12,19,5,3,5,f,t,f,f,13.4097017,52.52260864
218549,9,12,14,2,3,2,f,t,f,f,13.54089381,52.43560137
218548,7,12,18,2,3,2,f,t,f,f,13.37661482,52.46028022
218547,9,12,17,5,2,5,t,f,f,f,13.571845,52.43025279
218546,3,12,14,3,3,5,f,t,f,f,13.42955282,52.57186148
218544,9,11,9,3,3,6,t,f,t,f,13.52566811,52.45885405
218543,5,12,6,1,3,1,f,t,f,f,13.19737422,52.51598153
218542,1,12,1,2,3,1,f,t,f,f,13.36996568,52.53465876
218540,9,12,5,3,3,5,f,t,f,f,13.51010202,52.45365481
218538,1,12,5,6,3,5,f,t,f,f,13.34949466,52.54494706
218536,2,12,18,5,3,5,t,t,f,f,13.44384546,52.50008567
218535,4,12,11,2,3,5,f,t,f,f,13.32218932,52.51456905
218534,1,12,23,2,3,1,f,t,f,f,13.40318955,52.52474836
218533,1,12,17,4,3,6,f,t,t,f,13.37326068,52.50856863
218532,1,12,13,2,3,5,f,t,f,t,13.34316556,52.5565338
218530,1,12,7,5,3,0,t,f,f,f,13.37057085,52.54550672
218529,10,12,19,6,2,0,f,f,f,t,13.57504806,52.56020675
218527,12,12,21,7,3,3,t,t,f,f,13.30960036,52.58387487
218524,2,12,18,2,3,2,f,t,f,f,13.42917116,52.52309156
218523,9,12,0,3,3,0,f,f,f,f,13.45200695,52.48642973
218522,10,12,13,7,2,5,f,t,f,f,13.59158109,52.54482503
218521,1,12,8,4,3,5,t,t,f,f,13.35857368,52.55416487
218519,2,12,16,5,3,6,f,t,t,f,13.43532705,52.51471203
218518,1,12,4,7,3,3,t,t,f,f,13.39904874,52.53237996
218516,5,11,17,2,3,6,f,t,t,f,13.20961566,52.55154162
218514,2,12,19,3,3,0,f,f,f,t,13.42007376,52.49646117
218513,11,12,18,1,3,0,f,t,f,f,13.48044224,52.50590173
218512,9,12,8,4,3,5,f,t,f,f,13.54658961,52.41872177
218511,3,12,7,2,3,2,f,t,f,f,13.48521553,52.64861734
218509,12,12,16,6,2,6,f,t,t,f,13.32199917,52.56549173
218508,1,12,18,6,3,6,f,f,t,f,13.39817002,52.52705235
218507,2,11,17,3,3,5,f,t,f,f,13.39498797,52.49614997
218506,1,12,15,1,3,6,f,t,t,f,13.3303259,52.52727814
218504,1,12,20,3,3,5,f,t,f,f,13.37121575,52.51112858
218503,6,12,17,6,2,6,f,t,t,f,13.30229768,52.45724106
218501,7,12,16,5,2,6,f,t,t,f,13.3743894,52.42327908
218498,1,12,15,2,3,5,t,t,f,f,13.3498684,52.53598641
218497,3,12,13,4,3,1,f,f,f,f,13.41632159,52.53476816
218496,5,12,9,4,3,3,f,t,f,f,13.22654265,52.53756992
218495,6,12,15,3,3,6,f,f,t,f,13.32742995,52.42834256
218493,4,12,17,4,3,2,f,t,f,f,13.30834532,52.48875141
218492,11,12,14,5,3,5,f,t,f,f,13.47957946,52.52667724
218490,6,12,15,7,3,0,f,t,t,f,13.29400801,52.44824917
218487,6,12,8,3,3,5,t,t,f,f,13.31866902,52.45442049
218486,9,12,17,5,3,2,f,t,f,f,13.55914642,52.44837426
218485,9,12,9,4,3,5,t,t,f,f,13.5428179,52.43598944
218484,10,12,15,2,3,5,f,f,f,f,13.60705006,52.49011384
218483,6,12,20,6,3,5,f,t,f,f,13.31568466,52.41656171
218481,2,12,8,5,3,0,t,f,f,f,13.41826684,52.49574194
218480,1,12,4,7,3,6,f,t,t,f,13.39058686,52.51484718
218478,12,11,16,2,2,6,f,f,t,f,13.35180821,52.57362826
218477,6,12,14,1,3,5,f,t,f,f,13.22982575,52.43102984
218476,7,12,15,4,3,1,f,t,f,f,13.38458439,52.47248736
218475,1,12,11,1,3,5,f,t,f,f,13.42438646,52.51353179
218474,2,12,15,5,3,2,f,t,f,f,13.39830882,52.49840118
218472,8,12,10,7,3,5,f,t,f,t,13.43672645,52.45711647
218469,5,12,14,3,3,1,t,t,f,f,13.17736162,52.54730308
218468,12,12,13,3,3,2,f,t,f,f,13.31176939,52.558766
218467,4,12,8,4,2,1,f,t,f,f,13.242435,52.51255151
218465,8,12,13,6,3,5,t,t,f,f,13.43794513,52.48287124
218464,1,12,21,7,3,2,f,t,f,f,13.38347617,52.55143275
218462,6,11,7,3,3,6,f,t,t,f,13.35597741,52.44887108
218460,12,12,18,3,3,2,f,t,f,f,13.30427867,52.60105559
218459,11,12,9,1,3,5,f,t,f,f,13.51242569,52.55509281
218458,2,12,13,5,3,5,t,t,f,f,13.38283137,52.50418125
218457,8,12,18,2,3,1,t,t,f,f,13.43000879,52.4697683
218454,7,12,10,6,3,5,f,t,f,f,13.39587788,52.3970078
218453,5,12,20,7,3,5,f,t,f,t,13.2075691,52.53259532
218452,9,12,11,1,3,6,f,t,t,f,13.47874948,52.45181122
218451,12,12,15,4,3,2,f,t,f,f,13.30235065,52.61772651
218450,4,12,17,2,3,2,f,t,f,f,13.31742125,52.50544537
218448,4,12,7,5,3,2,f,t,f,f,13.29731627,52.54800264
218447,10,12,11,7,3,5,f,t,f,f,13.61271831,52.51047907
218445,1,12,0,4,3,6,f,t,t,f,13.37725714,52.55363858
218442,6,12,6,2,3,4,t,f,f,f,13.33869228,52.46624791
218441,6,12,21,3,2,6,f,t,t,f,13.32505788,52.42805957
218440,5,12,10,5,3,9,f,f,f,t,13.20756891,52.55570389
218439,7,12,11,4,3,5,f,t,f,f,13.3853906,52.46712283
218437,12,12,16,5,3,5,f,t,f,f,13.29794475,52.57818881
218436,3,12,9,6,3,2,f,t,f,f,13.41901192,52.53053264
218434,7,12,12,6,3,1,f,t,f,f,13.39861994,52.46493662
218431,4,12,2,3,3,2,f,t,f,f,13.33371932,52.50424352
218430,4,12,11,5,3,5,t,t,f,f,13.27344992,52.49996881
218429,11,12,18,5,3,8,f,t,f,f,13.51427163,52.535184
218427,6,12,9,6,3,6,f,t,t,f,13.26481146,52.41926765
218425,2,11,15,2,2,0,f,f,f,t,13.46373072,52.51068661
218424,7,12,18,7,3,6,f,t,t,f,13.37060939,52.47042042
218423,1,12,10,3,3,5,f,t,f,f,13.37723259,52.55118807
218422,1,12,14,1,3,0,t,f,f,f,13.38358985,52.53013849
218420,2,12,16,7,2,5,t,t,f,f,13.39642275,52.49132395
218419,11,12,16,6,2,5,f,t,f,t,13.50570761,52.54644525
218417,12,12,10,5,3,5,f,t,f,f,13.3180961,52.58936114
218415,1,12,19,5,3,2,f,t,f,f,13.41474699,52.50764849
218414,12,12,9,2,3,0,f,f,f,f,13.29400554,52.57600679
218413,11,12,10,7,3,5,f,t,f,f,13.50564836,52.54878281
218412,8,11,16,3,3,2,t,t,f,f,13.43998737,52.47769015
218411,3,12,11,3,3,0,t,f,f,t,13.41711296,52.53287417
218409,5,12,17,3,3,2,f,t,f,f,13.18082878,52.50998421
218407,11,12,1,6,3,9,f,t,f,f,13.49334284,52.50159778
218406,8,12,18,2,3,6,f,f,t,f,13.44800532,52.47788289
218405,8,12,15,6,3,0,f,t,f,f,13.45585054,52.43037328
218402,11,12,14,5,3,5,f,t,f,f,13.51914709,52.50973892
218401,1,12,7,6,3,0,t,f,f,f,13.38528932,52.52014868
218400,1,12,20,2,2,6,f,t,t,f,13.35906251,52.54655273
218399,8,12,10,4,3,5,t,t,f,f,13.4324246,52.47014968
218398,7,12,16,2,2,5,t,t,f,f,13.34628313,52.49607774
218396,9,12,15,5,3,2,f,t,f,f,13.62597572,52.45916079
218395,1,12,17,6,3,5,t,t,f,f,13.38745344,52.53350142
218393,2,12,18,4,3,5,t,t,f,f,13.47259981,52.50866037
218390,7,12,19,1,3,6,f,t,t,f,13.340801,52.49931519
218389,1,12,17,3,3,2,f,t,f,f,13.34893186,52.51510609
218388,12,12,9,4,3,5,t,t,f,f,13.28592983,52.59513228
218386,9,12,17,5,3,5,f,t,f,f,13.53253629,52.42889421
218385,1,12,0,6,2,5,f,t,f,f,13.31599219,52.52588453
218383,1,12,15,7,3,6,t,f,t,f,13.41305236,52.50858393
218381,4,12,17,3,3,5,t,t,f,f,13.30073375,52.50321002
218380,9,12,10,5,3,2,f,t,f,f,13.51436245,52.46872474
218379,2,12,8,5,3,5,f,t,f,f,13.45232676,52.51249379
218378,6,12,18,6,3,6,t,f,t,f,13.26110303,52.43632537
218376,4,12,9,7,3,5,f,t,f,f,13.31443214,52.47340507
218375,4,11,6,3,3,2,f,t,f,f,13.2932244,52.53686995
218374,1,12,16,1,3,5,t,f,f,f,13.34331093,52.52641805
218373,12,12,16,4,3,1,f,f,f,t,13.3404565,52.56389391
218372,2,12,17,2,3,2,f,t,f,f,13.45327344,52.51581084
218370,4,12,16,3,3,6,f,t,t,f,13.32693229,52.49878934
218369,9,12,17,6,3,4,f,t,f,f,13.55322526,52.46969115
218368,10,12,16,5,3,2,f,t,f,f,13.60518377,52.53653211
218366,12,12,14,5,3,6,f,t,t,f,13.34128582,52.60001443
218365,2,12,8,2,3,2,f,t,f,f,13.42681458,52.49928979
218364,10,12,23,2,3,5,f,t,f,f,13.5910495,52.51413653
218363,6,12,21,4,2,6,f,t,t,f,13.30957101,52.43124315
218362,6,12,16,3,3,5,t,t,f,f,13.32637385,52.42772768
218360,4,12,17,4,3,6,f,t,t,f,13.29612754,52.50865342
218358,11,12,14,7,3,0,f,t,f,f,13.49395047,52.51441121
218355,4,12,15,3,3,0,t,f,f,f,13.33306479,52.49288181
218354,7,12,18,4,2,0,t,f,f,f,13.39721504,52.48387914
218353,4,12,19,4,3,2,f,t,f,f,13.33130044,52.49316082
218352,7,12,22,6,2,0,f,f,f,f,13.35309714,52.48990757
218350,2,12,14,5,2,6,f,t,t,f,13.40784989,52.50427249
218349,12,12,14,5,3,5,t,t,f,f,13.33485298,52.58706692
218347,4,11,19,2,3,6,f,t,t,f,13.28118044,52.4768698
218345,8,12,16,3,3,2,f,t,f,f,13.47274032,52.46483316
218343,7,12,8,6,3,4,t,t,f,f,13.35453629,52.49718296
218340,4,12,17,2,2,6,f,t,t,f,13.28850749,52.51891763
218339,9,12,15,3,3,5,t,t,f,f,13.57552638,52.44550501
218338,4,12,17,3,3,3,t,t,f,f,13.31953099,52.49969897
218336,1,12,6,6,3,5,f,t,f,f,13.39210135,52.50779465
218335,8,12,22,5,3,5,f,t,f,f,13.44216991,52.45645139
218333,6,11,19,2,3,0,t,f,f,f,13.28896465,52.44375054
218331,8,12,12,4,3,5,f,t,f,f,13.45239681,52.47280317
218330,12,12,11,6,3,5,f,t,f,f,13.29028564,52.65584592
218329,5,12,15,2,3,6,f,t,t,f,13.1652329,52.52148094
218327,8,12,9,6,3,2,f,t,f,f,13.47263898,52.46114939
218326,1,11,13,3,3,6,f,f,t,f,13.35626805,52.54898951
218325,11,12,21,1,2,8,f,t,f,f,13.51189127,52.5507771
218324,2,12,17,2,3,6,f,t,t,f,13.42318123,52.48674198
218322,9,12,12,4,3,1,f,t,f,f,13.55077033,52.45622631
218321,2,12,17,6,3,2,f,t,f,f,13.45755197,52.50393875
218319,7,12,8,5,3,0,t,f,f,f,13.41670876,52.45518697
218317,3,12,18,5,3,5,f,t,f,f,13.43274978,52.59624131
218316,8,12,12,2,3,5,f,t,f,f,13.41687705,52.41823199
218315,4,12,14,7,2,9,f,t,f,f,13.29367435,52.53391344
218314,9,12,14,5,3,5,f,t,f,f,13.48138146,52.46080962
218313,7,12,17,3,3,1,f,t,f,f,13.34004641,52.46766249
218311,12,12,20,5,3,2,f,t,f,f,13.32077477,52.56587168
218309,1,12,16,6,3,6,f,t,t,f,13.39159082,52.55173775
218306,3,12,17,2,2,6,f,t,t,f,13.437668,52.57087055
218305,12,12,18,3,3,5,f,t,f,f,13.33519173,52.58164566
218304,10,12,16,3,3,6,f,t,t,f,13.59272914,52.54844754
218302,12,12,13,5,3,3,f,t,f,f,13.32457347,52.56097145
218301,2,12,1,1,2,5,f,t,f,f,13.43549303,52.52177821
218299,3,11,17,3,2,5,t,t,f,f,13.39022253,52.58517742
218297,8,12,21,3,3,1,t,t,f,f,13.42970068,52.48636552
218296,9,12,15,1,3,0,f,t,f,f,13.48188632,52.46665636
218295,8,12,19,5,2,8,f,t,f,f,13.43518647,52.43606043
218294,7,12,12,3,3,0,f,t,f,t,13.39801757,52.46515994
218291,1,12,18,6,3,2,f,t,f,f,13.35482036,52.52742051
218290,6,12,1,1,3,8,f,t,f,f,13.35273929,52.44112325
218289,3,12,10,4,2,0,t,f,f,f,13.3972856,52.57972658
218288,1,12,14,1,2,5,f,t,f,t,13.34534706,52.53002639
218286,10,12,9,4,3,5,t,t,f,f,13.58740363,52.52262449
218285,7,12,9,7,3,1,f,t,f,f,13.37006083,52.46533206
218283,4,12,8,5,3,2,f,t,f,f,13.29618309,52.49249125
218280,5,12,17,2,3,3,f,t,f,f,13.20979917,52.54793274
218279,11,12,14,3,3,5,f,t,f,f,13.46787706,52.54647723
218278,7,12,15,5,3,5,f,t,f,f,13.41346209,52.46442287
218277,11,12,6,3,3,5,t,t,f,f,13.51317761,52.50524061
218274,5,12,14,7,3,5,f,t,f,f,13.19849137,52.54285381
218273,9,11,15,3,3,2,f,t,f,f,13.53746245,52.43521638
218272,6,12,17,2,2,6,f,t,t,f,13.29929766,52.41236077
218271,4,12,15,2,3,6,f,t,t,f,13.31428247,52.49033399
218269,9,12,15,4,3,6,f,t,t,f,13.56770712,52.44061838
218267,1,12,13,4,3,1,t,t,f,f,13.32989113,52.52453981
218265,9,12,16,5,3,2,f,t,f,f,13.47880373,52.47762135
218264,7,12,12,2,3,0,f,t,f,f,13.36091848,52.49443961
218263,9,12,15,7,3,2,f,t,f,f,13.54672885,52.42647716
218262,8,12,7,4,3,6,f,t,t,f,13.50180403,52.4180801
218261,6,12,11,3,3,6,f,t,t,f,13.30302488,52.42725425
218259,1,12,17,4,3,5,t,t,f,f,13.39114199,52.51454916
218258,11,12,17,5,3,6,f,t,t,f,13.50862698,52.56476865
218257,6,12,19,6,2,1,f,t,f,f,13.33842816,52.45258487
218255,1,12,21,6,2,5,f,t,f,f,13.40957161,52.52884681
218252,6,12,17,3,3,5,t,t,f,f,13.29857707,52.45764913
218251,4,12,11,3,3,2,f,t,f,f,13.28992792,52.4820586
218250,11,12,9,4,2,6,f,t,t,f,13.51935885,52.47713538
218248,4,12,19,5,3,5,t,t,f,f,13.31411359,52.4721202
218247,7,12,20,7,3,6,f,f,t,f,13.35251798,52.49790241
218245,8,11,16,2,3,6,f,t,t,f,13.47663288,52.46253889
218244,4,12,10,1,3,3,f,t,f,f,13.33027211,52.51313237
218243,6,12,9,4,3,6,f,f,t,t,13.29513047,52.44440102
218242,7,12,20,1,3,5,f,t,f,f,13.34448689,52.46493122
218240,9,12,12,5,3,0,f,t,f,f,13.59467099,52.42864275
218239,2,12,14,3,3,5,t,t,f,f,13.38937697,52.49596341
218236,1,12,13,5,3,2,f,t,f,f,13.41543359,52.50968728
218235,3,12,21,6,3,2,f,t,f,f,13.44974324,52.53700167
218234,12,12,21,2,3,5,f,t,f,t,13.30279717,52.5908717
218233,11,11,16,3,3,5,t,f,f,f,13.47786412,52.51018936
218232,7,12,10,2,2,6,f,t,t,f,13.4043081,52.403946
218230,9,12,14,4,3,6,f,t,t,f,13.57985373,52.45924201
218228,10,12,10,5,3,2,f,t,f,f,13.57590431,52.56088498
218225,6,12,14,2,3,0,f,f,f,t,13.31548524,52.44589248
218224,9,12,18,4,3,6,f,f,t,f,13.57985063,52.459236
218223,12,12,10,5,3,5,f,f,f,f,13.30927614,52.57872739
218222,3,12,6,4,2,2,t,f,f,f,13.39813671,52.56755109
218220,10,12,17,5,3,5,f,t,f,f,13.60136279,52.48258001
218219,11,12,14,5,3,5,t,t,f,f,13.51965164,52.5058593
218217,6,12,14,6,2,5,f,t,f,f,13.29444007,52.42701371
218215,8,12,16,3,3,5,f,t,f,f,13.43416736,52.4428048
218214,12,12,8,5,3,3,f,t,f,f,13.33262676,52.57736993
218213,7,12,11,5,3,5,f,t,f,f,13.39422345,52.42667041
218212,5,12,7,4,3,5,t,t,f,f,13.1934463,52.54905891
218211,1,12,14,3,3,1,t,t,f,f,13.40491439,52.53408772
218209,1,12,4,5,3,2,f,t,f,t,13.39286081,52.54244071
218208,6,12,18,5,3,1,t,t,f,f,13.32363504,52.46498199
218207,4,12,19,6,3,2,f,t,f,f,13.33276338,52.50404303
218205,2,12,15,7,3,6,f,t,t,f,13.39434303,52.49120677
218202,1,12,17,2,3,6,t,f,t,f,13.37974976,52.52261416
218201,6,12,8,5,1,6,f,f,t,f,13.27390024,52.43569101
218200,1,12,9,4,3,5,f,t,f,f,13.3424787,52.54734416
218198,4,12,12,5,3,5,t,t,f,f,13.31784132,52.48800935
218196,11,11,7,2,3,5,t,f,f,f,13.47975866,52.51621366
218195,4,12,19,7,3,6,f,t,t,f,13.32254572,52.48662087
218194,3,12,0,3,3,1,f,t,f,f,13.48404804,52.61340642
218193,7,12,22,1,3,2,f,t,f,f,13.34622937,52.49691264
218191,2,12,16,4,3,5,f,t,f,t,13.37928278,52.48964423
218187,2,12,8,6,3,5,t,t,f,f,13.38902943,52.48978784
218186,2,12,13,7,3,2,f,t,f,f,13.44013503,52.51549145
218185,10,12,22,4,3,0,f,f,f,f,13.55754883,52.52744117
218184,1,12,8,2,2,2,f,t,f,f,13.3862103,52.55850703
218182,6,12,15,5,2,1,f,t,f,f,13.34054375,52.43329309
218180,1,12,16,7,2,6,f,t,t,f,13.35770343,52.52595087
218177,1,12,18,3,3,2,f,t,f,f,13.3399292,52.51892671
218176,4,12,0,3,3,1,f,t,f,f,13.33272375,52.49924601
218175,1,12,14,4,3,6,f,t,t,f,13.35069274,52.55803189
218173,7,12,18,5,3,2,f,t,f,t,13.33767273,52.4670776
218172,10,12,10,6,3,5,f,t,f,f,13.6007886,52.53841232
218170,11,11,18,3,3,5,f,t,f,f,13.49173592,52.53417948
218168,10,12,13,4,3,5,f,t,f,f,13.6393231,52.52585541
218167,3,12,17,5,3,5,t,t,f,f,13.43255313,52.55771837
218166,7,12,17,6,3,1,t,t,f,f,13.37685555,52.4620702
218165,10,12,14,6,3,6,t,f,t,f,13.60343529,52.54243405
218163,10,12,16,6,3,5,t,t,f,f,13.59899829,52.52825262
218162,11,12,5,4,3,5,t,t,f,f,13.52806849,52.55687855
218161,4,12,15,1,2,5,f,t,f,f,13.28330744,52.5185124
218160,5,12,15,2,3,2,f,t,f,f,13.19193419,52.54624533
218158,1,12,11,3,3,5,t,t,f,f,13.39885781,52.54247391
218157,1,12,9,7,2,6,f,f,t,f,13.3653438,52.55710505
218155,12,12,7,6,3,6,f,t,t,f,13.36067023,52.59692238
218153,9,12,10,6,3,5,f,t,f,f,13.62218267,52.44655803
218152,1,12,8,2,2,0,f,f,f,f,13.41679552,52.52383491
218151,6,12,16,1,3,0,f,t,f,f,13.34158073,52.44736527
218150,12,10,8,7,2,9,f,f,f,t,13.22632176,52.58302376
218149,8,10,14,7,3,5,t,t,f,f,13.45459483,52.47455955
218148,8,11,9,3,3,5,t,t,f,f,13.44258075,52.48040159
218147,3,11,18,5,3,5,t,f,f,t,13.41315591,52.54768283
218146,11,10,16,6,3,5,t,t,f,f,13.55596081,52.57028005
218145,4,10,22,6,3,5,f,t,f,f,13.29850485,52.53510386
218144,2,10,11,3,3,5,f,t,f,t,13.4649341,52.50959497
218143,8,10,21,3,3,6,f,t,t,f,13.42669492,52.48743613
218142,6,10,20,2,3,1,f,t,f,f,13.31231889,52.41426285
218141,11,11,12,3,2,5,t,t,f,f,13.52708647,52.49214567
218140,4,10,8,4,3,6,f,t,t,f,13.31392035,52.46718252
218139,3,11,12,6,3,0,t,t,f,f,13.45904596,52.52929441
218138,9,11,11,1,3,0,f,f,f,t,13.57288133,52.42790855
218137,9,11,10,4,3,1,t,t,f,f,13.59232889,52.46185771
218136,1,11,16,7,3,5,t,t,f,f,13.38479407,52.55074534
218135,5,10,3,5,3,9,f,f,f,f,13.1476825,52.53275557
218134,2,10,11,2,2,5,f,t,f,t,13.38208041,52.48499872
218133,1,10,7,1,3,5,f,t,f,t,13.41961536,52.50615338
218132,10,11,16,4,2,5,f,t,f,t,13.59258545,52.54754977
218131,7,11,17,6,3,3,t,t,f,f,13.33306642,52.46929333
218130,7,10,8,2,3,5,f,t,f,t,13.37595863,52.45769177
218129,12,10,7,4,3,2,f,f,f,t,13.3337088,52.59557157
218128,6,11,13,4,3,1,f,f,f,t,13.31857699,52.46360396
218127,1,11,8,4,3,2,t,t,f,f,13.38533092,52.55031593
218126,4,10,19,4,3,1,t,t,f,f,13.31607743,52.50623803
218125,5,10,13,5,3,0,t,f,t,f,13.16022606,52.54857861
218124,4,10,10,6,3,0,f,t,f,t,13.27986912,52.52088162
218123,11,11,9,2,3,5,t,t,f,f,13.52339093,52.50952456
218122,5,11,18,5,3,5,f,t,f,f,13.19155902,52.5461404
218121,3,11,7,3,3,2,f,t,f,f,13.41399953,52.55362816
218120,11,10,16,7,3,5,t,f,f,t,13.50582435,52.54650541
218119,2,10,13,5,3,5,f,t,f,t,13.4266977,52.5157232
218118,6,10,17,3,2,5,f,t,f,f,13.34256796,52.43446929
218117,10,11,17,2,3,6,f,f,t,f,13.59987684,52.47515514
218116,1,11,10,5,3,5,t,t,f,f,13.37643947,52.51009263
218115,3,11,21,1,3,2,f,t,f,f,13.45737199,52.5287008
218114,1,10,10,3,3,2,f,t,f,f,13.38620355,52.54962354
218113,3,11,18,7,3,1,f,t,f,f,13.49551879,52.64380711
218112,10,10,15,5,3,5,f,t,f,f,13.55701205,52.53439955
218111,11,10,13,6,3,2,f,t,f,f,13.47625163,52.53310086
218110,1,10,16,6,3,0,f,t,f,t,13.39461445,52.54585171
218109,1,10,16,6,3,6,f,f,t,f,13.39995388,52.52956532
218108,1,11,14,2,3,5,f,t,f,f,13.36540567,52.55711049
218107,9,11,8,6,3,5,f,t,f,f,13.48623552,52.47522627
218106,3,11,8,4,3,6,f,f,t,f,13.41159065,52.58228444
218105,5,10,15,6,3,2,f,t,f,f,13.12869533,52.52729371
218104,7,10,11,3,3,5,f,t,f,f,13.37092637,52.4092807
218103,5,10,6,4,3,5,t,t,f,f,13.2053531,52.54177811
218102,12,11,9,2,3,6,f,t,t,f,13.32831681,52.56544439
218101,4,10,11,3,3,0,t,f,f,f,13.30833082,52.50021352
218100,3,10,12,4,3,2,t,f,f,f,13.44370802,52.53954104
218099,8,11,16,7,3,5,t,t,f,f,13.43427703,52.46318898
218098,8,11,16,2,3,5,t,t,f,f,13.43815504,52.46707035
218097,8,11,6,3,2,5,f,t,f,f,13.45236899,52.48121275
218096,11,11,15,2,3,2,f,t,f,f,13.47148395,52.53814206
218095,10,10,10,7,3,5,f,t,f,f,13.53977651,52.53982701
218094,9,10,10,7,2,6,f,t,t,f,13.56622931,52.44515095
218093,4,11,14,3,3,2,f,t,f,f,13.3195374,52.47168472
218092,12,11,18,5,3,5,t,t,f,f,13.3066448,52.55522514
218091,8,10,0,1,3,2,f,t,f,f,13.45241784,52.47114171
218090,7,10,12,4,3,2,f,t,f,f,13.3480451,52.4650319
218089,4,10,4,3,3,0,f,f,f,t,13.30790372,52.48860706
218088,7,10,16,2,2,7,t,f,f,f,13.35899668,52.49832157
218087,12,11,18,4,3,0,t,t,f,f,13.28384485,52.58297666
218086,4,11,18,3,3,6,f,t,t,f,13.30907791,52.51654154
218085,3,10,15,4,3,5,t,t,f,f,13.47800545,52.55568763
218084,8,10,13,6,3,1,f,t,f,f,13.46740459,52.43373719
218083,12,11,15,6,3,2,f,t,f,f,13.32140327,52.56038815
218082,2,11,13,2,3,0,t,t,f,f,13.46692237,52.52014127
218081,2,11,14,4,3,3,t,t,f,f,13.37567937,52.48503702
218080,4,11,9,3,3,5,t,t,f,f,13.32266058,52.48817396
218079,6,10,11,7,3,5,t,t,f,f,13.25291639,52.42585741
218078,11,10,8,4,3,2,f,t,f,t,13.47659825,52.53270194
218077,3,10,11,2,3,1,f,t,f,f,13.45117267,52.53555284
218076,12,11,7,2,3,5,t,t,f,f,13.35823008,52.56938718
218075,7,11,17,4,3,2,f,t,f,f,13.34485788,52.48914047
218074,8,11,13,6,3,2,f,t,f,f,13.46246208,52.46921973
218073,4,10,15,3,2,5,f,t,f,f,13.29955554,52.51940771
218072,2,10,16,5,3,0,t,t,f,f,13.46715949,52.5079638
218071,5,11,14,6,2,6,f,t,t,f,13.27260029,52.53693046
218070,10,11,6,3,3,1,f,t,f,f,13.58452532,52.51531071
218069,1,10,9,5,3,2,f,t,f,t,13.40884968,52.52420214
218068,1,10,20,7,3,5,f,t,f,t,13.37778564,52.5079322
218067,5,10,12,1,2,4,f,t,f,f,13.20513542,52.55566875
218066,5,10,6,6,3,2,f,t,f,t,13.22933917,52.52809962
218065,4,11,15,2,3,2,f,t,f,t,13.32524138,52.50245154
218064,3,11,13,5,3,5,f,t,f,f,13.41842557,52.55500541
218063,8,11,10,5,3,0,f,t,f,f,13.4272378,52.47510983
218062,1,10,23,1,3,5,t,f,f,f,13.40007279,52.52882024
218061,4,10,13,5,3,5,f,t,f,f,13.2581635,52.52057784
218060,8,10,13,3,2,2,f,t,f,f,13.45692195,52.45333793
218059,4,11,19,2,3,0,t,t,f,f,13.30241225,52.50686257
218058,3,11,9,5,3,5,t,t,f,f,13.36872494,52.58798055
218057,3,11,18,7,3,5,f,t,f,f,13.43031023,52.52878907
218056,8,10,7,3,2,5,t,t,f,f,13.48357462,52.43127338
218055,3,10,7,4,3,2,t,f,f,f,13.4120663,52.53111379
218054,5,11,17,7,3,6,f,t,t,f,13.20828984,52.56150633
218053,2,11,20,1,3,6,f,t,t,f,13.38226704,52.48997906
218052,4,10,19,5,3,1,t,t,f,f,13.30942772,52.51115016
218051,1,10,12,6,3,5,t,t,f,f,13.39496255,52.52804734
218050,8,10,9,4,3,1,t,t,f,f,13.4449174,52.45297464
218049,1,11,20,6,3,6,t,f,t,f,13.35908649,52.53404817
218048,7,11,17,3,3,2,t,t,f,f,13.35963683,52.41906254
218047,11,10,15,5,3,5,t,t,f,f,13.52546916,52.48155078
218046,2,10,8,6,3,5,f,t,f,f,13.44158966,52.51579785
218045,11,10,10,1,3,2,f,t,f,t,13.48535039,52.53108746
218044,3,10,9,6,3,5,t,t,f,f,13.43460346,52.54960693
218043,1,11,11,2,2,3,f,t,f,t,13.3989748,52.53913891
218042,11,11,13,5,3,3,f,t,f,f,13.49178089,52.4919501
218041,3,11,8,3,3,5,f,t,f,t,13.40021258,52.58043003
218040,5,10,16,1,2,8,t,t,f,f,13.18203255,52.4823519
218039,1,10,17,5,3,2,f,f,f,t,13.33876917,52.54370908
218038,10,10,11,2,2,6,f,t,t,f,13.59163099,52.50684848
218037,9,11,16,2,3,2,f,t,f,f,13.4790129,52.45894416
218036,4,11,20,5,3,2,f,t,f,f,13.27976179,52.51829372
218035,1,11,16,1,3,2,f,t,f,f,13.39553789,52.55505696
218034,1,10,9,2,3,5,f,t,f,f,13.34673971,52.5402642
218033,6,10,16,1,3,5,f,t,f,f,13.29456643,52.42707201
218032,9,11,20,7,3,6,f,t,t,f,13.478569,52.4774961
218031,7,11,19,1,2,5,f,t,f,f,13.37090027,52.40917205
218030,10,10,7,5,3,5,f,t,f,f,13.55612261,52.52007708
218029,3,10,12,6,3,6,f,t,t,f,13.45637575,52.53024568
218028,11,10,7,2,3,5,f,f,f,f,13.49965943,52.52444851
218027,8,10,18,6,3,2,f,t,f,f,13.43815179,52.48257301
218026,10,11,9,3,3,2,f,t,f,f,13.56191578,52.54975614
218025,6,11,8,4,3,0,t,f,f,f,13.30852417,52.4441729
218024,4,10,12,6,3,2,f,t,f,t,13.30764046,52.49998457
218023,9,10,14,3,3,5,f,t,f,f,13.53311015,52.43376102
218022,8,10,6,4,3,5,f,t,t,f,13.42117876,52.48020349
218021,1,10,10,3,2,5,t,f,f,f,13.40946721,52.52886778
218020,4,10,9,2,3,5,t,t,f,f,13.32552833,52.49806809
218019,12,11,16,2,3,5,t,t,f,f,13.31395729,52.57673185
218018,8,10,20,3,3,2,t,t,f,f,13.43846093,52.46720179
218017,11,10,16,4,3,2,f,f,f,t,13.47370386,52.53602738
218016,12,11,14,1,3,3,f,t,f,f,13.30691665,52.55495332
218015,12,11,7,3,3,5,f,t,f,f,13.33948659,52.56398355
218014,11,11,16,7,2,0,f,f,f,t,13.52708985,52.56932554
218013,5,10,22,7,3,5,f,t,f,f,13.22724605,52.54947433
218012,10,10,15,7,2,5,f,t,f,f,13.53714809,52.5344868
218011,4,11,17,4,3,6,f,t,t,f,13.28930439,52.50650463
218010,10,11,8,7,3,0,f,f,f,t,13.57238447,52.5053555
218009,1,10,22,1,3,6,f,t,t,f,13.40362705,52.52565476
218008,4,10,14,4,3,3,f,t,f,f,13.28103969,52.47696757
218007,9,10,8,3,3,0,f,t,f,t,13.62499647,52.44682349
218006,9,11,19,4,2,5,t,f,f,t,13.62705147,52.44674347
218005,4,11,19,3,3,6,f,t,t,f,13.31302029,52.48027672
218004,2,10,16,5,3,5,t,t,f,f,13.39505167,52.50306522
218003,8,10,12,5,3,5,f,t,f,t,13.42456264,52.47583143
218002,7,11,17,6,3,2,f,t,f,f,13.3685892,52.48435537
218001,5,11,12,2,3,2,f,t,f,f,13.19836232,52.54286565
218000,9,11,18,4,3,0,t,f,f,f,13.58803638,52.44543781
217999,3,11,18,2,3,5,t,t,f,f,13.41355387,52.5476486
217998,1,10,9,7,3,0,f,f,f,t,13.35711628,52.52458328
217997,7,10,14,4,3,2,f,t,f,f,13.37679563,52.477039
217996,4,10,8,2,3,5,f,t,f,f,13.26181026,52.51875196
217995,1,10,16,1,3,4,t,f,f,f,13.41831032,52.51683091
217994,1,11,2,5,3,5,f,t,f,f,13.39099207,52.51565129
217993,11,11,15,7,3,5,f,t,f,t,13.47340154,52.52304327
217992,7,10,21,2,3,5,f,t,f,f,13.38544545,52.46609599
217991,5,10,11,5,1,6,f,f,t,f,13.26726524,52.53677704
217990,5,11,12,6,3,2,f,t,f,t,13.183132,52.51831104
217989,3,11,15,4,3,5,f,t,f,f,13.43019683,52.58857029
217988,3,10,18,5,3,5,t,t,f,f,13.46114425,52.52974526
217987,1,10,18,4,3,1,t,t,f,f,13.40858975,52.52428863
217986,8,10,22,7,3,2,f,t,f,f,13.44672174,52.42685806
217985,3,10,8,6,3,5,t,t,f,f,13.45781029,52.52903901
217984,1,11,19,2,2,2,f,t,f,t,13.38562127,52.55014295
217983,6,11,17,5,3,6,f,t,t,f,13.34388691,52.43520243
217982,2,11,6,3,3,0,f,t,f,t,13.45818524,52.49957546
217981,11,10,10,1,3,5,f,t,f,t,13.52975006,52.56989719
217980,8,10,14,5,3,5,f,t,f,t,13.49040982,52.42783928
217979,12,10,14,3,3,5,t,t,f,f,13.31139652,52.59304624
217978,3,10,8,3,3,0,f,f,f,t,13.40089973,52.5695053
217977,5,11,15,2,3,6,f,f,t,f,13.1913532,52.53230585
217976,3,11,19,7,3,0,t,f,f,f,13.44029522,52.55603207
217975,4,11,8,2,3,5,t,t,f,f,13.33602753,52.51421852
217974,3,10,11,3,3,5,f,t,f,f,13.46057699,52.59363209
217973,6,10,8,4,3,5,t,t,f,f,13.33740531,52.46259332
217972,6,11,18,7,3,1,f,t,f,f,13.34093095,52.43351378
217971,3,11,14,1,3,1,t,t,f,f,13.43560483,52.54255903
217970,8,11,8,3,3,0,t,t,f,f,13.44203254,52.47391151
217969,12,11,13,7,3,1,t,t,f,f,13.36656166,52.56392208
217968,11,10,11,6,3,5,f,t,f,t,13.50192926,52.55810131
217967,2,10,2,6,2,0,f,f,f,t,13.39968482,52.49393012
217966,3,10,14,2,3,6,f,t,t,f,13.44227365,52.59104849
217965,3,10,23,6,3,1,t,t,f,f,13.4137951,52.5423837
217964,11,11,9,3,3,2,f,t,f,f,13.51655786,52.55200968
217963,10,11,8,5,3,5,t,t,f,f,13.57350027,52.54652869
217962,9,10,14,6,3,5,t,t,f,f,13.48700389,52.46552381
217961,4,10,14,6,3,2,t,t,f,f,13.31205674,52.50632134
217960,5,10,16,3,2,5,t,t,f,f,13.19953227,52.53488008
217959,11,10,16,3,3,1,t,f,f,f,13.493281,52.54485322
217958,1,11,8,3,3,0,t,f,f,t,13.41574317,52.52669911
217957,8,10,21,4,3,6,f,t,t,f,13.43049149,52.46432957
217956,12,10,8,4,3,2,f,t,f,f,13.34784239,52.57849934
217955,4,10,20,1,3,5,f,t,f,f,13.29312735,52.53453253
217954,8,11,14,6,3,6,f,t,t,f,13.43922814,52.48037888
217953,10,11,21,7,3,6,f,t,t,f,13.51693025,52.53570218
217952,7,11,9,4,3,1,t,t,f,f,13.33873132,52.46743925
217951,11,11,14,7,3,2,f,t,f,f,13.52158287,52.50152252
217950,7,10,16,1,3,2,f,t,f,f,13.39687626,52.4416982
217949,10,10,4,1,3,9,f,t,f,f,13.57832561,52.56624903
217948,12,11,7,5,3,6,f,t,t,f,13.37816924,52.56520394
217947,1,11,14,6,3,0,t,f,f,f,13.38493317,52.53230241
217946,12,10,19,1,3,5,f,t,f,f,13.36457493,52.56269862
217945,6,10,13,4,3,0,f,t,f,t,13.33934775,52.46152904
217944,4,11,21,5,3,5,f,t,f,t,13.32268216,52.48835897
217943,6,10,12,2,3,5,t,t,f,f,13.23240479,52.43764858
217942,1,10,14,6,3,2,f,t,f,f,13.3570834,52.52354714
217941,9,11,7,4,3,5,f,t,f,f,13.6044026,52.45243554
217940,8,11,14,5,3,6,f,f,t,f,13.43015349,52.48142012
217939,7,10,7,7,3,0,f,t,f,f,13.34799814,52.5022838
217938,2,10,18,3,3,6,t,f,t,f,13.46997986,52.50634014
217937,8,10,15,4,3,4,f,t,f,f,13.43122135,52.48456313
217936,5,10,18,2,3,2,f,t,f,f,13.12193661,52.52875771
217935,6,11,14,2,3,1,f,t,f,t,13.34361488,52.4588665
217934,7,10,13,4,2,6,t,f,t,f,13.35972414,52.41890838
217933,3,11,17,1,3,2,f,t,f,f,13.45746045,52.5612475
217932,4,11,15,4,3,5,t,t,f,f,13.31881632,52.51920785
217931,9,11,13,7,3,2,t,t,f,f,13.57123625,52.40151287
217930,3,10,11,7,2,1,t,t,f,f,13.40232939,52.56672751
217929,5,10,14,7,3,4,t,f,f,f,13.22798217,52.53792556
217928,4,11,19,5,3,1,t,t,f,f,13.30505126,52.49581389
217927,1,11,6,6,3,0,f,t,f,f,13.37053492,52.52677163
217926,11,10,13,1,3,1,t,t,f,f,13.49093223,52.52655399
217925,3,10,16,4,3,5,t,t,f,f,13.37867873,52.57492395
217924,1,11,11,5,3,2,f,f,f,t,13.38978625,52.53175407
217923,11,11,23,3,3,1,f,t,f,f,13.50565423,52.50901053
217922,8,10,14,5,3,5,t,t,f,f,13.43554468,52.48069031
217921,2,10,9,5,3,0,f,f,f,t,13.45238404,52.51248438
217920,10,10,4,2,3,5,f,t,f,f,13.57278714,52.55018203
217919,7,11,10,6,3,6,f,f,t,f,13.34473315,52.46265523
217918,8,11,17,1,3,2,f,t,f,f,13.43275018,52.46494905
217917,1,11,13,5,3,2,f,f,f,f,13.35675868,52.55313693
217916,10,11,15,2,3,5,f,t,f,f,13.60145897,52.48186428
217915,2,10,15,7,3,5,f,t,f,f,13.39941554,52.49828752
217914,4,10,12,5,3,5,t,t,f,f,13.28013138,52.51976111
217913,11,10,6,2,3,5,t,t,f,f,13.51173038,52.51314073
217912,12,11,6,2,3,5,t,t,f,f,13.35875652,52.59682299
217911,11,11,11,5,2,5,f,t,f,f,13.52811113,52.55699601
217910,2,11,11,7,2,5,t,t,f,f,13.39440272,52.50691914
217909,4,10,19,3,3,1,f,t,f,f,13.3167378,52.51428215
217908,1,10,1,5,3,1,t,t,f,f,13.34866832,52.53498653
217907,5,11,17,6,2,5,f,t,f,t,13.16796744,52.55075914
217906,2,10,20,5,3,5,t,t,f,f,13.41029524,52.50378415
217905,9,10,15,4,3,2,f,t,f,f,13.71941115,52.43137866
217904,5,10,10,7,3,2,f,t,f,f,13.20873701,52.56536304
217903,6,10,8,5,3,5,f,t,f,f,13.29455596,52.42693942
217902,2,11,13,2,2,5,t,t,f,f,13.43752333,52.51105933
217901,8,11,16,5,3,2,f,t,f,f,13.41035633,52.41677544
217900,2,11,22,4,3,1,t,t,f,f,13.46122677,52.50869461
217899,11,10,13,7,2,3,f,t,f,t,13.48603509,52.57728863
217898,1,10,8,5,3,2,f,t,f,f,13.39292217,52.54236051
217897,9,10,14,3,2,5,f,t,f,t,13.5269814,52.42457145
217896,8,11,15,3,3,5,f,t,f,f,13.44806489,52.43696283
217895,3,11,10,6,3,0,t,f,f,f,13.43434827,52.54970556
217894,11,11,14,2,3,6,f,f,t,f,13.51325201,52.56644973
217893,1,10,9,2,3,0,t,f,f,f,13.34240298,52.50589065
217892,9,10,7,4,3,8,f,t,f,f,13.64790515,52.35265845
217891,4,10,18,2,3,0,f,f,f,f,13.3310275,52.49490148
217890,7,11,14,7,3,6,f,t,t,f,13.37570229,52.41489587
217889,1,11,18,2,3,2,f,t,f,t,13.34154288,52.53225699
217888,5,11,21,3,3,8,f,t,f,f,13.24777131,52.54726278
217887,1,11,9,6,3,2,f,t,f,f,13.34926497,52.50317947
217886,8,10,18,6,2,5,f,t,f,t,13.50345017,52.41162323
217885,8,10,12,1,3,5,f,t,f,t,13.43693558,52.41741798
217884,10,10,12,7,3,0,f,t,f,f,13.55866767,52.48130723
217883,3,11,9,3,3,4,t,t,f,f,13.41884704,52.55115178
217882,3,11,12,5,3,5,t,t,f,f,13.42671293,52.56502994
217881,7,10,9,7,3,5,f,t,f,f,13.37221997,52.4697315
217880,3,10,22,6,3,6,f,f,t,f,13.48687539,52.55646368
217879,9,10,12,3,3,0,f,t,f,t,13.52641724,52.42460177
217878,1,10,8,4,3,5,t,t,f,f,13.34492472,52.53907704
217877,2,10,19,2,3,1,t,t,f,f,13.4523427,52.52491756
217876,8,11,10,3,3,5,f,t,f,t,13.4791665,52.43675718
217875,1,10,6,4,3,6,f,f,t,t,13.39356313,52.54128315
217874,1,10,9,4,3,6,f,f,t,f,13.40959991,52.51952192
217873,5,11,17,6,2,6,f,t,t,f,13.17500298,52.52393129
217872,9,11,10,1,2,5,f,t,f,f,13.55438171,52.45569511
217871,4,11,14,4,3,5,t,t,f,f,13.28503043,52.51872139
217870,11,11,1,1,3,0,t,f,f,f,13.47552167,52.50262243
217869,6,10,15,4,2,6,f,t,t,f,13.34346646,52.4349573
217868,10,10,16,2,3,5,t,t,f,f,13.58687057,52.51231843
217867,1,10,19,1,3,5,f,t,f,f,13.31440897,52.53025517
217866,12,11,7,4,3,1,f,t,f,f,13.33009012,52.58689417
217865,3,11,9,6,3,6,f,t,t,f,13.40951853,52.54735414
217864,1,10,9,2,3,5,f,t,f,f,13.34970019,52.5030746
217863,1,10,12,4,3,5,t,f,f,f,13.379491,52.52340233
217862,4,11,16,5,3,6,f,t,t,f,13.28675244,52.53671815
217861,2,11,14,4,2,0,f,t,f,t,13.41983134,52.49639067
217860,8,10,9,5,2,6,f,f,t,t,13.43548543,52.48088961
217859,9,10,6,5,2,6,t,f,t,f,13.44860032,52.48813053
217858,1,10,11,6,2,0,f,f,f,t,13.3718762,52.50909365
217857,1,11,19,2,3,1,t,t,f,f,13.37273847,52.53840513
217856,4,11,17,5,3,6,f,t,t,f,13.3065373,52.52874877
217855,1,11,7,2,3,0,t,t,f,f,13.37668647,52.50840008
217854,11,10,17,7,3,5,t,t,f,f,13.5188032,52.50933317
217853,7,10,8,5,3,5,t,t,f,f,13.36343586,52.47862837
217852,2,10,8,3,2,0,f,t,f,t,13.44989447,52.51289388
217851,4,11,17,2,3,6,f,t,t,f,13.3205333,52.4992207
217850,2,11,19,5,3,0,f,f,t,t,13.40223951,52.50381189
217849,12,11,10,7,3,5,f,t,f,f,13.22610274,52.587207
217848,1,10,10,3,3,6,f,t,t,f,13.40060993,52.53049905
217847,8,11,13,5,3,5,t,t,f,f,13.4368387,52.46516285
217846,10,10,19,5,2,6,f,f,t,f,13.56803984,52.54527309
217845,6,10,18,6,3,6,f,t,t,f,13.34560149,52.43618837
217844,4,10,16,6,3,2,f,t,f,f,13.29538675,52.51931257
217843,2,10,20,6,3,5,t,t,f,f,13.43768295,52.50034193
217842,4,11,16,3,3,0,f,f,f,t,13.31240657,52.4915879
217841,2,11,18,5,3,8,f,t,f,f,13.4315377,52.49685089
217840,5,11,17,4,3,5,f,t,f,t,13.18477039,52.52697096
217839,5,10,18,1,3,2,t,f,f,t,13.20795482,52.5576881
217838,1,11,8,4,3,5,t,t,f,f,13.37375783,52.52418594
217837,1,10,16,5,3,3,f,t,f,f,13.38799844,52.52187829
217836,1,10,14,5,3,2,f,t,f,f,13.35122572,52.50466472
217835,1,10,12,6,3,2,t,f,f,f,13.411013,52.52787424
217834,11,11,9,2,3,2,f,t,f,f,13.51656345,52.55201126
217833,5,11,18,5,3,5,f,t,f,f,13.19704577,52.53832298
217832,4,11,10,2,3,5,t,t,f,f,13.30155862,52.49450269
217831,9,10,17,7,3,0,t,f,f,f,13.5883239,52.41858218
217830,1,10,11,5,3,6,f,t,t,f,13.34320618,52.53202683
217829,5,10,7,2,3,5,f,t,f,t,13.26492522,52.53666072
217828,9,11,10,2,2,6,f,f,t,t,13.4846966,52.46361854
217827,11,11,12,5,3,5,t,t,f,f,13.47143742,52.53549986
217826,9,11,21,7,3,5,f,t,f,f,13.58308838,52.45536006
217825,10,10,9,3,3,5,f,f,f,f,13.5366765,52.5396342
217824,4,10,17,5,3,1,f,t,f,f,13.32348504,52.51586753
217823,6,11,15,7,3,5,f,t,f,f,13.32239085,52.45064055
217822,1,10,8,6,3,1,t,f,f,f,13.33809646,52.51960817
217821,2,10,18,6,3,3,f,f,f,f,13.39445719,52.50112152
217820,10,10,16,6,3,5,f,t,f,f,13.61288436,52.50616805
217819,4,10,17,7,3,5,f,t,f,t,13.31316453,52.50141493
217818,2,11,7,3,3,5,t,t,f,f,13.44189408,52.50126515
217817,11,11,6,6,1,6,f,f,t,f,13.48512573,52.5335046
217816,5,11,16,4,3,5,f,t,f,f,13.17184121,52.54994827
217815,3,10,12,1,2,6,f,f,t,t,13.44160629,52.53227121
217814,3,10,16,5,3,0,t,f,f,f,13.41807035,52.54637038
217813,9,10,16,3,3,6,f,f,t,f,13.50243452,52.44374089
217812,8,11,19,6,3,2,f,t,f,f,13.43065027,52.46863511
217811,3,11,20,2,2,6,f,t,t,f,13.46538812,52.55755225
217810,2,10,9,3,3,2,f,t,f,f,13.43024187,52.52329511
217809,2,11,20,7,3,5,f,t,t,f,13.42209391,52.49298978
217808,12,11,12,1,2,5,t,t,f,f,13.33111867,52.59481643
217807,1,11,16,4,3,5,f,t,f,f,13.36217995,52.55200887
217806,6,11,16,6,3,5,t,t,f,f,13.22978282,52.43076047
217805,8,10,11,6,3,1,t,f,f,f,13.43965167,52.48153529
217804,3,10,11,7,2,5,f,t,f,t,13.47607997,52.60545825
217803,4,10,18,7,3,5,t,t,f,f,13.29522835,52.5068658
217802,4,11,18,3,3,2,f,t,f,f,13.33739043,52.50377876
217801,10,11,18,5,3,6,f,t,t,f,13.52700336,52.51620061
217800,3,10,12,7,3,5,f,t,f,f,13.41348286,52.54765484
217799,7,10,14,6,3,5,f,t,f,f,13.3891474,52.39847583
217798,11,10,15,3,3,2,f,t,f,f,13.51423234,52.53514613
217797,11,10,4,4,2,5,f,t,f,t,13.50296938,52.55442785
217796,1,10,8,3,3,0,t,f,f,f,13.38512094,52.53113123
217795,2,11,17,5,3,3,t,t,f,f,13.40909382,52.50154896
217794,8,11,18,3,3,5,t,t,f,f,13.43794409,52.48809399
217793,5,10,7,4,3,5,t,t,f,f,13.17711955,52.52542344
217792,2,10,18,4,3,1,f,t,f,f,13.46593307,52.50491261
217791,8,11,23,6,3,2,f,t,f,f,13.47785428,52.4100837
217790,9,11,16,7,3,3,f,t,f,f,13.55204881,52.43000047
217789,7,11,15,4,3,5,t,f,f,f,13.3615403,52.41241146
217788,12,11,21,1,3,5,f,t,f,f,13.36438302,52.56265206
217787,8,10,8,7,2,5,f,t,f,f,13.49529859,52.43165729
217786,2,10,17,4,3,5,f,t,f,f,13.46690205,52.52009893
217785,4,10,5,1,3,8,f,t,f,f,13.3003909,52.5225986
217784,5,10,20,1,3,2,f,t,f,f,13.14800759,52.53281781
217783,5,11,15,5,3,2,f,t,f,f,13.15805007,52.53316738
217782,10,11,15,6,3,5,f,t,f,f,13.5171384,52.53547129
217781,2,10,18,7,3,2,f,t,f,f,13.40209357,52.4925227
217780,3,10,18,5,3,6,f,t,t,f,13.40663536,52.56540543
217779,3,11,18,5,2,5,t,f,f,f,13.42698872,52.56433822
217778,1,11,5,3,3,2,f,t,f,f,13.38359147,52.55577974
217777,4,10,14,5,3,5,t,t,f,f,13.31729591,52.51216606
217776,10,10,14,5,3,5,t,t,f,f,13.60555366,52.48780172
217775,3,10,15,5,3,2,t,t,f,f,13.45951335,52.64604121
217774,1,11,7,2,3,2,f,t,f,f,13.36002814,52.5371801
217773,7,11,16,5,3,1,t,t,f,f,13.33529722,52.4737629
217772,7,11,12,3,3,5,f,t,f,f,13.36049041,52.41050147
217771,11,10,12,2,3,5,f,t,f,f,13.47790292,52.51463855
217770,12,10,8,5,3,5,f,t,f,t,13.34514037,52.58129556
217769,11,10,7,3,3,6,f,t,t,f,13.47949415,52.52687124
217768,4,11,16,3,3,2,f,t,f,f,13.22327074,52.51023274
217767,10,11,12,5,3,5,t,t,f,f,13.61992887,52.53953529
217766,3,11,16,1,3,5,f,t,f,f,13.36995187,52.58934391
217765,1,10,8,2,3,6,t,f,t,f,13.34759624,52.50699081
217764,2,10,19,2,3,5,f,t,f,f,13.44064035,52.51711811
217763,1,11,16,7,3,6,f,t,t,f,13.37774713,52.50786628
217762,6,10,18,5,3,6,f,t,t,f,13.29079102,52.44829785
217761,4,10,0,7,2,8,f,t,f,f,13.31360417,52.51534384
217760,12,10,20,6,3,0,f,t,f,t,13.32626982,52.60861904
217759,1,10,15,6,3,6,t,f,t,f,13.34670603,52.51942919
217758,5,11,15,2,3,5,f,t,f,f,13.19955568,52.53468017
217757,4,11,7,6,3,1,t,t,f,f,13.30094947,52.50509562
217756,9,11,17,4,3,6,f,f,t,f,13.51352629,52.46256485
217755,4,10,0,6,3,0,t,f,f,f,13.33886339,52.50268646
217754,11,10,10,3,3,5,f,t,f,f,13.49982712,52.53437321
217753,8,10,19,3,3,1,t,t,f,f,13.43834645,52.48267346
217752,12,11,12,3,3,5,f,t,f,t,13.33774443,52.6114735
217751,4,10,7,3,3,1,t,t,f,f,13.31852361,52.49192894
217750,1,10,13,4,3,4,f,t,f,t,13.39172821,52.55563195
217749,1,11,12,1,3,5,f,t,f,f,13.42199267,52.50510059
217748,7,11,6,2,2,5,f,t,f,t,13.35118196,52.41548354
217747,3,11,14,4,3,8,f,t,f,f,13.45218475,52.59976551
217746,5,11,15,7,3,6,f,t,t,f,13.19545722,52.53338794
217745,1,10,9,7,3,5,t,t,f,f,13.38827762,52.52027791
217744,12,10,10,7,2,5,f,t,f,f,13.33294433,52.59544761
217743,3,11,15,3,3,0,t,f,f,f,13.39940977,52.54643621
217742,10,11,13,5,3,5,f,t,f,f,13.5687763,52.54461708
217741,4,10,20,7,3,0,t,f,f,f,13.2735327,52.54174174
217740,6,10,9,4,3,1,f,t,f,f,13.25438428,52.45085501
217739,1,10,8,3,2,5,f,t,f,f,13.3989326,52.50822652
217738,6,11,16,4,3,5,t,t,f,f,13.312288,52.43034985
217737,4,11,20,3,2,5,f,t,f,f,13.32610691,52.53836698
217736,4,10,16,4,3,3,f,t,f,f,13.27612951,52.50734265
217735,7,10,14,3,3,2,f,t,f,f,13.36992491,52.46711642
217734,2,10,13,4,3,1,t,t,f,f,13.41747697,52.49056775
217733,7,11,10,2,3,6,f,t,t,f,13.38440213,52.48167226
217732,6,10,7,3,3,6,f,t,t,f,13.36199819,52.43465051
217731,12,11,4,7,2,1,t,t,f,f,13.25828718,52.56839333
217730,4,11,13,2,3,5,t,t,f,f,13.31729575,52.51216626
217729,8,11,6,3,3,2,f,t,f,f,13.43569401,52.42327547
217728,8,11,8,6,3,2,t,t,f,f,13.49507671,52.42101
217727,8,10,2,7,3,0,f,f,f,f,13.42077881,52.48028557
217726,7,10,11,7,3,5,f,t,f,f,13.39646306,52.39698537
217725,11,11,10,3,3,0,t,t,f,f,13.50536912,52.53455646
217724,1,11,18,5,3,5,f,t,f,f,13.38793835,52.52218069
217723,1,10,14,7,2,6,f,f,t,f,13.38203567,52.55292317
217722,10,10,15,6,3,6,f,t,t,f,13.60465709,52.53215762
217721,7,10,21,3,3,0,t,f,f,f,13.36149085,52.49780742
217720,9,10,6,3,2,6,f,t,t,f,13.55961057,52.43550581
217719,2,11,19,4,3,0,f,t,f,t,13.41761383,52.50174826
217718,6,11,20,3,3,0,f,f,f,f,13.32260945,52.46374572
217717,7,10,11,4,2,5,f,t,f,t,13.39155478,52.41942585
217716,4,10,9,6,3,2,f,t,f,f,13.2833939,52.53381083
217715,3,11,21,6,2,2,f,t,f,f,13.42419582,52.59403018
217714,2,11,10,7,3,5,f,t,f,f,13.39438846,52.50111736
217713,12,11,18,4,3,0,f,t,f,f,13.32243623,52.56538485
217712,7,11,16,2,3,6,f,t,t,f,13.34519262,52.49037761
217711,3,10,10,7,3,0,t,t,f,f,13.41092805,52.56117488
217710,1,10,17,4,2,6,f,f,t,f,13.33412148,52.52438474
217709,6,10,17,2,3,0,t,f,f,f,13.23224473,52.43752978
217708,2,11,9,2,3,5,f,t,f,f,13.44902719,52.52432225
217707,3,11,8,4,3,5,t,f,f,f,13.4598737,52.59353666
217706,11,11,10,6,3,5,f,t,f,f,13.46687958,52.52840521
217705,2,10,13,1,3,5,f,t,f,t,13.39957858,52.49387807
217704,7,10,23,4,3,0,f,f,f,f,13.3496985,52.49561053
217703,2,11,14,6,3,0,f,f,f,t,13.45094471,52.5269789
217702,1,11,9,4,3,5,t,t,f,f,13.35467776,52.5170378
217701,2,10,18,4,3,6,f,t,t,f,13.41534915,52.50313183
217700,10,10,8,7,3,5,f,t,f,f,13.57871987,52.56610806
217699,11,10,14,6,3,5,f,f,f,f,13.47343365,52.53600213
217698,11,11,6,3,3,5,f,t,f,t,13.5055096,52.51138924
217697,1,11,19,5,2,6,f,t,t,f,13.39103733,52.5445628
217696,2,11,9,4,3,5,t,t,f,f,13.39438668,52.50701462
217695,2,10,5,7,2,1,t,t,f,f,13.40243485,52.49230361
217694,8,10,16,5,3,6,f,t,t,f,13.48868743,52.42672121
217693,6,10,9,3,3,0,t,t,f,f,13.35020817,52.43420167
217692,7,10,22,2,3,5,f,f,f,t,13.36931014,52.45095059
217691,11,11,16,2,3,3,t,f,f,f,13.50525509,52.56303169
217690,6,11,15,6,3,9,f,t,f,f,13.1907742,52.45431283
217689,3,11,5,7,3,0,f,t,f,f,13.38770016,52.58953163
217688,10,10,13,3,3,1,f,t,f,f,13.59457879,52.48233674
217687,1,11,16,7,3,3,f,t,f,t,13.38761823,52.54878044
217686,2,11,17,2,3,6,f,t,t,f,13.37665252,52.48781982
217685,10,10,6,5,3,5,f,t,f,f,13.53262606,52.52177576
217684,2,10,7,6,3,1,t,t,f,f,13.44701828,52.52077451
217683,1,10,16,2,3,6,t,f,t,f,13.38320282,52.55423838
217682,4,10,14,6,3,1,f,t,f,t,13.31416252,52.48122118
217681,1,11,9,4,3,3,f,f,f,t,13.39376448,52.51072974
217680,8,11,17,5,3,1,f,t,f,f,13.44683538,52.47410979
217679,4,10,14,6,3,2,f,t,f,f,13.30221574,52.50685731
217678,7,10,8,3,2,5,t,t,f,f,13.38541881,52.46712304
217677,4,10,23,3,3,2,f,t,f,f,13.33534068,52.48806683
217676,1,10,10,2,3,1,t,f,f,f,13.41364978,52.50737212
217675,9,11,16,2,2,5,f,t,f,t,13.5727726,52.42779302
217674,7,10,18,4,2,0,f,t,f,f,13.40352625,52.38668045
217673,1,10,2,1,3,0,t,f,f,f,13.40445982,52.52332854
217672,7,11,18,7,3,2,f,t,f,t,13.37168522,52.49250577
217671,11,11,11,3,3,5,f,t,f,f,13.50787178,52.54445385
217670,6,11,21,2,3,5,f,t,f,t,13.32391896,52.45611229
217669,11,10,0,1,1,5,f,t,f,f,13.4996975,52.53449667
217668,8,10,20,7,3,2,f,t,f,f,13.48325329,52.40610958
217667,1,11,11,4,3,5,f,t,f,f,13.34500605,52.5391522
217666,8,11,12,7,3,2,f,t,f,t,13.44241222,52.46979173
217665,3,10,4,2,3,0,f,f,f,t,13.46300615,52.53234742
217664,1,10,10,4,3,1,f,t,f,t,13.39009166,52.51303986
217663,1,11,8,4,3,5,t,t,f,f,13.36683149,52.55720856
217662,7,11,16,3,3,5,t,t,f,f,13.38271249,52.40435201
217661,7,10,10,5,3,2,f,f,f,t,13.33974795,52.48820568
217660,11,10,15,5,3,2,f,t,f,t,13.47654925,52.53277345
217659,7,11,14,6,3,5,f,t,f,f,13.37788635,52.46585479
217658,10,11,7,2,3,5,t,t,f,f,13.64688936,52.52148421
217657,11,11,8,4,3,6,t,f,t,f,13.4930884,52.54441911
217656,7,11,13,2,3,5,f,t,f,f,13.4013617,52.41464814
217655,8,10,10,7,3,2,f,t,f,f,13.40599355,52.41561493
217654,7,10,9,4,3,5,f,f,f,f,13.33258177,52.46905031
217653,5,10,3,1,2,8,f,t,f,f,13.24772988,52.53847769
217652,9,11,7,2,2,6,f,f,t,f,13.53641478,52.41243222
217651,2,11,14,5,3,3,f,t,f,t,13.43172685,52.52332947
217650,8,11,16,7,3,5,t,t,f,f,13.43985456,52.47939464
217649,3,10,11,2,3,2,t,t,f,f,13.41431752,52.55389755
217648,7,10,15,5,3,1,t,t,f,f,13.3450327,52.49577354
217647,2,11,17,6,3,6,t,f,t,f,13.383425,52.49337219
217646,4,11,16,4,3,2,f,t,f,f,13.30771035,52.48840553
217645,4,10,10,5,3,1,t,t,f,f,13.2743807,52.51066249
217644,1,10,20,4,3,6,f,t,t,f,13.39893891,52.53253371
217643,1,10,10,7,3,2,f,t,f,f,13.34645787,52.54734719
217642,11,10,7,6,3,3,f,t,f,f,13.48004208,52.51787728
217641,7,11,11,3,3,0,t,t,f,f,13.35190339,52.49481148
217640,12,11,17,5,3,6,f,f,t,f,13.37759089,52.56465779
217639,9,11,19,3,2,0,f,t,f,f,13.48852332,52.45906091
217638,12,10,23,1,2,1,t,t,f,f,13.37711955,52.57219016
217637,7,10,8,5,3,6,f,t,t,f,13.35369669,52.49992095
217636,1,10,14,3,3,5,t,t,f,f,13.39019445,52.50863689
217635,2,10,9,6,2,2,f,t,f,f,13.43508703,52.5087295
217634,2,10,8,2,3,5,t,t,f,f,13.39838032,52.50705543
217633,8,11,15,6,3,5,t,t,f,f,13.42495357,52.48062893
217632,5,11,20,2,3,2,f,t,f,f,13.23825089,52.54519236
217631,1,11,12,5,3,1,t,t,f,f,13.38740747,52.52542008
217630,1,11,22,3,2,3,f,t,f,t,13.34945463,52.51508855
217629,7,10,11,7,3,6,t,f,t,f,13.37944503,52.40657925
217628,7,10,12,5,3,2,f,t,f,f,13.40083522,52.44548868
217627,11,10,10,2,3,6,f,t,t,f,13.48548825,52.52328251
217626,8,10,11,1,3,2,t,t,f,f,13.42105586,52.46720957
217625,1,11,17,4,3,5,f,t,f,f,13.38835101,52.52615028
217624,7,11,0,7,3,1,t,t,f,f,13.34333848,52.47309715
217623,1,10,8,2,3,1,t,f,f,f,13.37775623,52.50788184
217622,3,10,11,5,3,5,f,t,f,f,13.46055332,52.52345542
217621,3,10,4,4,3,0,f,f,f,t,13.49787248,52.62836044
217620,2,11,18,5,3,2,f,t,f,f,13.41820738,52.49878642
217619,10,11,1,3,3,9,f,t,f,f,13.56061271,52.48936094
217618,10,10,13,5,3,5,t,t,f,f,13.52479973,52.53627875
217617,3,10,14,6,3,5,f,f,f,f,13.4791978,52.55331308
217616,12,10,8,6,3,0,f,f,t,t,13.335774,52.59568913
217615,1,11,6,3,3,2,f,t,f,f,13.35111563,52.51516149
217614,2,11,18,5,3,1,t,t,f,f,13.44567964,52.4991143
217613,3,11,18,3,3,2,f,t,f,f,13.40826573,52.55396802
217612,11,10,17,1,2,5,t,f,f,t,13.48820744,52.50216514
217611,3,10,8,5,3,5,t,t,f,f,13.41326952,52.54870044
217610,2,10,18,2,3,1,t,t,f,f,13.43832435,52.5187765
217609,4,10,19,2,3,5,f,t,f,t,13.33158955,52.50527022
217608,5,11,18,2,3,5,t,t,f,f,13.18496766,52.51553923
217607,3,11,9,5,3,6,f,t,t,f,13.45589963,52.53073331
217606,1,11,21,1,2,0,t,f,f,f,13.39869632,52.53257287
217605,6,10,19,3,3,0,f,t,f,t,13.33365222,52.4653569
217604,8,10,18,2,3,6,f,t,t,f,13.46458015,52.4703169
217603,1,11,18,7,3,6,f,f,t,t,13.38345521,52.55491653
217602,4,11,14,2,3,6,f,t,t,f,13.30652985,52.51666392
217601,7,11,15,2,3,0,t,f,f,f,13.32840339,52.4775249
217600,10,10,7,6,3,5,t,t,f,f,13.59322011,52.52179381
217599,1,10,12,6,3,5,f,t,f,t,13.41710177,52.51244199
217598,5,10,23,6,2,0,f,t,f,f,13.18007276,52.50493066
217597,5,11,7,4,2,5,f,t,f,t,13.21758886,52.5604061
217596,1,11,8,5,3,2,t,t,f,f,13.37968987,52.5296076
217595,3,10,1,7,2,0,f,f,f,f,13.39601109,52.56596548
217594,5,10,1,2,2,1,f,t,f,f,13.20779457,52.55375015
217593,2,10,18,3,3,0,f,f,f,t,13.39221915,52.49797391
217592,7,10,14,2,3,2,f,f,f,t,13.3761038,52.43726075
217591,8,11,20,3,2,5,f,t,f,f,13.43314131,52.45243393
217590,1,10,21,4,3,5,f,t,f,f,13.34112905,52.55688905
217589,7,10,18,4,3,2,f,t,f,f,13.38395299,52.45014787
217588,7,11,16,1,3,2,f,t,f,f,13.39124533,52.44666893
217587,4,11,16,4,3,5,t,t,f,f,13.26618832,52.4827535
217586,12,11,16,7,3,5,f,t,f,f,13.36051697,52.59691423
217585,7,10,13,1,3,5,f,t,f,t,13.35955021,52.45474819
217584,2,10,20,7,3,5,f,t,f,f,13.40384177,52.49529257
217583,1,11,18,5,3,4,t,f,f,f,13.3573383,52.553032
217582,7,11,15,6,3,5,f,t,f,f,13.34778921,52.46502436
217581,11,10,7,2,3,6,t,f,t,f,13.49464139,52.50387002
217580,6,10,14,4,3,2,f,t,f,f,13.26606639,52.41533645
217579,7,11,14,5,3,0,f,t,f,f,13.33235862,52.46909488
217578,4,11,8,4,3,5,t,t,f,f,13.3195814,52.49210723
217577,6,10,16,5,3,5,f,t,f,f,13.26768412,52.40713221
217576,2,10,17,5,3,5,t,t,f,f,13.44061142,52.51702327
217575,2,10,15,6,2,0,t,f,f,f,13.46675101,52.49736666
217574,10,11,11,1,3,8,f,t,f,f,13.60086681,52.52795746
217573,1,11,16,5,3,3,f,f,f,t,13.41635424,52.5217107
217572,12,11,18,3,3,2,f,t,f,f,13.36303273,52.59704798
217571,5,10,17,7,3,5,t,t,f,f,13.24756105,52.52452466
217570,2,10,11,5,3,5,t,t,f,f,13.42560919,52.5275187
217569,2,10,6,2,3,5,t,f,f,f,13.38975201,52.49590982
217568,7,11,10,2,3,2,f,t,f,f,13.45825024,52.45869581
217567,9,11,12,5,3,6,f,t,t,f,13.50657515,52.44762434
217566,1,11,23,7,3,5,f,t,f,t,13.36072569,52.50031905
217565,6,10,16,2,2,6,f,t,t,f,13.29816673,52.44163155
217564,11,10,15,3,3,5,t,t,f,f,13.50177149,52.49820518
217563,1,10,13,5,3,3,f,f,f,t,13.41579419,52.52133172
217562,8,11,14,6,2,0,f,t,f,f,13.42706299,52.487305
217561,5,10,19,5,2,0,f,t,f,t,13.23203373,52.5392745
217560,10,10,15,6,3,5,t,t,f,f,13.57656296,52.51314652
217559,4,10,17,7,3,5,f,t,f,f,13.32610937,52.53835585
217558,1,10,14,6,3,5,t,t,f,f,13.37394759,52.52092284
217557,10,11,14,3,3,0,f,f,f,t,13.53747341,52.54032763
217556,1,11,7,6,3,2,f,t,f,f,13.38228275,52.55588528
217555,12,11,7,5,3,6,f,t,t,f,13.31367264,52.60816562
217554,6,10,10,1,3,5,t,t,f,f,13.28926249,52.41863603
217553,1,10,10,5,3,2,f,t,f,t,13.35109407,52.50416273
217552,1,10,0,2,3,5,f,t,f,f,13.36616409,52.52452927
217551,7,10,9,3,3,1,f,t,f,f,13.3581144,52.49039005
217550,8,11,17,2,3,5,f,t,f,f,13.41683949,52.41829458
217549,8,11,12,7,3,3,f,t,f,t,13.41891028,52.48003899
217548,11,11,21,2,3,1,f,t,f,f,13.50762821,52.4983326
217547,3,10,14,3,3,5,f,t,f,f,13.41856358,52.55124703
217546,6,11,16,7,3,5,f,t,f,f,13.31868479,52.45445892
217545,12,11,0,2,3,3,f,t,f,f,13.36462923,52.56271096
217544,11,11,7,3,2,6,f,t,t,f,13.49688696,52.53412905
217543,2,11,2,7,3,5,f,t,f,t,13.45882798,52.51149961
217542,4,10,16,6,3,3,t,t,f,f,13.29145177,52.51149333
217541,5,10,15,1,2,0,t,f,f,f,13.21428777,52.55885494
217540,2,10,2,1,3,0,f,f,f,f,13.45446299,52.51024734
217539,11,11,17,3,3,5,t,t,f,f,13.51305281,52.56798157
217538,1,11,16,5,3,2,f,t,t,t,13.39341324,52.55664552
217537,1,10,12,7,3,0,f,f,f,t,13.35688797,52.56032856
217536,3,10,11,6,3,2,t,t,f,f,13.41381244,52.56669519
217535,9,10,6,3,2,6,f,t,t,f,13.57820641,52.45712584
217534,9,10,11,4,2,5,f,t,f,f,13.5036627,52.46074847
217533,1,10,16,2,3,5,t,f,f,f,13.34334331,52.52718291
217532,3,11,12,3,3,5,f,t,f,f,13.44128282,52.56855908
217531,4,10,8,4,3,1,t,t,f,f,13.32571375,52.49809143
217530,7,10,9,4,2,5,t,t,f,f,13.33272845,52.47533819
217529,2,11,17,6,3,0,t,t,f,f,13.43441683,52.49633223
217528,6,11,10,1,2,0,t,t,f,f,13.35385171,52.41985739
217527,1,11,8,4,3,2,t,t,f,f,13.32748998,52.52441566
217526,1,11,17,7,2,6,f,t,t,f,13.35510266,52.55917824
217525,9,11,15,3,3,3,t,t,f,f,13.45369849,52.48874599
217524,1,11,3,7,3,2,f,t,f,f,13.3762123,52.55474556
217523,8,11,20,1,2,5,f,t,f,t,13.45217592,52.48131252
217522,1,10,15,3,3,5,t,t,f,f,13.38760043,52.53338954
217521,1,10,20,2,3,5,t,t,f,f,13.42225691,52.50547597
217520,7,11,18,7,3,5,t,t,f,f,13.36705253,52.49328964
217519,4,11,9,2,3,3,t,t,f,f,13.32532538,52.50304506
217518,7,11,19,3,3,5,t,t,f,f,13.37780061,52.46863264
217517,12,11,10,6,3,2,f,t,f,f,13.33146636,52.58728918
217516,4,10,14,6,3,3,t,t,f,f,13.31249857,52.49925468
217515,11,10,15,6,3,2,f,t,f,f,13.49005777,52.533799
217514,3,10,19,6,3,2,f,t,f,f,13.40902815,52.55419194
217513,3,11,15,4,3,6,f,t,t,f,13.46567392,52.55208759
217512,1,11,11,5,3,2,f,t,f,f,13.41231101,52.52435497
217511,11,10,16,6,3,5,t,t,f,f,13.50386022,52.49791396
217510,12,10,16,6,3,5,t,t,f,f,13.36248124,52.56886359
217509,8,10,19,3,3,2,f,t,f,f,13.49527723,52.43157719
217508,9,10,18,3,3,2,f,t,f,t,13.54297296,52.43419615
217507,5,11,7,3,3,6,f,t,t,f,13.15930889,52.52965743
217506,2,10,22,4,3,2,t,t,f,f,13.38353201,52.49368968
217505,2,10,23,4,3,5,f,t,f,f,13.45161397,52.51076869
217504,6,11,11,7,3,6,f,t,t,f,13.3416704,52.45060305
217503,1,11,9,1,3,0,f,t,f,t,13.38686285,52.54939264
217502,1,11,7,4,3,5,f,t,f,t,13.34517661,52.53912887
217501,9,11,23,7,3,9,f,t,f,f,13.50997151,52.45355111
217500,12,10,18,7,3,1,f,t,f,f,13.35183335,52.6169592
217499,2,10,0,7,3,2,f,t,f,f,13.41000461,52.50386147
217498,4,11,18,5,3,3,f,f,f,t,13.29695124,52.52939781
217497,11,11,20,5,2,2,f,t,f,t,13.49125234,52.53387028
217496,8,10,18,7,3,0,f,f,f,t,13.43093312,52.47813254
217495,5,10,13,4,3,0,f,f,f,f,13.2001,52.53629177
217494,1,11,22,5,3,1,f,t,f,f,13.40675415,52.5182206
217493,10,11,15,3,3,5,f,t,f,f,13.59899769,52.52825085
217492,6,10,17,5,3,2,f,t,f,f,13.31558935,52.43066859
217491,5,10,15,5,3,5,t,t,f,f,13.19449165,52.53364893
217490,11,10,7,6,3,5,f,t,f,f,13.51805179,52.5748835
217489,7,11,6,2,3,5,f,t,f,f,13.38985787,52.4343256
217488,12,11,16,5,2,5,t,t,f,f,13.28046123,52.63004866
217487,7,11,12,3,3,3,f,t,f,t,13.39336576,52.48418075
217486,9,10,7,6,3,6,f,f,t,f,13.47834448,52.44631203
217485,10,10,11,5,3,2,f,t,f,f,13.51913411,52.52898123
217484,8,10,18,2,3,5,f,f,f,t,13.42434531,52.48629139
217483,5,10,15,1,3,2,f,t,f,f,13.19400969,52.54682145
217482,1,11,1,5,3,5,f,t,f,f,13.38435404,52.55590292
217481,1,11,13,1,3,5,f,t,f,f,13.40818547,52.53435278
217480,4,10,17,2,2,5,t,t,f,f,13.33219632,52.50617777
217479,6,10,17,3,3,2,f,t,f,f,13.36395349,52.43491792
217478,1,11,18,5,3,2,f,t,f,t,13.35130351,52.51019733
217477,4,10,8,5,3,5,t,t,f,f,13.32628004,52.5379432
217476,10,10,16,6,2,5,f,t,f,f,13.53864424,52.5246385
217475,1,10,10,7,3,5,f,t,f,f,13.35220021,52.50632342
217474,1,10,15,6,3,0,t,t,f,f,13.37940488,52.52943118
217473,6,11,19,2,3,5,f,f,f,f,13.18901364,52.41920553
217472,10,11,16,5,3,2,t,t,f,f,13.57199561,52.49569537
217471,9,11,10,4,3,6,f,t,t,f,13.57737269,52.40702284
217470,4,10,2,1,3,1,f,t,f,f,13.30940404,52.49907915
217469,1,10,8,2,2,0,t,f,f,f,13.34318804,52.53167245
217468,7,10,3,4,3,5,t,t,f,f,13.39460309,52.46559125
217467,10,11,11,6,3,5,f,t,f,f,13.60434311,52.53866616
217466,5,11,12,2,3,6,f,f,t,f,13.21072273,52.56758388
217465,11,10,23,3,2,9,f,t,f,f,13.54126303,52.56607121
217464,4,11,19,7,2,6,f,t,t,f,13.2718238,52.49846156
217463,1,11,19,1,3,5,t,t,f,f,13.38428419,52.55607501
217462,11,11,15,4,2,0,t,f,f,f,13.51256724,52.48370645
217461,7,11,14,6,3,6,t,f,t,f,13.35601886,52.49458443
217460,8,10,16,6,3,0,f,t,f,f,13.46552583,52.42610478
217459,4,10,14,7,2,0,t,f,f,f,13.31275145,52.50628417
217458,9,10,21,7,3,5,f,t,f,f,13.53126996,52.40508178
217457,2,11,20,3,3,5,t,f,f,f,13.3878123,52.49277285
217456,9,11,19,5,3,6,f,t,t,f,13.51429061,52.46238818
217455,8,10,13,7,3,2,t,t,f,f,13.42966273,52.47046646
217454,4,10,15,6,2,4,t,t,f,f,13.28539912,52.50736909
217453,6,10,14,4,3,2,f,t,f,f,13.34612564,52.43607237
217452,9,10,12,3,2,3,t,f,f,f,13.61516734,52.42984967
217451,5,11,17,4,3,2,f,t,f,f,13.20896272,52.5464457
217450,5,11,15,3,3,5,f,t,f,t,13.20778607,52.55648614
217449,10,10,12,4,3,5,f,t,f,f,13.60248054,52.51022899
217448,9,10,18,4,2,5,t,t,f,f,13.5998891,52.45223713
217447,8,11,20,6,3,1,t,t,f,f,13.42746001,52.48831908
217446,1,11,3,7,2,0,f,t,f,f,13.38570865,52.51667112
217445,3,11,15,4,3,1,t,f,f,f,13.4535673,52.59199158
217444,12,11,17,1,3,5,f,t,f,f,13.31800399,52.57074527
217443,9,10,9,7,2,0,t,f,f,f,13.51281196,52.44764903
217442,8,10,12,5,3,2,f,t,f,f,13.47376289,52.43814827
217441,5,10,15,2,3,5,f,t,f,f,13.19871059,52.5540503
217440,4,10,15,1,3,0,t,t,f,f,13.21182052,52.50509928
217439,10,11,9,5,3,5,t,t,f,f,13.57139954,52.54450181
217438,2,11,13,6,3,2,f,t,f,f,13.40728956,52.50599152
217437,7,10,15,1,2,5,f,t,f,t,13.37931331,52.4464997
217436,8,10,17,5,3,0,t,f,t,f,13.42552566,52.4793492
217435,4,11,15,5,2,5,f,t,f,f,13.27967749,52.52202464
217434,6,11,8,4,3,5,f,t,f,f,13.2627194,52.45140179
217433,11,10,9,5,3,2,f,t,f,f,13.48532184,52.53366415
217432,12,10,14,5,3,5,f,t,f,t,13.33308317,52.59548061
217431,1,10,10,6,3,5,t,t,f,f,13.32825216,52.53292594
217430,11,11,3,2,2,0,f,f,f,t,13.52511307,52.48065852
217429,6,11,14,5,3,5,f,t,f,f,13.22193481,52.43081364
217428,1,11,9,3,3,0,t,t,f,f,13.40503839,52.50935039
217427,10,10,12,1,3,5,t,t,f,f,13.57635319,52.49234074
217426,9,10,7,5,2,5,f,t,f,f,13.46145778,52.45435959
217425,4,10,15,3,3,5,f,t,f,t,13.25979222,52.51484808
217424,8,11,15,3,2,5,f,t,f,f,13.41685143,52.41832111
217423,5,11,13,5,3,6,f,f,t,f,13.20046364,52.52332331
217422,1,11,16,1,3,5,t,t,f,f,13.41955557,52.50606651
217421,1,10,22,2,3,0,f,f,t,f,13.38834675,52.51977285
217420,7,10,10,5,3,5,t,t,f,f,13.3654905,52.49738973
217419,10,10,11,2,1,6,f,f,t,f,13.6071628,52.53364474
217418,4,11,8,2,2,5,f,t,f,f,13.2868209,52.49582737
217417,1,11,17,4,3,1,t,t,f,f,13.37302284,52.53821953
217416,12,11,8,6,3,0,f,f,f,t,13.26967846,52.57587984
217415,12,10,17,2,3,5,t,t,f,f,13.30587649,52.62051649
217414,11,10,7,4,3,5,t,t,f,f,13.52705605,52.48656998
217413,12,11,13,4,3,6,f,f,t,t,13.30260012,52.5915956
217412,1,11,17,3,3,5,t,t,f,f,13.40996824,52.51070032
217411,1,10,21,4,2,0,f,f,f,f,13.35885116,52.52610694
217410,5,10,5,5,3,2,f,t,f,f,13.14798209,52.55450941
217409,1,10,15,6,3,0,f,t,f,f,13.36785047,52.52586337
217408,4,11,8,2,3,0,f,f,f,t,13.27889808,52.52603842
217407,12,11,18,5,3,6,f,t,t,f,13.34761279,52.59610669
217406,11,11,17,2,3,1,t,t,f,f,13.48129786,52.52073347
217405,10,10,9,6,3,0,t,t,f,f,13.53829067,52.55432327
217404,9,10,9,5,3,5,t,f,f,f,13.5220062,52.40231126
217403,3,10,22,2,3,5,t,t,f,f,13.41729228,52.60537847
217402,5,11,14,2,3,5,t,t,f,f,13.21921239,52.53716831
217401,2,11,22,6,3,5,f,t,f,f,13.46332154,52.50829662
217400,4,11,23,7,3,0,f,t,f,f,13.31510593,52.50615248
217399,7,10,4,3,3,1,f,t,f,f,13.36942653,52.48119524
217398,10,10,8,4,3,3,f,t,f,f,13.60463427,52.53843646
217397,11,10,15,1,3,5,f,t,f,f,13.48550249,52.52318653
217396,7,11,11,6,3,1,f,t,f,f,13.34741156,52.4148362
217395,5,10,15,5,3,6,f,t,t,f,13.20617561,52.54229641
217394,8,10,15,6,2,5,t,t,f,f,13.44939541,52.41777603
217393,8,10,14,6,3,5,f,t,f,f,13.43366003,52.44537687
217392,9,10,15,6,3,0,t,f,f,f,13.50203374,52.48217748
217391,4,11,16,2,3,0,t,f,t,f,13.29981862,52.4962007
217390,9,11,9,5,2,0,f,f,f,f,13.50987393,52.45348566
217389,2,11,10,5,3,5,t,t,f,f,13.41045956,52.50380558
217388,12,10,14,1,2,5,t,t,f,f,13.32688346,52.56252305
217387,9,10,18,3,3,2,f,t,f,f,13.48118834,52.44501071
217386,1,10,11,4,3,5,t,t,f,f,13.36761603,52.51053921
217385,7,11,14,2,3,6,f,t,t,f,13.37462248,52.42630215
217384,5,10,8,3,3,5,f,t,f,t,13.2608883,52.53444377
217383,6,11,16,7,3,2,f,t,f,f,13.31557716,52.43472875
217382,8,11,12,2,3,5,f,t,f,f,13.42710095,52.47539904
217381,2,11,10,3,3,5,t,t,f,f,13.41728287,52.49240112
217380,7,11,16,1,3,5,f,t,f,f,13.35024548,52.41430368
217379,7,10,12,7,3,5,f,t,f,f,13.41069939,52.41041683
217378,3,10,2,1,3,0,t,f,f,f,13.41239279,52.53815466
217377,8,11,14,3,3,5,f,t,f,f,13.4509748,52.47373815
217376,5,11,16,5,3,6,f,t,t,f,13.1988329,52.55419733
217375,12,10,23,1,2,1,f,t,f,f,13.31368593,52.62240885
217374,2,10,14,6,3,5,t,t,f,f,13.43189047,52.50578948
217373,8,10,8,4,3,5,t,t,f,f,13.43499839,52.43927952
217372,3,10,15,3,3,3,t,f,f,f,13.44238496,52.53987036
217371,4,11,15,4,3,5,t,t,f,f,13.33322134,52.48374419
217370,1,11,11,3,3,2,f,t,f,f,13.34882019,52.55217783
217369,6,10,9,4,3,2,f,t,t,f,13.29359348,52.44580593
217368,2,10,12,6,3,3,t,t,f,f,13.42510363,52.49966973
217367,1,11,13,6,3,5,f,t,f,f,13.38273144,52.54213611
217366,8,11,9,2,3,0,t,t,f,f,13.44278161,52.46509517
217365,4,11,10,5,3,5,t,t,f,f,13.31445041,52.49038611
217364,1,11,8,2,3,5,t,f,f,t,13.40281311,52.52136298
217363,6,10,15,6,3,5,t,t,f,f,13.28697622,52.41784302
217362,3,10,12,5,3,5,t,t,f,f,13.42336766,52.56265021
217361,9,10,7,2,3,5,t,t,f,f,13.5886446,52.46993315
217360,6,11,8,2,3,5,f,t,f,t,13.34484162,52.46174437
217359,7,11,17,4,3,0,f,f,f,t,13.38889937,52.39842508
217358,1,11,19,6,3,5,t,t,f,f,13.34272054,52.52532858
217357,1,10,12,2,3,6,f,t,t,f,13.3744148,52.52800122
217356,2,10,19,5,3,2,f,t,f,f,13.39531085,52.49755986
217355,10,11,6,6,3,5,f,t,f,f,13.53713536,52.5344873
217354,5,11,13,4,3,5,f,t,f,f,13.19425757,52.54568344
217353,3,10,18,4,3,6,f,t,t,f,13.41410405,52.53044426
217352,5,10,14,6,3,5,f,t,f,f,13.1705073,52.53366029
217351,8,10,20,5,3,1,f,t,f,t,13.43197551,52.48786616
217350,6,11,18,2,2,5,f,t,f,t,13.34669615,52.45001478
217349,1,11,18,5,3,6,f,t,t,f,13.36143774,52.54792692
217348,1,11,10,4,3,5,t,f,f,f,13.35958335,52.55419174
217347,2,10,20,7,3,5,f,t,f,t,13.46331332,52.50828445
217346,7,10,5,5,3,5,f,f,f,t,13.37797642,52.47243769
217345,1,10,11,3,3,1,f,t,f,t,13.34317201,52.53082965
217344,4,11,14,2,3,5,f,t,f,f,13.32034406,52.47880304
217343,9,11,15,5,3,5,t,t,f,f,13.58167423,52.4407839
217342,10,11,16,7,3,5,f,t,f,f,13.58910456,52.51754415
217341,5,10,15,3,3,0,f,f,f,t,13.2033895,52.53076658
217340,8,11,18,7,3,6,f,t,t,f,13.4352669,52.49117337
217339,1,11,13,1,2,6,f,t,t,f,13.35737127,52.50989007
217338,2,10,17,5,3,3,t,t,f,f,13.41673538,52.50223606
217337,8,10,16,6,3,2,f,t,f,f,13.43545733,52.49111191
217336,10,10,16,2,2,6,f,t,t,f,13.56401832,52.55630527
217335,9,10,17,6,3,1,f,t,f,f,13.55256345,52.45614923
217334,8,11,11,4,3,5,f,t,f,f,13.48979277,52.42005651
217333,7,11,19,5,3,2,f,t,f,f,13.37515294,52.43712696
217332,2,10,22,6,3,5,f,t,f,f,13.41409943,52.49857675
217331,7,10,10,3,3,0,f,t,f,t,13.40066943,52.46340294
217330,7,10,21,3,3,5,t,t,f,f,13.33929188,52.46689659
217329,10,10,17,2,2,5,t,t,f,f,13.51704782,52.53554578
217328,1,11,14,2,3,6,t,f,t,f,13.41419034,52.50807516
217327,2,10,15,4,3,6,f,t,t,f,13.40464476,52.50039706
217326,2,10,14,4,3,6,f,t,t,f,13.39559396,52.49834675
217325,5,11,15,1,3,2,f,t,f,f,13.200023,52.5360173
217324,10,11,22,3,3,5,f,t,f,f,13.5591718,52.47385441
217323,10,11,9,2,3,5,f,t,f,f,13.60143294,52.48256369
217322,7,10,11,7,3,5,f,t,f,f,13.38544054,52.46573434
217321,8,11,17,7,2,5,f,t,f,f,13.45501523,52.47648921
217320,6,10,17,5,3,1,f,t,f,f,13.28712151,52.45946095
217319,5,10,1,7,3,0,f,f,f,f,13.23767458,52.54599422
217318,11,10,18,6,3,0,f,t,f,t,13.4739588,52.53623772
217317,1,10,19,6,3,6,f,f,t,f,13.40612501,52.51910899
217316,4,11,21,2,3,3,f,t,f,t,13.29423401,52.53430162
217315,6,11,14,3,3,0,f,t,f,f,13.31388027,52.46435396
217314,2,10,4,7,3,0,f,f,f,f,13.4132711,52.49181115
217313,4,10,14,3,2,2,f,t,f,t,13.2805982,52.51850524
217312,10,10,13,3,3,3,t,t,f,f,13.54899573,52.5342256
217311,10,11,15,2,3,2,f,t,f,f,13.58362258,52.51499397
217310,4,10,5,3,3,2,f,t,f,f,13.27533529,52.50099147
217309,1,10,8,5,3,2,f,t,f,f,13.33309531,52.56108617
217308,6,10,18,1,3,2,f,t,f,f,13.34131745,52.44251723
217307,5,11,16,7,3,6,f,t,t,f,13.17972941,52.50307049
217306,2,11,21,3,3,5,t,t,f,f,13.40403413,52.49129411
217305,7,11,11,7,3,0,f,t,f,t,13.36946548,52.45652187
217304,2,10,12,7,3,2,t,t,f,f,13.39449934,52.49175679
217303,1,10,14,7,3,5,t,t,f,f,13.35489984,52.54397929
217302,1,11,23,4,3,8,f,f,f,f,13.39529754,52.52041209
217301,2,11,13,5,3,1,t,t,f,f,13.39439795,52.48611616
217300,4,10,16,1,3,2,f,t,f,f,13.2799759,52.50605924
217299,2,10,7,4,3,0,f,t,f,t,13.46546005,52.49875155
217298,1,10,11,3,3,0,f,f,f,t,13.40022102,52.52258746
217297,12,11,17,4,3,2,f,t,f,f,13.32833259,52.56394609
217296,1,11,15,3,3,6,t,f,t,f,13.38359693,52.55480556
217295,5,10,14,4,3,0,f,f,f,f,13.20959254,52.54756051
217294,4,10,15,5,3,5,t,t,f,f,13.2948258,52.53963087
217293,8,10,14,2,3,0,f,f,f,t,13.43227983,52.44369904
217292,8,11,1,7,2,5,f,t,f,f,13.44690395,52.42698361
217291,6,11,13,2,3,5,f,t,f,f,13.25114838,52.45010322
217290,10,11,13,4,3,0,f,f,t,f,13.53349467,52.52571598
217289,4,11,10,3,3,6,f,t,t,f,13.3090119,52.50012467
217288,9,10,11,7,3,2,f,t,f,f,13.58052509,52.44316703
217287,12,10,14,4,3,2,f,t,f,f,13.23074777,52.62450344
217286,4,10,2,2,3,0,t,f,f,f,13.28503731,52.52486412
217285,2,10,16,1,3,5,t,t,f,f,13.44397632,52.50013256
217284,1,11,18,5,3,1,f,t,f,t,13.39127238,52.50774454
217283,7,11,10,7,2,6,f,t,t,f,13.36131747,52.41633683
217282,6,10,17,3,3,1,f,t,f,f,13.34349088,52.43497154
217281,2,10,20,4,3,5,t,t,f,f,13.43049074,52.51102145
217280,2,11,19,5,3,6,f,t,t,f,13.43436274,52.52319722
217279,12,11,10,4,3,5,t,t,f,f,13.24664808,52.61347232
217278,5,10,8,6,3,2,f,t,f,f,13.24791985,52.53651317
217277,2,10,8,5,3,5,f,t,f,f,13.46138709,52.50875283
217276,11,10,13,6,3,5,f,f,f,f,13.49474233,52.55963684
217275,1,10,20,1,3,2,f,t,f,f,13.34948677,52.54229314
217274,7,10,13,6,3,2,f,t,f,t,13.35005473,52.41430548
217273,8,11,16,2,3,5,f,t,f,t,13.42598355,52.47818115
217272,11,11,13,5,3,5,f,t,f,f,13.52686776,52.49213228
217271,7,11,20,3,3,5,f,t,f,f,13.40319114,52.46343
217270,2,10,11,1,3,2,t,f,f,f,13.38886754,52.4991767
217269,11,10,18,5,2,5,f,t,f,f,13.49441121,52.48943326
217268,2,10,9,3,3,5,f,t,f,f,13.46650865,52.50126846
217267,2,11,11,2,3,0,f,f,f,t,13.42695308,52.5118665
217266,4,11,11,7,3,0,t,t,f,f,13.31933651,52.50150633
217265,9,11,8,2,3,6,f,t,t,f,13.59127395,52.43762965
217264,5,10,21,3,3,5,f,t,f,f,13.22723383,52.54947005
217263,7,11,17,7,3,6,f,t,t,f,13.41266076,52.40264272
217262,4,11,2,1,3,1,f,t,f,f,13.3314298,52.50435364
217261,2,11,7,3,3,5,f,t,f,t,13.37840084,52.48501823
217260,7,10,13,6,3,5,f,f,f,t,13.40292319,52.48334347
217259,11,10,18,6,3,6,f,t,t,f,13.5188367,52.48701454
217258,1,10,15,2,3,2,f,t,f,t,13.39711252,52.50810891
217257,11,10,12,6,3,0,f,t,f,f,13.4774461,52.52655584
217256,2,11,19,3,3,5,t,f,f,t,13.45648575,52.50752684
217255,4,11,8,5,3,5,t,t,f,f,13.3138242,52.48680895
217254,5,10,11,7,2,6,f,t,t,f,13.17120541,52.52015189
217253,11,10,11,3,3,9,f,t,f,f,13.49956714,52.53435863
217252,7,10,19,3,3,5,f,t,f,f,13.34973406,52.41256219
217251,4,10,9,2,3,1,f,t,f,t,13.31312862,52.5011645
217250,6,11,18,3,3,5,f,t,f,f,13.35212695,52.41854265
217249,1,10,12,4,3,0,t,f,f,f,13.39847558,52.5325491
217248,5,10,13,4,3,2,f,t,f,t,13.19110218,52.53640375
217247,10,11,15,6,3,5,f,t,f,f,13.60475931,52.53653712
217246,7,11,16,7,3,3,f,t,f,t,13.34169097,52.50205483
217245,4,11,13,5,2,5,f,t,f,f,13.31100702,52.54760673
217244,1,11,17,7,3,5,f,t,f,t,13.37844099,52.55050113
217243,9,10,16,1,3,5,t,t,f,f,13.57804165,52.44730387
217242,8,10,20,7,3,6,f,t,t,f,13.46082552,52.46816818
217241,7,11,15,4,3,5,f,t,f,f,13.38808921,52.41200374
217240,1,11,16,6,3,2,f,t,f,f,13.35549748,52.50711319
217239,2,10,3,1,2,5,t,f,f,f,13.45613832,52.50979138
217238,1,10,9,4,3,0,t,f,f,f,13.36078843,52.52690506
217237,12,11,18,4,3,1,f,t,f,f,13.35595677,52.56212873
217236,2,11,8,3,3,0,t,f,f,f,13.45959461,52.51245246
217235,7,10,16,5,3,6,f,t,t,f,13.36124844,52.41260336
217234,7,10,17,5,3,5,f,t,f,f,13.36811218,52.45576593
217233,4,10,11,2,3,5,f,t,f,t,13.28701747,52.54015844
217232,4,10,13,6,3,2,f,t,f,t,13.32233499,52.51316519
217231,11,11,9,2,3,2,f,t,f,f,13.51182852,52.5506334
217230,2,11,18,5,3,5,t,f,f,f,13.42683416,52.49912849
217229,10,11,10,3,3,5,f,t,f,f,13.56640231,52.53428095
217228,7,10,1,7,3,8,f,t,f,f,13.38105876,52.41068323
217227,1,10,2,5,3,0,t,f,f,f,13.38646532,52.56740138
217226,2,10,3,1,3,0,f,f,f,f,13.37678339,52.48942277
217225,8,11,10,2,3,5,f,t,f,f,13.43070981,52.42428075
217224,1,11,5,5,3,6,f,t,t,f,13.38059749,52.54350078
217223,7,11,0,1,3,5,f,t,f,f,13.37892752,52.48062073
217222,6,10,8,2,3,0,t,f,f,f,13.34265841,52.42581325
217221,1,10,1,6,3,5,t,t,f,f,13.40429691,52.53312272
217220,6,11,7,6,3,3,t,t,f,f,13.34184864,52.43488301
217219,9,10,17,7,3,6,f,f,t,t,13.51475981,52.46227671
217218,2,11,19,4,2,6,f,t,t,f,13.46730378,52.50270227
217217,7,11,19,6,3,5,t,t,f,f,13.36314427,52.47610054
217216,1,10,15,7,2,6,f,f,t,f,13.32863647,52.52883332
217215,2,10,19,4,3,5,t,t,f,f,13.39967654,52.49841434
217214,5,11,18,4,3,5,t,t,f,f,13.1300011,52.46430286
217213,1,11,18,3,3,5,t,t,f,f,13.36394343,52.50618886
217212,1,10,14,5,3,3,t,t,f,f,13.39629793,52.51739687
217211,1,10,14,5,3,5,t,t,f,f,13.42122594,52.50986604
217210,1,10,14,2,3,5,f,t,f,t,13.34102379,52.55160112
217209,5,11,11,7,3,2,t,f,f,f,13.19695499,52.52830542
217208,4,11,10,2,3,2,f,t,f,f,13.28098704,52.47931678
217207,12,11,11,5,3,5,f,t,f,f,13.31812548,52.58934551
217206,9,11,18,3,3,5,t,f,f,f,13.56205527,52.43676466
217205,2,10,12,7,2,5,f,t,f,t,13.45001074,52.50751052
217204,7,10,18,4,3,5,t,t,f,f,13.33808226,52.46683907
217203,2,10,8,2,3,5,f,t,f,f,13.41677506,52.50431004
217202,1,10,16,1,2,0,t,f,f,f,13.40335406,52.53215748
217201,9,11,13,5,3,2,f,t,f,f,13.55861683,52.45142761
217200,4,11,18,7,3,1,f,t,f,f,13.25564838,52.5225174
217199,7,10,18,3,3,5,f,t,f,f,13.34964399,52.49462594
217198,5,10,20,4,3,2,f,t,f,f,13.12894991,52.52876259
217197,10,11,16,7,3,6,f,t,t,f,13.60054613,52.4768847
217196,1,10,18,5,3,0,f,f,f,t,13.33576297,52.54180466
217195,12,10,12,4,2,2,f,t,f,f,13.36536533,52.57661633
217194,11,10,12,7,3,5,t,t,f,f,13.45907271,52.52605765
217193,11,10,12,6,3,5,f,t,f,f,13.47775896,52.53079148
217192,5,11,18,2,2,0,t,f,f,f,13.26309017,52.54029923
217191,1,11,18,5,3,6,f,f,t,f,13.36172425,52.54793161
217190,2,11,19,4,3,5,t,t,f,f,13.40028232,52.49026926
217189,5,10,16,1,3,6,f,f,t,t,13.19880968,52.55534734
217188,7,10,15,5,3,5,f,t,f,t,13.4023452,52.48343461
217187,3,10,15,3,3,5,f,t,f,t,13.4293,52.58593037
217186,9,11,15,3,3,2,f,t,f,f,13.55943641,52.45592631
217185,2,11,16,6,3,2,f,t,f,f,13.37746601,52.48947678
217184,3,11,6,2,3,0,f,t,f,t,13.44254641,52.57022964
217183,4,10,10,3,3,6,f,t,t,f,13.29545527,52.4788972
217182,1,10,0,1,3,2,f,t,f,f,13.38345525,52.55129994
217181,12,11,16,7,2,6,f,t,t,f,13.35114157,52.56736638
217180,1,11,16,2,2,0,t,f,f,f,13.38852716,52.52603913
217179,3,11,18,3,3,3,t,f,f,f,13.42072255,52.53347934
217178,3,11,9,6,3,5,f,t,f,f,13.45538052,52.55600179
217177,5,10,17,6,3,5,t,t,f,f,13.14799212,52.53258105
217176,4,10,11,6,3,0,f,f,f,f,13.31180487,52.46823969
217175,9,10,23,6,3,5,f,t,f,f,13.53683149,52.41296244
217174,10,11,12,3,2,5,t,t,f,f,13.60207584,52.47447473
217173,12,11,7,5,3,5,f,t,f,f,13.32340559,52.59775576
217172,9,10,13,6,3,0,f,f,f,t,13.51927997,52.4540241
217171,2,10,18,6,3,1,t,t,f,f,13.43958283,52.4995511
217170,10,10,7,3,3,5,f,t,f,f,13.53866315,52.52464275
217169,4,10,18,3,3,3,t,t,f,f,13.32623648,52.49119157
217168,5,10,14,2,3,5,f,t,f,f,13.15352222,52.55343124
217167,8,11,10,3,2,8,f,t,f,f,13.44358056,52.46428013
217166,1,10,1,4,3,8,f,f,f,f,13.40304663,52.52451683
217165,7,10,16,4,2,5,t,t,f,f,13.35526872,52.41325916
217164,7,11,18,6,3,5,f,t,f,t,13.36397938,52.44824127
217163,4,11,15,7,3,5,f,t,f,f,13.2598643,52.51617776
217162,1,11,8,4,3,5,t,t,f,f,13.39586876,52.53822634
217161,1,11,15,7,3,1,t,t,f,f,13.38053237,52.52985879
217160,8,10,14,4,3,5,t,t,f,f,13.44054116,52.47950414
217159,6,10,10,2,2,5,t,t,f,f,13.24124407,52.44217291
217158,11,11,12,2,3,0,t,t,f,f,13.48671735,52.52072618
217157,1,11,11,4,3,0,t,f,f,f,13.40175543,52.52101142
217156,6,11,10,6,2,4,t,f,f,f,13.35893197,52.4318274
217155,8,10,23,1,3,1,t,t,f,f,13.4997981,52.40679479
217154,3,10,16,4,3,2,t,f,f,f,13.43267077,52.59601194
217153,5,11,16,5,3,6,f,t,t,f,13.20990788,52.54788194
217152,4,11,15,3,3,5,t,t,f,f,13.2761239,52.51434363
217151,2,10,19,4,3,5,f,t,f,t,13.44891149,52.52429251
217150,7,10,8,6,3,5,f,t,f,t,13.39645656,52.44002923
217149,4,10,15,6,2,5,f,t,f,f,13.28667395,52.51873557
217148,2,11,19,2,3,5,t,t,f,f,13.39585879,52.49902832
217147,7,11,17,5,3,0,f,f,f,t,13.39852033,52.3878718
217146,10,11,15,3,3,5,t,t,f,f,13.60111714,52.47923918
217145,5,10,20,7,2,0,f,f,f,f,13.2623557,52.54172582
217144,6,10,16,5,2,3,f,t,f,f,13.30503302,52.41756799
217143,8,10,14,3,3,2,f,t,f,f,13.42809041,52.42358404
217142,10,11,16,2,3,5,t,t,f,f,13.60207818,52.48331294
217141,11,11,17,5,2,5,f,t,f,t,13.47333406,52.52298975
217140,4,11,16,7,3,5,f,t,f,f,13.32022715,52.47876309
217139,9,10,15,3,3,5,f,t,f,t,13.70643064,52.43384325
217138,1,11,17,6,3,5,t,f,f,f,13.33960672,52.52406361
217137,2,10,18,5,3,0,f,t,f,t,13.46901793,52.49585818
217136,7,10,20,6,3,5,f,t,f,t,13.34218877,52.46748831
217135,4,10,20,7,3,6,f,t,t,f,13.29945567,52.50606963
217134,8,10,17,6,3,5,f,t,f,f,13.44318847,52.48225085
217133,4,11,19,2,3,6,t,f,t,f,13.3269857,52.49943968
217132,3,11,8,6,3,5,t,t,f,f,13.41847201,52.55347237
217131,3,11,16,4,3,0,f,t,f,f,13.45802349,52.52884213
217130,11,10,16,1,3,5,f,t,f,f,13.47943545,52.51625698
217129,2,10,11,3,3,3,t,t,f,f,13.43360957,52.52290318
217128,12,10,13,4,2,6,f,t,t,f,13.29792022,52.59119417
217127,3,11,6,2,3,5,f,t,f,f,13.40297487,52.5955747
217126,5,10,7,4,3,2,t,t,f,f,13.19812472,52.55549708
217125,10,11,18,7,3,5,f,t,f,f,13.56150217,52.50716052
217124,7,11,13,2,3,5,f,t,f,f,13.36676155,52.47451894
217123,9,11,11,4,3,5,t,f,f,t,13.45256449,52.48993715
217122,5,11,12,6,3,5,f,t,f,f,13.19550394,52.53347744
217121,12,10,14,1,2,1,f,t,f,t,13.26964588,52.57588016
217120,7,10,1,1,3,1,t,t,f,f,13.3921113,52.42161887
217119,3,11,9,4,3,5,t,t,f,f,13.43965445,52.54774954
217118,5,11,10,5,2,5,f,t,f,f,13.14168924,52.53250614
217117,12,10,17,6,3,5,f,t,f,f,13.29792098,52.57811959
217116,9,10,15,6,3,1,t,t,f,f,13.64087694,52.38978173
217115,1,10,8,6,2,5,t,t,f,f,13.33434381,52.54114469
217114,1,10,18,6,3,6,f,t,t,f,13.38411262,52.55604464
217113,2,10,8,7,3,5,t,f,f,f,13.38622122,52.49007634
217112,3,10,16,6,3,5,t,t,f,f,13.36977934,52.58939386
217111,3,11,17,3,3,5,f,t,f,t,13.42940192,52.58623194
217110,4,11,19,5,3,5,t,t,f,f,13.31394509,52.49040801
217109,1,11,8,3,3,5,t,t,f,f,13.40532113,52.53852233
217108,4,10,18,1,3,5,f,t,f,f,13.30955031,52.5131648
217107,1,10,20,5,3,5,t,f,f,f,13.39304236,52.56455017
217106,2,10,14,3,3,0,t,f,f,f,13.45488828,52.51914635
217105,4,11,10,2,3,1,t,f,f,f,13.30359868,52.51286188
217104,4,11,17,6,3,6,f,t,t,f,13.31207075,52.46846437
217103,12,11,16,2,3,0,f,f,f,t,13.32189195,52.62430329
217102,5,10,7,3,3,0,f,f,f,t,13.24556487,52.52493887
217101,6,11,19,7,3,6,f,t,t,f,13.24037191,52.44261149
217100,10,11,16,2,3,6,f,t,t,f,13.55877115,52.53184197
217099,6,11,12,4,3,5,f,t,f,t,13.31873355,52.45065631
217098,7,11,17,6,3,6,f,t,t,f,13.36104079,52.49133012
217097,8,10,15,6,3,6,t,t,t,f,13.43142333,52.49238639
217096,4,10,16,7,3,5,f,t,f,t,13.26605805,52.51299404
217095,4,10,12,7,3,2,f,t,f,f,13.29945023,52.51998987
217094,2,11,12,3,2,1,t,f,f,f,13.38290715,52.4918075
217093,1,11,17,5,3,5,f,t,f,f,13.41780394,52.50658889
217092,4,10,11,7,3,5,t,t,f,f,13.30725375,52.50479605
217091,10,10,16,6,3,6,f,t,t,f,13.5753562,52.53130774
217090,10,10,8,2,3,5,t,t,f,f,13.62585628,52.52931276
217089,4,10,11,4,3,6,f,f,t,t,13.32842778,52.5083921
217088,4,10,17,3,3,5,f,t,f,t,13.322368,52.48558452
217087,4,11,10,3,3,2,f,t,f,t,13.33340208,52.50417699
217086,7,10,11,4,2,6,f,f,t,f,13.40087607,52.41452446
217085,11,10,13,4,3,3,f,t,f,f,13.50560819,52.53464035
217084,1,11,15,6,2,5,f,t,f,f,13.35390274,52.52389717
217083,6,11,2,7,3,6,f,f,t,f,13.32861513,52.4563609
217082,1,11,14,4,3,5,f,t,f,t,13.37066407,52.55870646
217081,12,11,23,2,3,5,t,t,f,f,13.32686885,52.56252391
217080,7,10,14,4,3,5,t,t,f,f,13.33518949,52.46927124
217079,6,10,11,2,3,5,f,t,f,t,13.25023283,52.42129445
217078,10,10,14,1,3,5,f,t,f,f,13.60132576,52.53578521
217077,4,11,13,4,3,5,f,t,f,f,13.29753619,52.53460531
217076,1,11,21,6,3,6,f,t,t,f,13.39098579,52.51487471
217075,3,10,15,1,3,5,t,f,f,f,13.42347227,52.54311252
217074,9,10,18,4,3,5,t,t,f,f,13.63147753,52.39484495
217073,2,11,12,6,3,5,f,t,f,f,13.39461248,52.50455968
217072,8,11,15,3,3,6,f,t,t,f,13.43532201,52.48607363
217071,10,10,12,5,3,5,t,t,f,f,13.61183172,52.520973
217070,11,10,18,5,2,0,t,f,f,f,13.49945868,52.52137667
217069,5,10,18,5,3,0,f,t,f,t,13.20821813,52.54444036
217068,6,11,8,2,3,6,f,t,t,f,13.31579097,52.44319527
217067,5,11,12,5,2,2,f,t,f,f,13.16570464,52.55118898
217066,9,11,9,3,3,6,f,t,t,f,13.5619573,52.3889378
217065,3,10,15,1,3,5,f,f,f,t,13.44408832,52.55272702
217064,3,10,10,5,3,1,t,t,f,f,13.42577367,52.56038635
217063,7,10,13,2,3,2,f,t,f,f,13.39472856,52.483927
217062,11,11,8,2,3,2,t,f,f,f,13.47584562,52.53680533
217061,1,11,9,5,3,2,f,t,f,f,13.41911166,52.52568806
217060,3,11,0,1,3,0,f,f,f,f,13.44474275,52.57985728
217059,10,10,12,2,3,9,f,t,f,f,13.5689546,52.53250279
217058,9,11,17,7,3,5,t,t,f,f,13.51201073,52.47070783
217057,9,10,19,5,3,1,t,t,f,f,13.5736468,52.45418988
217056,1,10,18,6,3,6,f,t,t,f,13.40171035,52.52962803
217055,12,10,14,6,3,5,f,t,f,f,13.35156167,52.57816165
217054,10,10,18,6,3,9,f,f,f,t,13.60222168,52.5321607
217053,4,11,16,3,3,2,f,t,f,t,13.31552583,52.51466238
217052,1,11,7,6,3,5,f,t,f,f,13.33495002,52.56027363
217051,7,11,17,4,3,5,f,t,f,t,13.34604083,52.49882784
217050,5,10,17,6,2,5,f,t,f,f,13.194531,52.54571447
217049,9,10,15,3,2,5,f,t,f,f,13.5266829,52.42879475
217048,5,10,23,3,2,5,f,t,f,f,13.1880984,52.53250055
217047,4,10,16,2,3,5,t,t,f,f,13.31525387,52.51457927
217046,8,11,0,3,2,9,f,t,f,f,13.50575919,52.40952007
217045,6,10,12,3,3,5,f,t,f,f,13.32224619,52.46252633
217044,2,10,17,4,3,2,f,t,f,f,13.44658885,52.5027249
217043,2,11,10,1,3,0,t,f,f,f,13.45673769,52.50977655
217042,1,11,10,2,3,5,t,t,f,f,13.39750825,52.52873101
217041,9,11,20,3,3,9,f,f,f,f,13.58054443,52.44315991
217040,6,11,9,2,3,2,f,t,f,f,13.34733163,52.43545828
217039,12,10,14,7,2,0,f,f,f,t,13.24349651,52.62480889
217038,7,10,0,7,2,2,f,t,f,f,13.38585817,52.47819764
217037,9,11,17,3,3,5,t,t,f,f,13.56946997,52.44450685
217036,1,11,8,5,3,2,t,t,f,f,13.37752135,52.52223958
217035,1,10,19,7,3,1,t,t,f,f,13.36825168,52.52352723
217034,3,10,7,4,3,0,t,t,f,f,13.36110256,52.58969898
217033,8,10,14,3,3,0,f,t,f,f,13.40862008,52.4265393
217032,7,11,14,5,3,5,f,t,f,f,13.36122763,52.47941153
217031,7,11,8,3,3,0,t,t,f,f,13.3831005,52.43403915
217030,1,10,15,4,3,5,f,t,f,t,13.40929712,52.52353575
217029,4,10,6,6,2,4,f,t,f,f,13.27174677,52.52838859
217028,3,11,18,6,3,1,t,t,f,f,13.43338326,52.55302078
217027,10,11,12,2,2,5,t,t,f,f,13.60356326,52.47893317
217026,3,11,6,5,3,5,t,t,f,f,13.38976021,52.57429667
217025,2,11,10,3,2,0,f,f,f,t,13.46665027,52.50244643
217024,11,10,11,7,3,5,f,t,f,t,13.48059043,52.49907208
217023,1,10,15,4,3,0,t,t,f,f,13.41576152,52.52727298
217022,11,10,14,2,3,5,t,t,f,f,13.47795918,52.52300265
217021,7,10,12,1,3,0,f,t,f,t,13.34398391,52.41180851
217020,4,11,15,4,3,0,f,t,f,f,13.33260171,52.50616923
217019,5,11,14,6,2,6,f,t,t,f,13.14571815,52.52398053
217018,11,10,17,2,3,5,t,t,f,f,13.48125326,52.53869518
217017,8,10,13,5,2,5,t,t,f,f,13.44810258,52.47054774
217016,8,11,14,6,3,6,f,t,t,f,13.44883197,52.4786292
217015,9,11,7,4,3,1,t,t,f,f,13.6371038,52.44860768
217014,1,10,9,5,3,0,t,t,f,f,13.40014167,52.53942658
217013,4,10,13,4,3,0,t,f,f,f,13.33101817,52.49473819
217012,4,10,6,3,2,2,f,t,f,t,13.3145418,52.54750081
217011,11,11,18,4,3,5,f,t,f,f,13.47888783,52.53329345
217010,11,11,18,3,3,0,f,t,f,f,13.51392086,52.48326108
217009,5,10,2,4,2,0,f,f,f,f,13.24752389,52.52470553
217008,4,10,17,4,3,0,t,f,f,f,13.26135261,52.47914255
217007,8,11,10,6,2,6,f,t,t,f,13.43536634,52.42313341
217006,12,11,15,7,3,5,t,t,f,f,13.28539402,52.59482019
217005,10,11,19,4,3,2,t,t,f,f,13.55959809,52.55239434
217004,8,11,21,7,3,5,f,t,f,f,13.48299994,52.41608672
217003,6,10,10,7,2,5,f,t,f,f,13.16156795,52.41989932
217002,3,10,20,4,3,5,t,t,f,f,13.47024945,52.55363618
217001,2,10,17,1,3,5,t,t,f,f,13.40666144,52.49844446
217000,12,11,12,2,2,5,f,t,f,t,13.33169687,52.5620193
216999,4,11,10,4,3,1,t,t,f,f,13.3050707,52.51255492
216998,8,11,13,7,3,3,f,t,f,f,13.44510229,52.45232249
216997,8,10,23,7,3,6,f,t,t,f,13.42421887,52.4773324
216996,7,10,22,4,3,0,f,f,f,f,13.34056195,52.49118567
216995,9,11,10,6,2,0,t,f,f,f,13.50257624,52.44719625
216994,4,11,16,3,3,6,f,t,t,f,13.3252232,52.5023211
216993,12,10,22,4,3,5,f,t,f,f,13.33424351,52.59894209
216992,3,10,16,6,3,5,f,t,f,f,13.42769074,52.5530979
216991,2,10,22,1,2,6,f,t,t,f,13.46546986,52.50776627
216990,12,10,8,6,3,2,f,t,f,f,13.30930566,52.60347515
216989,10,11,18,2,3,5,f,t,f,f,13.59168902,52.544986
216988,4,11,21,5,3,5,f,t,f,t,13.29983085,52.50520442
216987,7,11,8,3,2,5,f,f,f,t,13.37639803,52.46009845
216986,9,10,12,2,3,6,f,t,t,f,13.53414227,52.43295769
216985,4,10,5,5,3,2,f,t,f,f,13.29417528,52.53433944
216984,5,10,20,2,2,2,f,t,f,t,13.15713954,52.53915916
216983,3,11,13,2,3,6,f,f,t,f,13.42684901,52.57182246
216982,8,11,20,6,3,0,t,t,f,f,13.46010575,52.43179426
216981,1,11,19,1,3,5,t,t,f,f,13.37658503,52.51016658
216980,1,10,16,2,3,2,f,t,f,f,13.39165935,52.55541594
216979,10,10,11,2,3,5,t,t,f,f,13.58550709,52.50525497
216978,12,11,2,7,3,2,f,t,f,f,13.34794001,52.59625044
216977,1,11,14,1,3,1,f,t,f,f,13.42057406,52.51790827
216976,11,10,7,5,2,0,f,t,f,f,13.48929353,52.54242473
216975,12,10,14,6,3,0,f,t,f,t,13.33144393,52.56216499
216974,9,10,16,2,3,5,t,t,f,f,13.6369516,52.45080528
216973,9,10,14,6,3,0,f,f,t,t,13.48466697,52.46359376
216972,1,11,12,4,3,0,t,t,f,f,13.33317954,52.53288097
216971,10,11,15,5,3,5,t,t,f,f,13.60211684,52.536015
216970,2,10,12,6,3,5,t,t,f,f,13.42722266,52.49914508
216969,1,10,7,3,3,5,t,t,f,f,13.40309469,52.53371271
216968,6,10,13,4,3,2,f,t,f,t,13.25807074,52.43513747
216967,2,10,12,2,2,5,f,t,f,t,13.44067446,52.51723693
216966,5,11,9,1,3,5,f,t,f,f,13.21643265,52.56056795
216965,2,10,17,4,3,5,t,f,f,f,13.42961433,52.50301622
216964,9,10,15,4,3,1,t,t,f,f,13.44415345,52.49059558
216963,6,11,13,7,3,0,f,f,f,t,13.34064454,52.46467876
216962,8,11,19,3,3,2,f,t,f,f,13.42422462,52.48669018
216961,1,11,12,7,3,2,f,t,f,t,13.36161102,52.54803632
216960,5,10,12,1,3,2,f,t,f,t,13.20272739,52.52364939
216959,4,10,13,7,3,5,f,t,f,f,13.31952001,52.50153453
216958,1,11,18,4,3,5,t,t,f,f,13.36034021,52.5372443
216957,6,11,6,5,3,6,f,f,t,f,13.3277286,52.4640587
216956,6,10,18,7,3,2,f,t,f,f,13.24698873,52.46759078
216955,3,10,10,4,3,5,f,t,f,f,13.40869159,52.53758213
216954,10,11,17,4,2,2,f,t,f,f,13.56866832,52.53790517
216953,12,11,16,3,3,1,f,t,f,f,13.29986444,52.60193548
216952,9,10,10,5,3,2,f,t,f,f,13.59671971,52.43695222
216951,1,10,3,5,3,9,f,f,f,t,13.35023554,52.51364795
216950,7,10,15,2,3,5,f,t,f,t,13.38564328,52.47156279
216949,6,11,11,6,2,0,f,f,f,t,13.34504914,52.4468437
216948,4,11,18,1,2,5,f,t,f,f,13.28032171,52.5063766
216947,8,11,12,5,3,2,f,t,f,f,13.42800306,52.47366808
216946,6,11,16,2,3,1,t,t,f,f,13.3164454,52.45666755
216945,2,10,19,7,3,5,t,t,f,f,13.39936879,52.4982864
216944,3,10,16,4,3,2,f,t,f,f,13.42878314,52.58152576
216943,9,10,9,2,3,5,t,f,f,f,13.57714515,52.4558427
216942,9,11,9,2,3,5,f,t,f,f,13.55330587,52.46962613
216941,7,11,13,5,3,5,t,f,f,f,13.3819707,52.39771026
216940,6,11,11,7,2,6,f,t,t,f,13.35751082,52.42302453
216939,11,10,17,3,3,5,t,t,f,f,13.48463403,52.51397351
216938,9,10,21,5,3,5,t,f,f,f,13.58054915,52.45549845
216937,12,11,7,6,3,1,f,t,f,f,13.3354741,52.60841119
216936,10,11,15,4,3,6,f,t,t,f,13.5852889,52.52127439
216935,1,10,22,5,3,3,f,t,f,f,13.35679578,52.5250106
216934,12,10,0,5,3,5,f,t,f,f,13.32884603,52.56594973
216933,11,10,8,7,3,5,f,t,f,f,13.49096126,52.5419958
216932,2,10,3,6,2,0,f,f,f,f,13.37997938,52.49243028
216931,6,11,15,2,3,5,t,f,f,f,13.22982201,52.42773211
216930,10,11,16,5,2,6,f,t,t,f,13.55613683,52.54825778
216929,4,11,12,3,3,2,f,t,f,f,13.30194174,52.5188101
216928,7,10,3,1,3,5,t,t,f,f,13.363324,52.45592642
216927,1,10,19,5,2,4,t,t,f,f,13.41337354,52.50701314
216926,2,10,14,3,3,2,f,t,f,f,13.41376861,52.48818286
216925,4,11,17,3,3,5,t,t,f,f,13.32825099,52.47883054
216924,4,11,8,6,3,6,f,t,t,f,13.31599379,52.50725282
216923,2,11,22,1,2,6,f,t,t,f,13.4292642,52.5008749
216922,3,10,7,3,3,6,f,f,t,f,13.43962792,52.55542172
216921,1,10,8,4,3,5,t,t,f,f,13.39300642,52.5275198
216920,1,10,15,1,3,1,f,t,f,t,13.42021809,52.51001968
216919,7,11,17,7,3,6,f,t,t,f,13.35047739,52.41422371
216918,1,11,10,1,3,5,f,t,f,f,13.39224245,52.50870809
216917,9,11,12,4,3,6,f,t,t,f,13.58781749,52.42204947
216916,10,11,16,6,3,6,f,t,t,f,13.62102702,52.52600686
216915,3,10,13,6,3,6,f,f,t,f,13.48077134,52.55307551
216914,1,10,17,6,3,6,f,t,t,f,13.37742967,52.50958069
216913,3,10,6,2,3,5,f,f,f,f,13.45704236,52.56105761
216912,5,10,14,6,3,2,f,t,f,f,13.23839928,52.54457651
216911,6,11,1,3,2,8,f,t,f,f,13.32669191,52.42775726
216910,6,11,7,5,3,2,f,t,f,f,13.33084643,52.44460291
216909,1,10,17,6,3,3,f,t,f,t,13.35123727,52.50451731
216908,1,10,9,6,3,0,t,f,f,f,13.384653,52.55600058
216907,1,10,14,3,3,5,f,t,f,f,13.39285668,52.54258196
216906,4,10,17,3,3,1,t,t,f,f,13.30279742,52.50984068
216905,11,10,19,2,3,6,t,f,t,f,13.50515629,52.50916616
216904,4,10,17,7,2,5,t,t,f,f,13.24178119,52.50645689
216903,3,10,13,6,3,2,f,t,f,f,13.42896441,52.58493146
216902,6,11,19,2,3,2,f,t,f,f,13.3311702,52.44402734
216901,4,11,17,5,3,1,f,t,f,f,13.3251321,52.48647451
216900,6,11,17,3,3,1,f,t,f,f,13.26750332,52.45108733
216899,1,10,23,7,3,5,t,t,f,f,13.39148401,52.52208359
216898,12,10,14,5,3,2,f,t,f,f,13.30407403,52.58131232
216897,1,10,14,3,3,6,f,t,t,f,13.38373783,52.55127689
216896,7,11,13,2,3,5,f,t,f,f,13.37905738,52.4481772
216895,4,11,9,5,3,5,t,f,f,f,13.32333336,52.49216447
216894,4,11,14,7,3,0,t,f,f,f,13.32588455,52.50001841
216893,7,10,8,3,2,5,f,t,f,f,13.40024062,52.45999112
216892,4,11,17,7,2,6,f,t,t,f,13.31390418,52.4903956
216891,5,11,18,2,2,1,f,t,f,f,13.20576114,52.52497573
216890,4,10,14,5,3,5,t,t,f,f,13.32505162,52.50255299
216889,7,10,11,6,3,0,f,t,f,f,13.36077082,52.49131838
216888,4,10,19,2,3,5,t,t,f,f,13.33575209,52.51348847
216887,4,10,20,6,3,5,f,t,f,f,13.2639597,52.51429547
216886,4,11,19,3,3,2,f,t,f,f,13.29463226,52.51926922
216885,8,11,19,5,3,5,t,t,f,f,13.42872195,52.48671554
216884,1,10,18,6,3,1,t,f,f,f,13.40822092,52.52725232
216883,6,10,14,3,3,3,f,t,f,t,13.32651821,52.427782
216882,6,10,14,3,3,0,f,f,f,f,13.26536484,52.44199511
216881,2,10,16,2,3,5,f,t,f,f,13.4145051,52.50019274
216880,1,11,7,3,3,1,f,f,f,f,13.38104575,52.54112687
216879,11,10,16,4,3,5,f,t,f,t,13.46740009,52.53390261
216878,1,10,20,4,3,5,t,f,t,f,13.39290603,52.52749272
216877,7,11,11,7,2,5,f,f,f,t,13.40307084,52.44766074
216876,7,11,13,3,3,0,f,f,f,t,13.38942163,52.45701138
216875,2,11,18,7,3,6,f,f,t,f,13.43890897,52.49784636
216874,3,10,11,1,2,5,f,t,f,t,13.4070968,52.58636762
216873,5,10,13,7,3,5,t,t,f,f,13.19416659,52.52210589
216872,5,11,17,4,3,5,f,t,f,f,13.15352222,52.55343124
216871,11,11,12,6,3,5,f,t,f,f,13.5198106,52.50583195
216870,5,10,5,2,3,1,f,t,f,f,13.20448715,52.56530885
216869,5,10,15,4,3,6,f,t,t,f,13.20558023,52.5396425
216868,1,11,15,5,3,2,f,t,f,f,13.41030796,52.52852694
216867,8,11,17,4,3,2,f,t,f,f,13.43764042,52.45085167
216866,1,10,14,5,3,5,t,t,f,f,13.35637821,52.55248195
216865,3,10,8,5,3,1,t,t,f,f,13.41713075,52.54122768
216864,2,10,13,2,3,1,f,t,f,f,13.4650109,52.50023037
216863,3,11,6,6,3,6,f,t,t,f,13.43533014,52.59396949
216862,1,11,10,2,3,0,t,f,f,f,13.37366753,52.55657113
216861,7,11,17,4,2,2,f,t,f,f,13.37884917,52.44966061
216860,8,11,18,2,3,1,f,t,f,f,13.48025704,52.42229363
216859,3,10,20,7,3,5,t,t,f,f,13.42792824,52.54551304
216858,7,10,14,4,3,5,t,f,f,f,13.36903454,52.49305197
216857,1,10,8,2,3,2,f,t,f,f,13.37659398,52.50980472
216856,10,11,6,2,2,5,t,t,f,f,13.55046922,52.54293752
216855,11,11,14,5,3,2,f,t,f,f,13.54537854,52.56766392
216854,9,11,9,1,2,8,f,f,f,t,13.64917469,52.44961383
216853,5,10,19,3,3,5,f,t,f,f,13.22724823,52.5494751
216852,3,10,15,5,3,5,f,t,f,f,13.4620424,52.55896854
216851,1,11,22,6,3,1,t,t,f,f,13.40208927,52.52871956
216850,8,10,19,5,3,1,f,t,f,f,13.43278194,52.48511634
216849,3,10,12,6,3,1,t,t,f,f,13.4356788,52.53249035
216848,5,10,10,7,3,5,f,t,f,f,13.16003096,52.52787096
216847,5,10,14,6,2,5,f,t,f,t,13.14946353,52.45738337
216846,5,11,14,3,2,8,f,t,f,f,13.20712514,52.58443029
216845,7,11,7,6,3,2,f,t,f,f,13.3449496,52.48016716
216844,1,11,23,5,3,6,f,t,t,f,13.40272894,52.5240381
216843,4,10,14,1,2,1,f,t,f,t,13.33203601,52.48606158
216842,3,10,14,5,3,1,f,t,f,f,13.47158879,52.55932351
216841,4,10,17,3,3,5,t,t,f,f,13.31627577,52.49868503
216840,8,11,14,2,3,5,t,f,f,f,13.42869573,52.47900869
216839,5,11,11,7,3,4,f,t,f,t,13.22982801,52.5551521
216838,2,11,15,2,3,5,f,t,f,f,13.43206196,52.49933615
216837,11,10,6,3,2,0,f,f,f,t,13.50053136,52.56142836
216836,4,11,14,7,3,2,f,t,f,f,13.27965194,52.51828599
216835,3,11,17,2,3,5,t,f,f,f,13.42791883,52.54569971
216834,1,11,21,3,3,1,t,t,f,f,13.38899162,52.56689922
216833,4,11,6,6,3,1,t,t,f,f,13.29706399,52.53057703
216832,9,10,19,6,3,5,f,t,f,t,13.63292072,52.45672363
216831,7,10,15,1,3,5,f,t,f,t,13.37135413,52.47463792
216830,7,10,19,7,3,1,f,t,f,f,13.38917499,52.4392649
216829,3,11,22,3,2,0,f,f,f,t,13.49522878,52.63550934
216828,2,11,14,5,3,5,t,t,f,f,13.38929028,52.4960476
216827,1,10,11,7,3,0,t,f,f,f,13.40075759,52.52364119
216826,2,10,16,6,3,5,t,t,f,f,13.43188928,52.50565695
216825,2,10,12,3,3,2,f,t,f,f,13.39581175,52.50359743
216824,8,10,6,4,3,5,f,t,f,t,13.42764463,52.42082909
216823,10,10,17,2,3,5,t,t,f,f,13.55017018,52.49960842
216822,8,11,10,3,3,5,f,t,f,f,13.44993079,52.44560238
216821,12,10,13,4,3,2,f,t,f,t,13.37943185,52.57069453
216820,1,10,19,1,3,8,f,t,f,f,13.39303887,52.53732558
216819,4,11,16,6,3,2,f,t,f,f,13.29486905,52.49768317
216818,1,11,6,7,3,1,f,t,f,f,13.3753097,52.55379151
216817,2,11,12,4,3,5,t,f,f,t,13.4089589,52.50414866
216816,4,11,7,1,3,1,f,t,f,f,13.31775148,52.49460461
216815,1,10,13,5,3,1,f,t,f,f,13.35663799,52.55307434
216814,8,10,15,2,3,3,f,t,f,f,13.45393697,52.47494469
216813,8,11,8,2,3,3,t,t,f,f,13.42620752,52.47741067
216812,6,11,12,4,3,5,t,f,f,t,13.32046957,52.44805
216811,9,11,8,6,3,2,f,t,f,f,13.54699172,52.43147373
216810,7,10,16,2,3,0,t,t,f,f,13.37840534,52.43759604
216809,2,10,19,3,3,0,t,t,f,f,13.45148034,52.52038771
216808,4,11,22,4,3,3,f,t,f,f,13.31316064,52.50055965
216807,7,11,7,4,3,0,f,t,f,f,13.39853058,52.41956871
216806,9,10,11,5,2,6,f,t,t,f,13.47511683,52.47994351
216805,12,10,23,5,3,0,t,f,f,f,13.30034921,52.59144918
216804,8,10,15,6,3,3,f,t,f,f,13.45535646,52.47410447
216803,8,11,18,1,3,1,t,t,f,f,13.42785691,52.4739352
216802,1,11,21,5,3,5,t,f,f,f,13.35468102,52.55205942
216801,8,11,9,2,3,5,f,t,f,t,13.43862541,52.48988017
216800,10,10,9,7,3,6,f,t,t,f,13.5552844,52.56821043
216799,3,11,12,3,3,0,f,f,f,f,13.43206493,52.60420109
216798,9,10,22,4,3,5,t,t,f,f,13.55931983,52.44658336
216797,1,10,6,4,2,5,f,t,f,f,13.40571738,52.51407912
216796,6,10,19,1,3,6,f,t,t,f,13.34273187,52.4345337
216795,7,11,11,7,3,2,t,t,f,f,13.34889069,52.45886847
216794,8,11,15,7,3,2,t,t,f,f,13.44046812,52.46737088
216793,7,11,13,4,3,6,f,t,t,f,13.3378787,52.48827708
216792,4,11,14,7,3,0,f,t,f,f,13.33235686,52.50628423
216791,12,10,12,1,3,5,f,t,f,f,13.31250857,52.56952518
216790,8,10,12,7,3,5,f,t,f,f,13.4789406,52.41418399
216789,10,11,8,5,3,2,f,t,f,f,13.57842036,52.51325509
216788,2,11,18,6,3,6,f,t,t,f,13.41534903,52.50301969
216787,4,10,8,2,3,0,f,f,f,t,13.30948581,52.4723224
216786,9,10,15,4,3,8,f,t,f,f,13.68379492,52.37050652
216785,2,11,8,4,3,5,f,f,f,f,13.37945357,52.49254185
216784,10,11,11,4,3,5,f,t,f,f,13.61074617,52.52689593
216783,3,10,16,5,3,5,t,t,f,f,13.44049365,52.54069706
216782,10,10,12,5,3,3,f,t,f,f,13.55759995,52.50730171
216781,7,10,10,2,3,1,t,t,f,f,13.38540244,52.46712292
216780,10,10,9,6,3,5,t,f,f,f,13.56566499,52.52889357
216779,8,11,7,2,3,6,f,t,t,f,13.44641562,52.48635823
216778,1,11,16,5,3,5,f,t,f,f,13.37045251,52.54529961
216777,1,11,9,3,3,5,t,f,f,t,13.40537584,52.50826494
216776,11,10,19,7,3,0,t,f,f,f,13.47480431,52.50282232
216775,2,10,13,5,3,5,t,t,f,f,13.44230446,52.5008819
216774,4,10,8,2,3,0,f,t,f,t,13.30783413,52.4724882
216773,4,10,22,1,3,5,f,t,f,t,13.32610463,52.53837732
216772,2,11,16,5,3,0,t,t,f,f,13.41966232,52.48983879
216771,9,11,17,1,3,2,f,t,f,f,13.52009845,52.4267839
216770,9,10,11,2,3,2,f,t,f,f,13.53995833,52.45860996
216769,8,11,17,7,3,6,f,t,t,f,13.47386282,52.42581847
216768,6,10,9,6,3,3,f,t,f,t,13.33886718,52.46551071
216767,4,10,16,6,3,5,t,t,f,f,13.31503289,52.50090722
216766,10,10,16,7,3,3,f,t,f,f,13.60464893,52.5383624
216765,1,10,16,6,3,2,t,t,f,f,13.38392496,52.51688557
216764,10,11,15,3,3,5,f,t,f,t,13.61236695,52.51124058
216763,5,11,12,5,3,2,f,t,f,f,13.16570317,52.55118926
216762,11,11,20,4,3,6,f,t,t,f,13.49923775,52.51037168
216761,7,10,21,1,2,6,f,f,t,f,13.40131325,52.41463747
216760,2,10,20,5,3,5,f,t,f,f,13.39696249,52.50531291
216759,2,10,13,3,3,1,t,t,f,f,13.44032249,52.50488452
216758,1,11,19,6,3,1,f,t,f,f,13.34334765,52.52737023
216757,3,11,13,2,3,5,t,t,f,f,13.47586414,52.55042898
216756,10,10,7,4,3,0,t,f,f,f,13.55350079,52.50251989
216755,11,10,12,1,3,2,f,t,f,f,13.53601411,52.47784738
216754,7,11,17,7,3,6,f,f,t,f,13.38691116,52.48324688
216753,12,11,15,7,3,1,t,t,f,f,13.37009652,52.56891547
216752,6,11,21,3,3,0,f,t,f,t,13.24755555,52.42682355
216751,3,11,6,6,2,5,t,f,f,f,13.36985077,52.58937295
216750,5,10,15,6,1,6,f,f,t,t,13.1829182,52.54787408
216749,10,10,13,7,3,2,f,t,f,f,13.56520116,52.54479108
216748,12,10,12,7,3,2,f,t,f,f,13.28997981,52.57554501
216747,7,11,15,4,3,6,t,f,t,f,13.32824523,52.46721977
216746,1,11,19,5,2,6,f,t,t,f,13.38447685,52.55607608
216745,10,10,13,7,3,2,f,t,f,t,13.56177053,52.49364367
216744,3,10,11,6,3,6,f,t,t,f,13.49316029,52.63636739
216743,2,10,16,4,3,2,f,f,f,t,13.46880546,52.50247095
216742,1,10,14,4,2,1,t,f,f,f,13.40243074,52.53115218
216741,4,10,13,3,3,2,t,f,f,f,13.29335649,52.49744872
216740,4,11,15,4,2,5,f,t,f,f,13.29397589,52.53348357
216739,11,11,14,3,2,3,t,f,f,f,13.52774151,52.489569
216738,6,10,10,4,2,5,t,t,f,f,13.29228978,52.44141714
216737,9,10,17,4,3,5,t,f,f,f,13.52947007,52.42960666
216736,5,10,8,2,3,1,f,f,f,f,13.20514375,52.56087677
216735,6,11,23,6,2,0,f,f,f,f,13.34123085,52.43368472
216734,1,11,13,7,3,2,f,t,f,f,13.36803271,52.52591902
216733,3,11,7,4,3,1,t,t,f,f,13.4372886,52.53626528
216732,11,11,10,1,2,0,f,t,f,f,13.47582724,52.53324591
216731,1,10,14,7,3,0,f,t,f,f,13.35224978,52.54299156
216730,12,10,13,5,3,0,t,t,f,f,13.3322879,52.57636079
216729,2,10,9,2,3,8,f,t,f,f,13.43782762,52.50614152
216728,2,11,13,2,3,0,t,f,f,t,13.45828519,52.51268276
216727,5,11,13,5,3,5,f,t,f,f,13.14169045,52.5325062
216726,12,11,14,6,3,5,t,t,f,f,13.31513214,52.58637805
216725,1,10,17,7,3,5,t,t,f,f,13.39209606,52.55404984
216724,1,10,9,5,3,0,t,f,f,f,13.41742984,52.51297807
216723,3,11,15,6,3,2,f,t,f,f,13.45611601,52.52842833
216722,1,11,16,4,3,2,f,t,f,f,13.35613128,52.50980622
216721,1,10,16,4,3,0,t,t,f,f,13.41051805,52.51245795
216720,2,10,8,5,3,0,f,f,f,t,13.45557803,52.51808654
216719,9,10,12,6,3,5,t,t,f,f,13.51404492,52.46234673
216718,3,11,7,2,3,5,t,t,f,f,13.45942158,52.56281635
216717,1,11,16,5,3,5,t,f,f,f,13.40977994,52.52401536
216716,11,11,7,3,3,5,t,t,f,f,13.47433443,52.50463933
216715,1,10,22,7,3,2,f,t,f,f,13.36874994,52.50890357
216714,5,10,14,5,3,4,t,f,f,f,13.18365776,52.5476613
216713,12,10,15,2,3,3,f,f,f,t,13.28911397,52.59579144
216712,12,11,12,2,3,0,f,f,t,f,13.33426115,52.58237851
216711,1,11,17,5,3,5,f,f,f,f,13.41067065,52.52797787
216710,2,11,15,1,3,6,f,t,t,f,13.46757797,52.49585509
216709,3,10,15,2,3,4,t,f,f,f,13.42756038,52.56794173
216708,12,10,17,1,3,2,f,t,f,f,13.33083615,52.56235753
216707,4,11,21,7,3,1,f,t,f,f,13.29711083,52.52845497
216706,12,10,7,6,3,2,f,t,f,f,13.29225239,52.60778586
216705,6,10,14,7,3,5,f,t,f,f,13.33935659,52.45864442
216704,8,10,21,6,3,3,t,t,f,f,13.43062699,52.46867582
216703,6,10,18,6,3,1,f,t,f,f,13.24136702,52.44382681
216702,4,11,11,3,3,2,t,t,f,f,13.3176479,52.50140992
216701,5,11,18,5,3,5,t,t,f,f,13.20846131,52.56161857
216700,1,10,9,7,3,1,t,t,f,f,13.38187285,52.53820816
216699,1,10,5,3,3,6,f,f,t,f,13.35754749,52.53590203
216698,4,10,1,4,3,0,f,f,f,f,13.30514661,52.50255628
216697,7,11,16,1,3,0,t,f,f,f,13.34526929,52.49199442
216696,8,10,8,3,3,0,f,f,f,f,13.43981824,52.47590909
216695,8,10,13,5,3,6,f,t,t,f,13.45469658,52.42346367
216694,12,10,11,3,3,6,f,t,t,f,13.33510872,52.5956528
216693,1,11,18,2,3,5,t,t,f,f,13.35153634,52.50951353
216692,4,11,14,5,3,2,t,t,f,f,13.31746088,52.51196124
216691,8,11,13,7,3,5,f,t,f,f,13.47239822,52.43680941
216690,6,10,18,3,3,2,f,t,f,f,13.33333789,52.45833579
216689,11,11,7,6,3,5,t,t,f,f,13.49483432,52.54543035
216688,11,10,17,5,2,5,t,t,f,f,13.50830363,52.55007688
216687,2,10,20,6,3,4,f,t,f,f,13.42113818,52.50390149
216686,10,10,15,6,2,0,f,t,f,t,13.54318643,52.55362377
216685,1,10,23,6,2,5,f,t,f,f,13.3936544,52.53218607
216684,12,11,5,3,3,5,t,t,f,f,13.32380143,52.58738793
216683,2,11,8,6,3,0,f,f,f,t,13.45358853,52.51412975
216682,5,11,6,4,3,2,f,t,f,f,13.2291311,52.52827494
216681,8,10,22,1,3,6,f,t,t,f,13.46702844,52.46864763
216680,2,10,14,2,2,5,f,t,f,t,13.46751502,52.50961503
216679,11,10,5,3,3,5,t,t,f,f,13.51182803,52.55065032
216678,8,11,16,2,3,6,t,f,t,f,13.45582152,52.47380072
216677,6,10,12,3,3,2,f,t,f,f,13.33908259,52.45656957
216676,1,10,9,4,3,5,t,t,f,f,13.35411019,52.54168197
216675,1,11,18,7,3,6,f,t,t,f,13.39601806,52.53837546
216674,3,11,18,2,3,0,f,t,f,t,13.36842016,52.58969315
216673,1,11,11,3,3,2,t,t,f,f,13.3385488,52.53026199
216672,6,11,14,6,3,6,t,f,t,f,13.26633684,52.45199047
216671,5,10,13,7,3,6,f,t,t,f,13.15574691,52.53307724
216670,11,10,11,7,3,6,f,f,t,f,13.53277387,52.51278604
216669,2,11,17,3,3,5,f,t,f,f,13.38871708,52.4993236
216668,6,11,13,5,3,6,f,f,t,f,13.24032604,52.44278047
216667,5,10,15,6,3,2,f,t,f,f,13.20100099,52.55542828
216666,5,10,11,6,2,2,f,t,t,f,13.19876085,52.54281209
216665,2,10,21,3,3,5,f,t,f,f,13.42993233,52.52317177
216664,12,10,18,3,3,0,f,t,f,t,13.31229529,52.60454956
216663,11,11,9,4,3,5,t,t,f,f,13.48509138,52.49596802
216662,12,11,18,3,3,2,f,t,f,t,13.32604097,52.56460063
216661,1,10,13,4,3,2,f,t,f,t,13.3893398,52.54700696
216660,1,10,9,6,3,0,f,t,f,t,13.36499359,52.52600785
216659,12,10,0,2,3,1,f,t,f,f,13.32877151,52.56625864
216658,4,11,13,6,3,3,f,t,f,f,13.29726208,52.52696213
216657,6,11,18,1,3,6,f,t,t,f,13.34586255,52.43621209
216656,8,11,17,4,2,0,t,f,t,f,13.43466805,52.47260589
216655,12,11,13,3,2,6,f,t,t,f,13.29163557,52.59514666
216654,7,10,12,6,3,5,t,t,f,f,13.3501086,52.41429517
216653,12,10,13,5,3,5,f,t,f,t,13.27821052,52.57572623
216652,6,10,15,1,3,5,t,t,f,f,13.12479917,52.42825754
216651,5,10,6,1,3,2,f,t,f,f,13.22789828,52.52833321
216650,4,11,10,4,3,2,f,t,f,f,13.28148858,52.50130795
216649,11,11,10,6,3,5,f,t,f,f,13.49999818,52.49895528
216648,1,10,16,3,3,6,t,f,t,f,13.41016975,52.51754814
216647,9,10,9,5,3,5,t,f,f,f,13.4403622,52.48990713
216646,4,11,9,6,3,5,f,t,f,t,13.28089055,52.47828198
216645,5,11,20,4,3,2,f,t,f,f,13.26650475,52.53355077
216644,12,10,18,4,2,0,f,f,f,t,13.31150682,52.56791275
216643,7,10,5,7,3,9,f,f,f,t,13.3774186,52.47936922
216642,4,10,12,6,3,1,t,t,f,f,13.28624956,52.49772046
216641,1,11,9,3,2,5,t,f,f,f,13.41197506,52.52817524
216640,1,11,17,5,3,6,f,t,t,f,13.38301909,52.5420474
216639,6,11,13,3,3,3,f,t,f,f,13.30956052,52.4671091
216638,4,10,21,7,3,0,f,t,f,f,13.33122785,52.49541572
216637,11,10,14,5,3,5,f,t,f,t,13.52357693,52.47882402
216636,12,10,7,3,3,5,t,t,f,f,13.36053154,52.59680995
216635,7,11,16,2,3,2,f,t,f,f,13.36600035,52.49548936
216634,1,11,8,5,3,0,t,t,f,f,13.37065005,52.55906021
216633,1,11,19,1,3,5,t,t,f,f,13.42104211,52.50980291
216632,1,10,6,3,3,5,f,t,f,f,13.38340124,52.51153722
216631,11,11,17,7,3,5,f,t,f,t,13.50035009,52.5106708
216630,6,11,9,2,3,5,f,t,f,f,13.28597725,52.44960959
216629,3,10,8,5,3,1,f,t,f,f,13.4972165,52.62857987
216628,12,10,17,6,3,5,f,t,f,f,13.33067929,52.57109706
216627,8,10,15,2,3,5,t,t,f,f,13.44238844,52.46576829
216626,8,10,13,6,3,4,t,f,f,f,13.42069821,52.46888503
216625,5,11,8,4,3,5,t,t,f,f,13.24163029,52.54337407
216624,10,11,9,5,3,5,t,f,f,f,13.62374866,52.52190103
216623,10,10,17,6,3,2,f,t,f,f,13.56156737,52.50715815
216622,5,10,15,3,3,4,f,t,f,f,13.2639731,52.53847974
216621,7,10,18,3,3,5,f,t,f,f,13.36014719,52.41791758
216620,1,10,8,2,3,5,t,t,f,f,13.39130208,52.53621992
216619,1,11,8,2,3,5,t,t,f,f,13.38677104,52.54345054
216618,4,10,15,4,3,5,t,t,f,f,13.301066,52.52806897
216617,1,10,15,4,3,5,f,t,f,f,13.34393914,52.54643041
216616,1,11,18,7,3,0,t,f,f,f,13.36384461,52.54830015
216615,1,11,9,3,3,5,t,t,f,f,13.35628351,52.54320751
216614,3,11,21,7,3,1,f,t,f,t,13.40695911,52.59067393
216613,9,10,11,1,3,2,f,t,f,f,13.52669539,52.42646196
216612,8,10,13,7,2,1,f,f,f,t,13.43982525,52.43144879
216611,8,11,22,5,3,5,f,t,f,f,13.43456352,52.482792
216610,9,11,19,5,3,2,f,t,f,f,13.52877662,52.45226137
216609,3,10,9,2,3,6,f,t,t,f,13.42443664,52.53293753
216608,11,10,7,4,3,5,t,t,f,f,13.47945155,52.51619707
216607,2,11,11,5,3,5,t,t,f,f,13.43734543,52.51081187
216606,4,11,11,3,3,5,f,t,f,t,13.31484261,52.46942384
216605,6,10,13,5,3,5,f,t,f,f,13.35192738,52.41857866
216604,3,10,15,5,3,1,t,t,f,f,13.40172322,52.56868647
216603,1,10,15,2,3,1,t,t,f,f,13.41760087,52.51334903
216602,5,11,14,6,3,5,f,t,f,t,13.20266052,52.54984301
216601,4,11,7,2,3,1,f,t,f,t,13.31107019,52.49583969
216600,7,11,13,5,2,6,f,t,t,f,13.38220136,52.39938756
216599,6,11,8,2,3,5,f,t,f,f,13.2476638,52.46747413
216598,3,10,12,7,3,2,t,t,f,f,13.42876759,52.58174554
216597,10,10,12,5,3,5,f,t,f,f,13.5603724,52.48660223
216596,5,10,10,2,3,2,f,t,f,f,13.20557215,52.54182107
216595,5,10,21,4,3,5,f,t,f,f,13.21737309,52.53780364
216594,4,11,13,7,3,5,t,t,f,f,13.32306717,52.49067983
216593,9,11,9,2,3,5,t,t,f,f,13.5504115,52.42915252
216592,11,11,19,3,3,5,f,t,f,f,13.47627905,52.53310489
216591,1,11,16,2,3,5,f,t,f,f,13.34169647,52.53483763
216590,5,10,8,7,3,7,t,f,f,f,13.1436323,52.45535062
216589,1,10,11,7,2,5,f,t,f,t,13.39182489,52.5105007
216588,5,11,20,3,3,5,t,t,f,f,13.17194199,52.55013197
216587,8,11,19,5,3,0,f,t,f,t,13.42351026,52.48656279
216586,2,10,5,1,3,9,f,t,f,f,13.38590851,52.48738095
216585,4,10,7,4,3,5,f,t,f,f,13.28139989,52.51283641
216584,4,10,12,3,3,5,f,t,f,f,13.32611175,52.53834505
216583,3,11,10,5,3,1,t,t,f,f,13.47363336,52.60995417
216582,6,11,7,3,3,1,t,t,f,f,13.30532563,52.46564862
216581,6,10,10,4,3,5,t,t,f,f,13.25007242,52.42123494
216580,4,10,10,5,3,2,f,t,f,t,13.26737724,52.51417224
216579,1,11,20,7,3,5,f,t,f,f,13.34601696,52.50400401
216578,10,11,22,1,3,4,f,t,f,f,13.56153478,52.50170333
216577,2,11,16,4,3,6,f,f,t,f,13.39456068,52.48737405
216576,8,11,17,3,3,1,t,f,f,f,13.45113562,52.47355068
216575,1,10,15,7,3,6,t,f,t,f,13.39099336,52.5448523
216574,9,10,14,4,2,0,t,t,f,f,13.54991445,52.43626561
216573,5,10,6,1,2,8,f,t,f,f,13.14169943,52.45542553
216572,3,10,15,1,3,2,t,f,f,f,13.46066018,52.5638208
216571,12,11,7,4,3,2,f,t,f,f,13.36287528,52.56662396
216570,3,11,18,5,3,5,t,f,f,t,13.4132368,52.54767621
216569,5,10,15,2,3,5,f,t,f,f,13.22700943,52.54939337
216568,2,10,20,4,3,5,t,t,f,f,13.45769721,52.51280133
216567,6,11,17,6,2,6,f,t,t,f,13.34302581,52.43967448
216566,1,11,9,4,3,5,t,t,f,f,13.36668252,52.55729216
216565,5,10,18,4,3,6,f,t,t,f,13.19830424,52.54845094
216564,1,10,23,5,3,5,f,t,f,f,13.41229322,52.51593556
216563,8,10,21,6,3,1,f,t,f,f,13.43188888,52.4401726
216562,9,10,21,1,3,5,t,t,f,f,13.55502377,52.43253311
216561,7,10,12,6,3,2,f,t,f,t,13.38152777,52.41082862
216560,4,11,18,2,2,6,f,t,t,f,13.29964078,52.47330867
216559,11,11,14,5,3,0,f,t,f,t,13.51604804,52.50581277
216558,3,11,14,4,3,5,f,t,f,f,13.47037116,52.5537187
216557,3,10,18,1,3,2,f,t,f,t,13.40218218,52.60287061
216556,9,10,15,5,3,1,f,t,f,f,13.62021678,52.44666884
216555,1,10,7,3,3,5,t,t,f,f,13.41515451,52.52083594
216554,8,11,13,2,3,6,f,t,t,f,13.45318897,52.48287403
216553,6,11,11,7,2,5,t,t,f,f,13.33965441,52.44776802
216552,6,11,7,2,3,2,f,t,f,f,13.35207282,52.43579196
216551,9,10,11,3,3,2,f,t,f,f,13.56874123,52.40517883
216550,2,11,18,7,3,5,t,t,f,f,13.43041849,52.4992144
216549,11,11,22,2,2,6,t,f,t,f,13.50775348,52.54504034
216548,4,11,15,2,3,6,f,t,t,f,13.31277395,52.48987297
216547,1,10,14,6,3,6,f,t,t,f,13.38392061,52.51691312
216546,2,10,17,6,3,5,t,f,f,f,13.38662062,52.505373
216545,11,10,12,2,3,5,f,t,f,f,13.50115101,52.56070522
216544,7,10,16,6,3,5,f,t,f,t,13.39341104,52.45796564
216543,3,11,17,3,2,6,f,t,t,f,13.45167896,52.53503769
216542,6,11,16,5,2,5,t,t,f,f,13.32874848,52.45417061
216541,9,10,9,7,2,6,f,t,t,f,13.53676615,52.39787901
216540,3,10,15,3,2,2,f,t,f,f,13.444312,52.5652369
216539,12,10,17,3,2,4,t,f,f,f,13.27574038,52.59750842
216538,7,10,21,2,3,5,t,t,f,f,13.33910891,52.49231657
216537,11,11,18,3,3,3,f,t,f,f,13.52487018,52.49562162
216536,5,10,15,4,2,6,f,t,t,f,13.19582126,52.52926985
216535,4,10,16,4,3,2,f,t,f,t,13.25762459,52.51875672
216534,6,11,10,6,3,5,f,t,f,f,13.32639121,52.44758348
216533,3,11,17,1,2,5,f,t,f,t,13.43412702,52.54579714
216532,1,11,9,5,3,5,f,t,f,f,13.35058208,52.53254301
216531,1,11,12,7,3,5,t,t,f,f,13.34140687,52.52057782
216530,1,10,16,1,3,9,f,t,f,f,13.37924659,52.52945577
216529,9,10,19,7,3,4,t,f,f,f,13.59331104,52.4501155
216528,5,11,12,5,3,2,f,t,f,f,13.13853782,52.45517324
216527,4,11,9,6,3,5,f,t,f,f,13.28026355,52.51832536
216526,6,10,21,7,3,1,f,t,f,f,13.33291839,52.43989851
216525,9,10,18,4,3,5,t,t,f,f,13.53653258,52.45993509
216524,12,11,16,5,3,2,f,t,f,f,13.32221517,52.58756612
216523,3,11,8,3,2,5,t,t,f,f,13.42875718,52.57800946
216522,8,10,15,5,3,5,f,t,f,f,13.49126271,52.42057431
216521,3,10,10,5,3,0,f,f,f,t,13.4625667,52.53184005
216520,4,10,15,6,3,0,f,f,f,t,13.28866158,52.47678293
216519,9,11,23,1,2,9,f,t,f,f,13.59832073,52.45257485
216518,7,11,18,5,3,2,f,t,f,f,13.3701369,52.46514225
216517,1,11,17,3,3,0,t,t,f,f,13.39133514,52.56344871
216516,8,10,15,6,3,5,f,t,f,f,13.42884159,52.47789178
216515,4,10,11,5,3,3,t,t,f,f,13.32043979,52.48546949
216514,11,10,7,2,3,6,f,t,t,f,13.51291092,52.56631824
216513,10,10,14,1,3,5,t,f,f,f,13.6085282,52.54299402
216512,7,11,22,5,3,2,f,t,f,f,13.37904434,52.4482701
216511,5,11,4,7,3,0,f,f,f,f,13.23007456,52.54659029
216510,6,10,10,2,3,2,f,t,f,f,13.32619854,52.42784988
216509,7,10,9,5,3,5,f,t,f,t,13.37061442,52.47050228
216508,1,11,0,6,3,0,t,f,f,f,13.33351806,52.52784405
216507,1,10,1,5,3,8,f,t,f,f,13.37637012,52.55635102
216506,6,10,19,6,3,5,f,t,f,f,13.22396448,52.42968047
216505,3,10,13,7,2,6,t,f,t,f,13.40975334,52.53589281
216504,8,10,17,7,3,6,f,f,t,f,13.43243473,52.48834206
216503,3,11,17,2,3,2,t,t,f,f,13.41672193,52.54704581
216502,4,11,9,6,3,6,t,f,t,f,13.32169626,52.48822353
216501,4,11,7,4,3,5,f,t,f,f,13.2815406,52.51100987
216500,4,10,2,1,3,8,f,t,f,f,13.30025875,52.52269479
216499,8,10,7,5,3,2,f,f,f,f,13.4301212,52.46986215
216498,3,10,9,3,3,2,f,t,f,t,13.45517822,52.55921784
216497,7,11,13,2,3,1,t,t,f,f,13.37258938,52.48789897
216496,1,11,14,7,3,5,f,t,f,f,13.35909173,52.54627471
216495,12,11,10,2,3,2,f,t,f,f,13.36182016,52.60861667
216494,12,10,7,4,3,2,f,t,f,f,13.32653152,52.60465522
216493,5,11,19,7,2,6,f,t,t,f,13.16547,52.55108533
216492,1,11,20,1,3,5,f,t,f,f,13.41182226,52.52396765
216491,8,11,16,4,3,5,t,t,f,f,13.43624528,52.46745943
216490,4,11,4,6,3,8,f,t,f,f,13.28969489,52.49496121
216489,4,11,7,2,3,5,f,f,f,t,13.30151157,52.50979466
216488,9,11,10,5,3,2,f,t,f,f,13.55313529,52.42734531
216487,1,11,22,7,3,6,f,t,t,f,13.3494112,52.54234954
216486,9,10,18,2,3,0,f,f,f,f,13.56010712,52.44640416
216485,5,10,12,5,3,6,f,t,t,f,13.20559191,52.54183953
216484,9,11,10,7,3,5,t,t,f,f,13.51346283,52.46459675
216483,6,10,14,5,3,0,f,f,f,f,13.34665661,52.45903159
216482,12,10,7,5,3,5,t,f,f,f,13.35163281,52.57806933
216481,9,10,14,7,2,4,f,t,f,f,13.64330312,52.4790863
216480,4,10,5,1,2,5,t,t,f,f,13.29949078,52.51975876
216479,1,10,11,6,3,2,f,t,f,t,13.38397818,52.51841979
216478,6,11,14,2,2,6,f,f,t,f,13.32030723,52.4570194
216477,4,11,17,5,3,6,f,t,t,f,13.32743128,52.52202214
216476,7,11,15,4,3,1,f,t,t,f,13.38670783,52.45057682
216475,2,10,16,1,3,3,f,t,f,t,13.37263054,52.48504749
216474,6,10,19,5,3,5,f,t,f,f,13.27028533,52.44235094
216473,2,10,14,3,3,6,f,t,t,f,13.46572878,52.5014055
216472,1,11,16,3,3,2,f,t,f,f,13.38417749,52.55593
216471,11,11,1,7,3,9,f,t,f,f,13.46729585,52.52390809
216470,1,11,11,2,3,5,t,t,f,f,13.38996617,52.50944457
216469,5,10,15,3,2,1,t,f,f,f,13.19461744,52.53180133
216468,11,11,12,7,2,4,f,t,f,f,13.48094609,52.52312542
216467,3,11,20,1,3,2,f,t,f,f,13.45702623,52.56089858
216466,9,11,14,3,3,6,t,f,t,f,13.57873063,52.45787365
216465,1,11,18,6,3,3,t,t,f,f,13.35300578,52.55951608
216464,10,10,10,6,3,5,f,t,f,f,13.5247895,52.53629682
216463,5,10,16,6,3,3,t,t,f,f,13.15526165,52.5513612
216462,6,10,17,7,2,6,f,t,t,f,13.28820751,52.46498329
216461,9,11,15,4,3,6,t,f,t,f,13.51392078,52.46288498
216460,11,11,9,5,3,5,f,t,f,f,13.47129075,52.50519489
216459,3,10,9,6,3,1,t,t,f,f,13.43954933,52.53562014
216458,3,10,16,6,3,0,f,t,f,f,13.44865484,52.54664832
216457,4,10,13,3,3,5,f,t,f,t,13.30642972,52.51859316
216456,8,10,11,4,3,1,t,t,f,f,13.4291599,52.47145189
216455,12,10,11,2,3,5,f,t,f,f,13.36041672,52.59690903
216454,6,11,15,3,3,2,f,t,f,t,13.3496484,52.44964678
216453,12,10,14,4,3,5,f,t,f,f,13.31541487,52.57792765
216452,8,11,23,6,3,5,f,t,f,f,13.44091446,52.46083413
216451,4,11,13,7,3,5,t,t,f,f,13.2496798,52.51557566
216450,5,11,18,4,3,5,f,t,f,f,13.22723383,52.54947005
216449,3,11,15,1,2,6,f,t,t,f,13.42756324,52.57690838
216448,5,10,13,7,3,2,f,t,f,f,13.174955,52.53383438
216447,6,10,15,7,3,1,t,t,f,f,13.32506945,52.43697443
216446,2,11,19,4,3,5,f,t,f,f,13.4044419,52.49520945
216445,8,11,14,6,3,5,t,t,f,f,13.44751009,52.47260494
216444,3,10,18,7,3,5,t,t,f,f,13.40251027,52.58559586
216443,6,10,22,3,3,6,f,t,t,f,13.34591059,52.43644214
216442,11,11,13,5,3,5,t,t,f,f,13.49650479,52.53398574
216441,6,11,2,4,3,8,f,t,f,f,13.3248993,52.45824408
216440,3,10,10,5,3,5,t,t,f,f,13.4653622,52.52343443
216439,2,10,19,5,3,5,t,t,f,f,13.42764435,52.49619403
216438,1,10,21,6,3,9,f,f,f,t,13.37331754,52.52766681
216437,10,11,6,2,3,6,f,t,t,f,13.59951151,52.54390549
216436,9,11,16,5,3,5,t,t,f,f,13.50240504,52.46123204
216435,6,11,16,2,3,2,f,t,f,f,13.30770913,52.42965053
216434,8,10,15,7,3,6,f,t,t,f,13.42361922,52.46544309
216433,6,10,18,5,2,5,t,t,f,f,13.33017236,52.44529752
216432,1,10,15,3,3,5,t,t,f,f,13.35144046,52.53945451
216431,1,11,15,2,3,1,t,t,f,f,13.40897735,52.51039374
216430,5,11,9,5,3,5,f,t,f,f,13.13323173,52.52632993
216429,1,11,1,1,3,5,f,t,f,f,13.39078803,52.51573836
216428,10,10,10,3,3,2,f,t,f,f,13.51746286,52.53535435
216427,6,11,11,5,3,2,f,t,f,f,13.29312106,52.44665011
216426,10,10,14,5,3,5,t,t,f,f,13.52934344,52.52561018
216425,1,10,9,6,3,5,t,t,f,f,13.40561898,52.53453765
216424,1,10,23,7,3,5,f,t,f,f,13.34949577,52.54226042
216423,1,10,16,6,2,6,t,f,t,f,13.3860046,52.55588942
216422,3,11,10,3,3,5,t,t,f,f,13.42699977,52.55221122
216421,10,11,7,6,2,6,f,t,t,f,13.61985376,52.53926706
216420,1,11,13,4,3,5,t,t,f,f,13.39302184,52.51500761
216419,4,10,22,1,3,6,f,t,t,f,13.30852754,52.47932785
216418,7,10,17,3,3,5,f,f,f,t,13.34290054,52.48409223
216417,7,10,12,4,3,6,f,f,t,f,13.38440991,52.45697597
216416,11,11,15,2,3,2,f,t,f,f,13.51255032,52.56592551
216415,5,10,7,3,3,0,f,t,f,f,13.19768857,52.52301553
216414,1,10,17,1,3,5,t,t,f,f,13.36425665,52.50996969
216413,1,11,9,7,3,5,f,t,f,f,13.39296204,52.51500372
216412,5,11,9,2,3,5,f,t,f,t,13.1942789,52.55555138
216411,4,11,9,3,3,0,t,f,f,f,13.33619566,52.50527957
216410,8,11,16,6,3,6,f,f,t,f,13.44935756,52.47501705
216409,8,10,22,7,3,5,f,t,f,f,13.43454105,52.48292748
216408,11,10,9,1,3,5,t,t,f,f,13.5069958,52.49685213
216407,11,11,12,4,3,6,f,f,t,f,13.5200818,52.50529147
216406,11,11,18,5,3,6,f,t,t,f,13.49451935,52.50383726
216405,2,10,18,7,3,0,f,t,f,t,13.46649757,52.50996939
216404,5,10,15,6,3,6,f,f,t,f,13.19780256,52.53311315
216403,7,10,11,4,3,5,t,t,f,f,13.36093695,52.41700543
216402,10,10,16,3,3,5,f,t,f,f,13.5506247,52.55998995
216401,4,11,17,5,3,1,t,t,f,f,13.3264783,52.49091527
216400,4,11,7,3,3,0,f,t,f,t,13.31267419,52.49925601
216399,9,10,7,4,3,2,f,t,f,f,13.59316199,52.45167587
216398,7,10,10,4,3,5,t,t,f,f,13.38286278,52.43825294
216397,1,10,8,2,3,0,f,t,f,t,13.37474715,52.55679016
216396,5,11,17,6,3,2,f,t,f,t,13.22691936,52.53777689
216395,11,11,9,7,3,0,t,f,f,f,13.46990318,52.54130217
216394,2,11,14,4,3,4,t,f,f,f,13.3870978,52.49315304
216393,6,11,20,2,2,0,f,f,f,t,13.27796973,52.4655487
216392,5,10,16,7,3,2,f,t,f,t,13.21693984,52.5377797
216391,4,10,12,5,3,2,f,t,f,f,13.31907408,52.50162296
216390,12,10,11,2,3,5,t,t,f,f,13.31524287,52.5779174
216389,4,10,20,1,3,1,f,t,f,f,13.27710855,52.51868031
216388,10,11,13,4,3,2,t,t,f,f,13.60150933,52.53328047
216387,7,11,15,6,3,0,f,f,f,t,13.34020497,52.4755177
216386,3,10,16,2,2,5,t,t,f,f,13.40804131,52.57289193
216385,1,9,7,4,3,3,t,t,f,f,13.42816503,52.50723579
216384,10,9,16,2,3,6,f,t,t,f,13.60237681,52.4790816
216383,4,9,7,3,3,5,t,f,f,f,13.31438708,52.47278767
216382,1,9,20,2,3,1,t,t,f,f,13.35878309,52.50086854
216381,1,9,12,6,3,6,t,f,t,f,13.35491565,52.55000002
216380,4,9,16,4,3,0,t,f,f,f,13.32801343,52.4797421
216379,4,8,20,2,3,0,f,t,f,t,13.28821921,52.51369142
216378,2,8,14,6,3,5,t,t,f,f,13.43203388,52.50572828
216377,4,9,15,2,3,1,t,t,f,f,13.29035045,52.47396967
216376,10,9,12,7,3,5,f,t,f,f,13.57069555,52.5320495
216375,8,9,16,7,3,3,t,f,f,f,13.43587758,52.48378974
216374,6,10,14,6,3,5,t,t,f,f,13.3146688,52.41735055
216373,7,9,19,3,3,6,f,f,t,f,13.33526636,52.47240576
216372,2,9,14,3,2,5,t,f,f,f,13.40467912,52.49088898
216371,5,8,12,5,3,2,f,t,f,t,13.19954887,52.53491479
216370,10,8,13,3,3,5,t,t,f,f,13.57353036,52.54653685
216369,11,9,20,6,3,0,f,f,f,f,13.52119091,52.49986665
216368,5,9,8,5,3,6,t,f,t,f,13.18787902,52.53932311
216367,3,9,17,3,3,5,t,t,f,f,13.36741544,52.58627711
216366,1,9,17,7,3,5,t,t,f,f,13.35390555,52.52852749
216365,7,9,1,4,2,5,f,t,f,f,13.34090279,52.49979881
216364,1,9,19,7,3,3,t,f,f,f,13.39097358,52.53995031
216363,2,8,23,7,3,5,f,t,f,f,13.3964967,52.49130876
216362,1,9,9,5,2,3,t,f,f,t,13.34770763,52.52477906
216361,1,9,16,5,3,6,f,t,t,f,13.36806102,52.50253264
216360,1,9,12,4,3,5,f,t,f,f,13.37894708,52.52639864
216359,3,9,12,4,3,4,t,f,f,f,13.48791037,52.61841028
216358,1,8,9,6,3,0,f,f,f,t,13.40359764,52.5169043
216357,3,8,17,4,2,5,f,t,f,t,13.43280582,52.59581852
216356,1,9,17,7,3,0,f,f,f,f,13.37189847,52.5486846
216355,5,9,8,6,3,2,f,t,f,f,13.14586954,52.45539555
216354,2,9,12,3,3,6,f,t,t,f,13.41934314,52.50134672
216353,6,9,7,3,2,5,t,t,f,f,13.21209329,52.43395276
216352,4,9,10,5,3,3,t,f,f,t,13.28901639,52.51894838
216351,8,9,13,3,3,2,f,t,f,f,13.42491964,52.48149456
216350,4,9,15,3,3,6,f,t,t,f,13.32362878,52.48645686
216349,3,8,22,1,3,1,f,t,f,f,13.45502391,52.53781345
216348,2,9,15,6,3,5,t,t,f,f,13.39765976,52.49517007
216347,9,9,14,7,3,5,f,t,f,f,13.49137268,52.46915405
216346,2,9,6,5,3,4,t,f,f,f,13.40358771,52.49391415
216345,6,9,10,5,3,6,f,f,t,f,13.31326995,52.41880059
216344,10,8,12,7,3,5,f,t,f,f,13.58797926,52.52078431
216343,10,8,7,4,3,2,f,t,f,f,13.56929065,52.56081939
216342,6,9,15,2,3,6,f,t,t,f,13.31903747,52.4574999
216341,2,9,12,1,2,5,t,t,f,f,13.45105177,52.50854809
216340,6,8,22,3,3,2,f,t,f,f,13.33207851,52.45285006
216339,4,9,13,6,3,0,t,f,f,f,13.29627901,52.48411178
216338,10,9,7,5,3,2,f,t,f,f,13.59838703,52.53497629
216337,9,9,16,3,3,5,t,t,f,f,13.58442868,52.46420055
216336,2,9,16,3,3,5,t,t,f,f,13.44655082,52.50272547
216335,2,9,18,3,3,1,t,t,f,f,13.45935746,52.50102276
216334,2,8,15,2,2,5,t,t,f,f,13.42620357,52.5158061
216333,1,9,7,6,3,2,f,t,f,t,13.34796822,52.54116157
216332,8,8,17,2,3,5,f,t,f,f,13.43658934,52.47450059
216331,2,8,12,2,3,0,f,f,f,f,13.40604884,52.49351976
216330,1,8,16,6,3,8,f,f,f,f,13.34087066,52.52561108
216329,9,9,14,2,3,5,f,t,f,f,13.53818579,52.42877371
216328,12,9,12,6,3,5,f,t,f,f,13.29212847,52.59057094
216327,3,8,17,3,3,5,t,f,f,f,13.41482442,52.55385933
216326,3,9,14,1,3,5,t,t,f,f,13.37091649,52.59067948
216325,1,8,18,6,3,5,f,t,f,t,13.3766254,52.50941404
216324,8,9,18,5,3,6,f,t,t,f,13.43844094,52.41750692
216323,3,9,11,6,3,0,f,f,f,t,13.42063405,52.54874285
216322,9,9,7,4,3,5,t,t,f,f,13.52110381,52.44172019
216321,9,9,22,4,3,5,f,t,f,t,13.45341163,52.4892459
216320,4,8,15,5,3,5,f,t,f,f,13.31866415,52.54634687
216319,9,8,17,3,3,6,t,f,t,f,13.57906133,52.45823902
216318,1,9,15,7,2,1,f,t,f,t,13.40505892,52.51749477
216317,5,9,14,4,3,0,t,t,f,f,13.23316704,52.53953665
216316,7,9,14,3,3,2,f,t,f,f,13.38082728,52.40561504
216315,1,9,19,1,3,5,t,t,f,f,13.38420252,52.55603754
216314,11,9,15,5,2,4,f,t,f,f,13.52491448,52.55948108
216313,11,9,21,2,2,1,t,t,f,f,13.53985684,52.49372715
216312,1,9,15,5,3,0,t,f,f,f,13.41042522,52.51703583
216311,4,9,17,1,3,5,t,f,f,f,13.33663144,52.50511614
216310,2,8,14,6,2,3,t,f,f,f,13.44550817,52.50164496
216309,3,9,6,5,3,5,t,f,f,f,13.42717465,52.54491337
216308,4,9,15,6,2,5,t,t,f,f,13.30573041,52.47974851
216307,6,9,16,4,3,6,f,t,t,f,13.34707507,52.44996379
216306,12,9,14,4,3,0,t,t,f,f,13.22626806,52.61340966
216305,2,8,10,6,3,2,t,f,f,f,13.39948752,52.49824791
216304,7,8,11,4,3,5,t,t,f,f,13.34993167,52.47024444
216303,6,9,15,7,3,0,f,f,f,t,13.18927386,52.43374993
216302,7,8,15,2,3,0,f,t,f,f,13.38432464,52.45586058
216301,1,9,13,6,2,6,f,t,t,f,13.36381666,52.543556
216300,7,9,10,4,3,5,f,t,f,t,13.34747555,52.48699447
216299,1,9,8,2,3,1,f,t,f,f,13.36083491,52.5453632
216298,2,9,13,5,3,3,f,t,f,t,13.39422715,52.49756583
216297,9,9,8,3,3,5,t,t,f,f,13.54110662,52.43011745
216296,1,9,16,7,3,1,f,f,f,f,13.42061699,52.50582284
216295,6,8,19,3,3,3,t,t,f,f,13.32659443,52.40631284
216294,1,9,10,2,3,6,t,f,t,f,13.38778537,52.55544482
216293,10,9,15,5,3,3,t,t,f,f,13.6339654,52.53860595
216292,11,9,18,1,3,5,f,t,f,f,13.4947736,52.55949254
216291,6,8,14,7,2,5,t,f,f,f,13.14778386,52.41828377
216290,8,9,9,6,3,5,f,t,f,t,13.47650189,52.42556681
216289,7,9,4,7,3,5,f,t,f,f,13.3928086,52.41254365
216288,2,9,18,4,3,0,f,t,f,t,13.44576511,52.50184467
216287,8,9,21,4,3,5,t,t,f,f,13.43223748,52.46454045
216286,5,8,9,6,3,3,f,t,f,t,13.20342646,52.54080584
216285,8,8,22,4,3,6,f,t,t,f,13.44180008,52.4697141
216284,3,9,2,7,2,5,t,t,f,f,13.38976021,52.57429667
216283,1,9,16,5,3,5,t,t,f,f,13.39603839,52.53834939
216282,4,9,12,6,3,3,f,t,f,f,13.30797072,52.49669234
216281,5,9,12,4,3,2,f,t,f,t,13.19933778,52.5344911
216280,7,9,11,2,3,0,f,t,f,f,13.40068412,52.41436613
216279,11,8,17,1,3,2,f,t,f,t,13.52475848,52.4952885
216278,6,9,18,3,3,5,t,t,f,f,13.36466838,52.42705831
216277,7,9,10,3,3,4,f,t,f,f,13.360383,52.4127683
216276,12,8,10,2,3,5,f,t,f,f,13.37852452,52.5660264
216275,5,9,11,6,3,0,f,t,f,f,13.20085133,52.53855584
216274,4,9,12,7,3,5,t,t,f,f,13.32468763,52.49506812
216273,2,9,16,5,3,5,f,t,f,f,13.39047629,52.49585353
216272,4,8,16,2,2,5,f,t,f,f,13.31550591,52.48838517
216271,8,8,21,1,3,4,t,t,f,f,13.44274735,52.4804082
216270,2,9,23,5,3,5,f,t,f,f,13.46406346,52.51300708
216269,8,8,22,6,3,6,f,t,t,f,13.42484757,52.4822447
216268,2,9,17,7,3,6,f,t,t,f,13.4659353,52.50887254
216267,9,9,9,7,3,2,t,f,f,f,13.57519493,52.42442854
216266,1,8,7,3,3,0,f,f,f,f,13.40466762,52.53981223
216265,4,9,3,7,3,4,f,t,f,f,13.27439096,52.500554
216264,6,10,6,6,3,3,t,t,f,f,13.31232472,52.41971477
216263,1,9,16,3,3,6,f,f,t,f,13.3816644,52.55630959
216262,2,9,17,3,3,5,t,f,f,f,13.45752259,52.51286161
216261,6,9,7,3,3,5,t,t,f,f,13.35320676,52.44930924
216260,5,8,23,2,2,2,f,t,f,f,13.22743588,52.52855512
216259,11,9,10,6,3,1,t,t,f,f,13.52260721,52.50683915
216258,5,8,16,2,3,5,f,t,f,f,13.1429226,52.53962027
216257,4,9,7,3,3,2,f,t,f,f,13.29438324,52.48448552
216256,4,9,9,7,3,0,t,f,f,f,13.31564025,52.46974367
216255,12,9,14,4,3,5,t,t,f,f,13.35448267,52.61807207
216254,10,9,12,7,3,2,f,t,f,f,13.5723606,52.5489719
216253,1,8,15,1,2,9,f,f,f,t,13.3413144,52.54505153
216252,9,9,15,4,3,3,t,f,f,t,13.68575658,52.4429488
216251,7,9,16,5,3,5,t,t,f,f,13.33273013,52.47547308
216250,8,9,15,4,3,5,t,t,f,f,13.44476932,52.48509734
216249,10,9,11,4,3,5,f,t,f,f,13.6121561,52.53897116
216248,8,8,17,5,3,0,f,f,f,t,13.45416677,52.4796815
216247,9,8,15,3,3,1,f,t,f,f,13.48000715,52.46471909
216246,4,9,17,6,3,5,t,t,f,f,13.28683884,52.51297162
216245,7,9,15,4,3,6,f,t,t,f,13.36666266,52.47473111
216244,6,9,20,3,3,0,t,f,f,f,13.32652596,52.45971082
216243,4,9,9,1,3,5,f,t,f,f,13.24950157,52.51567149
216242,1,9,14,5,2,5,t,t,f,f,13.36105558,52.55536577
216241,9,9,10,2,3,5,f,t,f,f,13.57533986,52.44748947
216240,3,9,15,1,3,6,f,t,t,f,13.48331722,52.61188405
216239,5,8,4,1,3,0,f,f,f,f,13.20230749,52.5465472
216238,1,9,7,6,3,5,t,f,f,f,13.37318181,52.5470586
216237,1,9,19,6,3,3,f,f,f,t,13.39971605,52.50907822
216236,1,9,17,4,3,5,f,t,f,f,13.39805724,52.53488109
216235,5,8,15,2,2,0,f,t,f,t,13.19433454,52.54564068
216234,4,9,22,5,3,0,f,t,f,t,13.28638706,52.47862569
216233,8,8,20,6,3,5,f,t,f,f,13.42110818,52.48025107
216232,5,8,13,4,3,4,f,t,f,f,13.15893934,52.46285152
216231,2,9,12,1,3,2,f,t,f,f,13.40710151,52.49847521
216230,1,8,8,2,3,2,t,f,f,f,13.37379338,52.54744072
216229,10,9,13,6,2,5,t,t,f,f,13.5616338,52.50105236
216228,4,9,17,4,3,0,t,f,f,f,13.30958422,52.5065914
216227,7,9,20,2,2,5,f,t,f,f,13.34744348,52.47059034
216226,1,8,6,2,3,1,f,t,f,t,13.37944472,52.55943565
216225,7,9,14,3,2,5,f,t,f,t,13.34494398,52.48003247
216224,4,9,13,3,3,2,f,t,f,f,13.29017372,52.48237039
216223,5,8,8,3,3,0,f,t,f,t,13.19950462,52.53429738
216222,5,9,20,6,3,1,t,t,f,f,13.26384797,52.54074203
216221,7,9,18,4,3,3,t,t,f,f,13.36026426,52.48200883
216220,2,8,23,6,3,2,f,t,f,t,13.419533,52.49663592
216219,3,9,18,2,3,0,t,f,f,f,13.4210161,52.56537076
216218,4,9,14,7,3,5,f,t,f,f,13.2833216,52.51851328
216217,3,8,20,3,2,0,t,f,t,f,13.43844237,52.56665132
216216,4,9,19,5,3,4,t,f,f,t,13.33169048,52.50535259
216215,12,9,16,6,3,6,f,t,t,f,13.3062012,52.62701259
216214,2,10,10,6,3,5,f,t,f,f,13.39981658,52.49442618
216213,11,9,7,3,2,6,f,t,t,f,13.49625698,52.52042048
216212,2,9,9,4,3,5,t,t,f,f,13.43753732,52.50337759
216211,6,9,11,3,3,5,f,t,f,f,13.27010004,52.44995715
216210,3,8,7,5,3,5,t,t,f,f,13.42639461,52.60313147
216209,10,8,18,3,3,3,t,f,f,f,13.57994549,52.52545017
216208,9,9,18,6,3,3,f,t,f,t,13.49931284,52.45935293
216207,9,9,16,3,3,5,t,t,f,f,13.61269165,52.45419925
216206,12,8,12,1,3,5,f,t,f,f,13.29794167,52.57818701
216205,7,9,14,3,2,0,f,f,f,t,13.39644331,52.44012172
216204,6,9,16,3,3,2,f,t,f,f,13.30227478,52.43792503
216203,3,8,17,2,2,3,t,f,f,f,13.40059764,52.55441591
216202,6,9,18,6,3,5,t,t,f,f,13.33154029,52.46377512
216201,2,9,1,1,3,0,f,f,f,t,13.39585539,52.49787268
216200,3,9,10,5,2,1,f,t,f,f,13.49842224,52.63351069
216199,5,8,6,2,3,5,f,t,f,f,13.2302149,52.52983449
216198,8,10,14,6,3,3,f,t,f,f,13.43476278,52.48425523
216197,6,8,3,1,3,9,f,t,f,f,13.3539934,52.44463494
216196,9,9,18,2,3,1,t,f,f,f,13.53635466,52.4602152
216195,11,9,19,1,2,5,f,t,f,t,13.52815829,52.55695955
216194,5,9,14,7,3,5,f,t,f,t,13.16747672,52.55193173
216193,4,10,8,6,3,5,t,t,f,f,13.3294503,52.48165438
216192,7,9,11,3,2,1,t,t,f,f,13.38279195,52.47200761
216191,2,9,8,3,3,5,t,t,f,f,13.38670722,52.49130415
216190,1,9,8,4,3,3,f,t,f,f,13.33428121,52.54135465
216189,4,8,8,3,3,0,t,f,f,f,13.30937738,52.5073258
216188,1,9,9,6,3,5,t,t,f,f,13.41719446,52.51246753
216187,2,9,12,4,3,5,f,t,f,t,13.39941396,52.49828748
216186,2,9,11,2,3,0,f,f,f,t,13.46648161,52.5020593
216185,8,9,1,6,2,1,f,t,f,f,13.43257518,52.48848763
216184,7,8,23,3,3,1,t,t,f,f,13.34496739,52.48630538
216183,9,9,13,5,3,0,f,f,t,f,13.59149646,52.42630345
216182,4,9,11,7,3,0,t,t,f,f,13.33143775,52.50376622
216181,1,8,13,7,3,0,f,f,f,t,13.39103386,52.51487803
216180,2,9,16,5,3,0,f,t,f,t,13.46440138,52.50991088
216179,1,9,2,6,2,0,f,f,f,f,13.39209248,52.5122509
216178,11,9,14,4,3,5,f,t,f,t,13.52721831,52.55642803
216177,9,9,12,4,3,6,f,t,t,f,13.56245014,52.45667508
216176,3,8,16,5,3,5,t,t,f,f,13.43388545,52.61209951
216175,8,8,10,3,3,5,f,t,f,f,13.43815023,52.48273225
216174,1,9,16,6,3,3,t,t,f,f,13.32798729,52.53289094
216173,2,9,8,5,3,5,t,t,f,f,13.38836492,52.50198352
216172,3,9,13,4,2,0,f,f,f,t,13.44817086,52.5646972
216171,1,9,10,1,3,2,f,t,f,f,13.38489915,52.55039381
216170,4,9,14,5,3,2,f,t,f,t,13.32614956,52.50260947
216169,6,9,10,2,3,6,t,f,t,f,13.26835665,52.44717044
216168,4,9,15,1,3,0,t,t,f,f,13.25969859,52.51619169
216167,7,8,19,2,3,0,f,t,f,f,13.33446214,52.47150104
216166,5,9,7,5,3,5,t,t,f,f,13.14171765,52.54693211
216165,6,9,13,6,3,1,t,t,f,f,13.27714495,52.43244635
216164,8,9,18,4,3,0,t,t,f,f,13.42873874,52.49324927
216163,6,9,15,5,3,5,f,t,f,f,13.26548172,52.44220311
216162,12,8,13,6,3,2,f,t,f,f,13.32867221,52.56598564
216161,6,9,15,5,3,0,t,f,f,f,13.28007774,52.45941357
216160,9,8,8,4,3,5,t,f,f,f,13.55934701,52.42333599
216159,1,9,15,1,3,5,t,t,f,f,13.34332475,52.52623249
216158,5,9,13,6,2,2,f,t,f,f,13.19579145,52.53539
216157,3,9,9,6,3,2,f,t,f,f,13.40843795,52.55422601
216156,5,9,7,4,3,5,t,t,f,f,13.2673447,52.53115448
216155,5,9,22,2,2,0,f,t,f,f,13.19605166,52.53027706
216154,6,9,16,3,3,2,f,t,f,f,13.29903085,52.42223518
216153,11,9,14,2,3,0,t,t,f,f,13.49221577,52.54395796
216152,4,8,14,3,2,3,t,t,f,f,13.33057436,52.50357487
216151,9,9,15,6,3,6,t,f,t,f,13.51898049,52.45413549
216150,3,9,16,4,3,6,t,f,t,f,13.4411765,52.54346857
216149,12,8,21,1,3,1,f,t,f,f,13.31228624,52.60455728
216148,1,8,16,6,3,0,f,t,f,t,13.40335729,52.52740217
216147,3,9,7,2,3,6,t,f,t,f,13.44164322,52.54327567
216146,12,9,8,7,3,0,f,f,f,t,13.33093578,52.56274746
216145,4,8,9,3,3,5,t,t,f,f,13.28061261,52.51684452
216144,2,9,13,7,3,2,f,t,f,f,13.44389236,52.50004087
216143,12,10,12,6,3,5,f,t,f,f,13.2943628,52.62950727
216142,4,9,17,3,3,5,t,f,f,t,13.26456558,52.52077235
216141,7,9,15,4,3,5,t,t,f,f,13.41615268,52.45957439
216140,5,9,11,3,3,0,f,t,f,f,13.19633211,52.53040622
216139,12,8,15,5,2,8,t,f,f,f,13.2254688,52.61351744
216138,4,8,19,3,3,5,t,t,f,f,13.28170806,52.47647253
216137,7,9,10,6,3,2,f,f,f,f,13.3625403,52.49759604
216136,8,9,21,5,3,5,f,t,f,f,13.42456981,52.47583227
216135,3,9,15,3,3,2,f,t,f,t,13.45258386,52.53916689
216134,11,9,2,1,2,0,f,f,f,f,13.49355319,52.54465939
216133,12,9,16,4,2,5,f,t,f,t,13.29339875,52.60863538
216132,5,9,12,1,3,2,f,t,f,f,13.17705732,52.51706174
216131,3,8,19,7,3,2,f,t,f,f,13.40216771,52.60286846
216130,4,9,12,5,3,5,f,t,f,f,13.28301469,52.47516595
216129,1,9,18,5,3,2,t,f,f,f,13.41587139,52.52155245
216128,10,9,7,4,3,5,f,t,f,f,13.53966188,52.53980955
216127,1,9,19,4,3,1,t,t,f,f,13.40078355,52.53028943
216126,2,8,6,6,3,5,t,t,f,f,13.38805794,52.49296994
216125,8,8,21,4,2,6,f,t,t,f,13.45580718,52.47398875
216124,8,9,15,7,3,6,f,t,t,f,13.43368104,52.48495877
216123,4,9,16,5,3,5,f,t,f,f,13.3376403,52.501554
216122,6,9,14,3,3,2,t,t,f,f,13.262606,52.43927852
216121,7,9,14,2,3,3,t,t,f,f,13.33393304,52.47150179
216120,12,9,8,4,2,6,f,t,t,f,13.29015853,52.57554207
216119,1,9,18,2,2,5,t,f,f,f,13.41712972,52.51610358
216118,3,9,16,2,3,5,t,t,f,f,13.44232016,52.54658939
216117,9,8,12,2,2,6,f,f,t,f,13.58618551,52.42547788
216116,10,9,7,6,3,5,f,t,f,f,13.62423572,52.5298147
216115,4,9,7,3,3,5,f,t,f,t,13.32962445,52.50996618
216114,3,9,11,6,3,6,f,t,t,f,13.42557659,52.60799596
216113,1,9,7,4,3,1,t,t,f,f,13.39144575,52.52533976
216112,1,9,11,1,3,5,t,t,f,f,13.4114556,52.52395585
216111,3,8,11,7,3,5,t,t,f,f,13.44509383,52.58136901
216110,2,9,14,5,3,5,f,t,f,f,13.40929366,52.50179845
216109,10,9,18,5,2,0,f,t,f,f,13.56442126,52.51884748
216108,1,9,10,4,3,2,f,t,f,f,13.40988895,52.51078587
216107,7,9,16,4,3,0,f,t,f,t,13.346523,52.49724836
216106,1,8,6,6,2,0,f,t,f,t,13.37469629,52.528089
216105,11,8,20,4,2,0,f,f,f,t,13.50006729,52.53104848
216104,8,9,19,6,3,5,f,t,f,f,13.44035801,52.46748473
216103,6,9,17,4,3,6,t,f,t,f,13.25781178,52.43658795
216102,1,9,10,3,3,5,t,t,f,f,13.34192413,52.53422712
216101,4,9,16,7,3,0,t,t,f,f,13.3131523,52.49991813
216100,2,9,20,4,3,0,f,f,t,t,13.40913927,52.50178298
216099,11,9,15,2,3,5,t,t,f,f,13.48181985,52.52687663
216098,6,9,9,2,3,6,f,t,t,f,13.32849267,52.46323124
216097,3,8,13,1,3,0,f,t,f,f,13.48664964,52.55632919
216096,1,9,1,6,3,5,t,t,f,f,13.39292362,52.52746306
216095,11,9,10,7,3,5,t,t,f,f,13.5244972,52.47866138
216094,9,9,12,5,3,3,f,t,f,f,13.5639591,52.44576242
216093,6,9,16,5,3,5,f,t,f,f,13.31568335,52.4416611
216092,11,8,21,7,3,3,f,t,f,f,13.52351807,52.47719245
216091,1,8,18,4,3,6,f,t,t,f,13.33193665,52.52712793
216090,4,9,15,7,3,2,f,t,f,f,13.29539094,52.51931281
216089,10,9,14,5,2,5,t,t,f,f,13.52755094,52.53722791
216088,2,9,23,4,3,0,f,t,f,f,13.40531391,52.49363699
216087,2,9,21,2,3,0,f,f,f,t,13.44185519,52.50113275
216086,5,9,15,3,3,0,f,f,f,t,13.19747531,52.53317888
216085,11,9,15,3,3,5,t,t,f,f,13.5141606,52.5353581
216084,7,8,16,3,2,6,t,f,t,f,13.36720057,52.49344213
216083,2,9,13,6,3,6,f,t,t,f,13.43967823,52.52393359
216082,9,9,17,4,3,0,t,t,f,f,13.51061844,52.44463503
216081,1,8,12,2,3,6,f,f,t,f,13.38824978,52.52042096
216080,10,8,16,5,2,5,f,t,f,f,13.6008965,52.47898666
216079,5,9,10,2,3,5,f,t,f,f,13.22721011,52.54946172
216078,7,9,16,7,3,1,t,t,f,f,13.36944526,52.48815722
216077,9,8,16,3,3,5,f,t,f,t,13.52665801,52.42651568
216076,8,9,14,1,3,2,f,t,f,t,13.43206868,52.48553692
216075,7,8,21,6,3,5,f,t,f,f,13.34907646,52.47031836
216074,2,9,9,5,3,1,t,t,f,f,13.39064133,52.50598564
216073,4,9,16,5,3,6,f,t,t,f,13.3325213,52.50602716
216072,3,9,15,4,3,5,t,t,f,f,13.42361052,52.55618163
216071,1,9,8,3,3,5,t,f,f,f,13.33550727,52.53308969
216070,9,8,6,5,3,5,f,t,f,f,13.53118753,52.41560628
216069,9,8,13,3,3,0,t,t,f,f,13.51205052,52.47079927
216068,4,9,14,6,3,5,t,f,f,f,13.28662581,52.51888103
216067,6,9,17,5,3,0,t,f,f,f,13.34286986,52.4453811
216066,3,9,11,2,3,6,t,f,t,f,13.42338726,52.53705367
216065,1,9,17,7,3,6,t,f,t,f,13.34690033,52.5505392
216064,8,8,12,3,2,5,t,t,f,f,13.43396607,52.48984627
216063,10,9,9,2,3,5,t,t,f,f,13.61950597,52.53312524
216062,8,9,15,1,3,2,f,t,f,t,13.43518216,52.44037825
216061,9,8,17,7,3,6,f,t,t,f,13.5717053,52.45373363
216060,5,9,8,6,3,5,f,f,f,f,13.20839861,52.56162779
216059,8,9,4,7,3,6,f,t,t,f,13.4276462,52.48113005
216058,5,9,20,4,3,3,f,t,f,f,13.20811286,52.54524015
216057,5,9,15,4,2,5,f,t,f,f,13.18872015,52.54655543
216056,3,8,13,6,3,5,f,t,f,f,13.4265308,52.55544427
216055,1,9,12,6,3,0,f,f,f,t,13.34228857,52.5047794
216054,1,8,23,4,3,2,f,t,f,f,13.34385076,52.54598281
216053,1,9,12,7,3,3,f,t,f,f,13.35204316,52.5052474
216052,12,9,14,6,2,5,f,t,f,t,13.29484377,52.5808348
216051,6,9,14,4,3,5,t,t,f,f,13.36616408,52.43028573
216050,4,9,8,3,3,5,t,f,f,f,13.33278185,52.47974237
216049,7,9,12,5,3,5,f,t,f,f,13.37876951,52.43765123
216048,4,9,10,3,3,1,t,t,f,f,13.3237807,52.49472324
216047,2,9,10,3,3,4,t,f,f,f,13.43129909,52.50497957
216046,5,8,19,2,3,5,f,t,f,t,13.1976591,52.52034865
216045,5,9,16,6,3,0,f,f,f,t,13.23281516,52.55196598
216044,9,9,19,1,3,1,t,t,f,f,13.51383083,52.46330606
216043,7,9,14,5,3,5,f,t,f,f,13.39226688,52.41252529
216042,9,9,17,5,2,6,f,t,t,f,13.58871168,52.45551391
216041,12,8,12,7,3,5,t,t,f,f,13.36435733,52.562646
216040,8,9,5,1,3,1,f,t,f,f,13.46780475,52.42759557
216039,12,9,15,1,3,5,t,t,f,f,13.29095513,52.58100842
216038,11,8,6,3,3,6,f,t,t,f,13.47375237,52.53617561
216037,5,9,9,7,2,0,f,f,f,t,13.19701655,52.53146835
216036,4,9,15,3,3,0,f,t,f,t,13.27701228,52.48450873
216035,1,9,7,4,3,6,f,t,t,f,13.3801115,52.56030916
216034,1,9,8,4,3,3,f,t,f,t,13.35127841,52.51027701
216033,7,8,15,2,3,5,f,t,f,t,13.40400344,52.46346785
216032,12,9,18,6,3,5,f,t,f,f,13.36779987,52.60273247
216031,12,8,14,2,3,2,f,t,f,f,13.31926911,52.58762859
216030,1,8,3,6,2,0,t,f,f,f,13.39668694,52.51114382
216029,2,9,19,2,3,0,t,f,f,f,13.45667318,52.50979348
216028,9,9,8,7,2,5,t,t,f,f,13.50191585,52.46079086
216027,2,9,16,6,3,5,t,f,f,t,13.41769667,52.49926921
216026,3,9,21,4,3,2,f,t,f,f,13.43143852,52.60211571
216025,9,9,11,5,3,4,f,f,f,f,13.65683161,52.36947087
216024,12,8,11,7,3,5,f,t,f,f,13.37902058,52.56838859
216023,12,8,10,4,3,0,f,t,f,t,13.30815176,52.61225352
216022,4,9,8,2,3,5,f,t,f,f,13.30228892,52.54789094
216021,7,9,15,7,3,0,f,f,f,t,13.36082679,52.41257227
216020,4,9,16,3,2,6,f,t,t,f,13.30805705,52.51703842
216019,9,9,6,3,3,5,f,t,f,f,13.64354857,52.37816502
216018,1,9,10,3,3,1,f,t,f,t,13.39114366,52.5554779
216017,9,8,6,2,3,2,t,t,f,f,13.57249541,52.46123425
216016,12,9,9,6,3,6,f,t,t,f,13.32673524,52.5632029
216015,3,9,9,4,3,1,f,t,f,f,13.40960587,52.57487133
216014,1,8,8,2,3,0,f,t,f,t,13.41708493,52.5219321
216013,7,8,16,6,3,5,f,t,f,f,13.34114967,52.47619773
216012,7,9,18,2,3,2,t,t,f,f,13.35952461,52.39905806
216011,1,9,16,7,3,2,f,t,f,f,13.35081075,52.5094481
216010,5,9,12,4,3,3,f,t,f,f,13.16221497,52.52249042
216009,3,9,21,7,3,0,f,f,t,f,13.42532302,52.52818989
216008,1,8,8,6,3,0,f,f,f,t,13.35141884,52.50453364
216007,9,9,17,5,3,2,f,t,f,f,13.49780074,52.43342435
216006,4,9,11,6,3,1,t,t,f,f,13.29713727,52.51226035
216005,12,9,15,4,3,2,f,t,f,t,13.34313768,52.56334284
216004,2,9,21,3,3,0,f,f,f,t,13.44902239,52.50417918
216003,12,8,13,5,3,2,f,f,f,f,13.34156532,52.56366595
216002,1,8,9,3,3,2,t,t,f,f,13.387547,52.52458342
216001,5,9,18,6,3,0,t,f,f,f,13.25887139,52.54810598
216000,10,9,7,5,3,5,t,t,f,f,13.56640471,52.53428807
215999,3,9,0,2,3,6,f,t,t,f,13.42981578,52.613507
215998,7,9,17,2,2,5,t,t,f,f,13.33264897,52.46911454
215997,3,9,15,5,3,5,f,t,f,t,13.42885872,52.57205235
215996,5,9,20,2,3,6,f,t,t,f,13.19706496,52.53834234
215995,6,9,14,1,3,3,t,t,f,f,13.11041554,52.41889208
215994,1,8,15,7,3,2,f,t,f,t,13.32921833,52.52389272
215993,9,9,7,6,3,5,t,f,f,f,13.57679818,52.46401266
215992,4,9,12,7,3,5,f,t,f,f,13.30376477,52.52558641
215991,6,9,21,4,3,0,f,t,f,f,13.32479675,52.46134155
215990,5,9,14,6,2,5,t,t,f,f,13.20277294,52.54087076
215989,5,9,15,5,3,5,t,t,f,f,13.26504603,52.536658
215988,6,8,10,6,3,0,f,f,f,t,13.2475794,52.46752265
215987,10,8,17,4,3,6,f,t,t,f,13.56559785,52.50727322
215986,1,9,7,1,2,1,f,t,f,t,13.40803593,52.5342006
215985,5,9,6,6,3,5,f,t,f,f,13.20077136,52.53858498
215984,11,9,11,4,3,0,f,f,t,t,13.49784129,52.54688623
215983,1,9,9,2,3,5,t,t,f,f,13.37921118,52.50699452
215982,11,8,9,2,3,3,f,t,f,f,13.51982635,52.50583871
215981,12,9,6,3,3,5,f,t,f,t,13.2803155,52.63013606
215980,1,9,13,2,3,6,f,t,t,f,13.38386746,52.51841273
215979,7,8,13,2,3,5,t,t,f,f,13.37820812,52.46628256
215978,3,9,12,6,3,5,t,t,f,f,13.43580274,52.55109566
215977,4,9,13,1,3,5,f,t,f,f,13.32610463,52.53837732
215976,1,9,6,5,3,5,t,t,f,f,13.38910896,52.53461128
215975,9,8,17,2,3,5,f,t,f,f,13.60169609,52.43978311
215974,1,10,19,6,3,5,t,t,f,f,13.37679083,52.50963555
215973,4,8,23,7,3,5,f,t,f,f,13.32227031,52.52208595
215972,4,9,14,2,3,6,f,t,t,f,13.29834268,52.51800182
215971,11,9,16,7,3,6,t,f,t,f,13.47676097,52.500918
215970,1,9,17,5,3,0,t,f,f,f,13.40614333,52.53509702
215969,2,9,16,6,3,5,t,f,f,f,13.38516491,52.50219247
215968,1,10,11,6,3,0,f,t,f,t,13.38061333,52.52841053
215967,9,9,15,3,3,5,f,t,f,f,13.61871926,52.45548564
215966,3,9,12,3,2,6,f,t,t,f,13.46565792,52.5521041
215965,12,9,10,4,2,5,t,t,f,f,13.34764295,52.59483732
215964,1,8,7,3,3,0,t,f,f,f,13.38418632,52.5100163
215963,1,9,14,6,3,0,t,f,f,f,13.39290386,52.51918017
215962,8,9,18,3,3,5,t,t,f,f,13.44009403,52.48957565
215961,7,9,20,6,3,2,f,t,f,t,13.37228151,52.4531144
215960,12,9,14,4,3,6,f,t,t,f,13.29684397,52.62157317
215959,6,9,21,7,3,5,t,t,f,f,13.3354334,52.45151258
215958,12,8,13,1,3,1,f,t,f,f,13.31026144,52.60379068
215957,8,9,15,5,3,5,f,t,f,f,13.44983191,52.44555419
215956,12,9,14,6,3,2,f,t,f,f,13.36048712,52.56190787
215955,6,9,15,4,3,5,t,t,f,f,13.33872966,52.44439304
215954,3,9,7,4,3,5,t,t,f,f,13.43393973,52.60849
215953,1,8,17,5,3,3,f,t,f,f,13.38417269,52.51004034
215952,1,8,12,3,3,5,t,t,f,f,13.35944965,52.52329469
215951,4,9,12,7,3,5,t,t,f,f,13.30631479,52.51758748
215950,11,9,16,5,3,2,t,t,f,f,13.49539643,52.54703556
215949,10,9,7,3,3,5,t,t,f,f,13.5581152,52.52963589
215948,1,9,17,7,3,2,f,t,f,f,13.3536745,52.50673097
215947,5,9,20,4,3,1,t,t,f,f,13.21828964,52.55745686
215946,2,9,15,2,3,3,t,t,f,f,13.39906486,52.50686936
215945,1,9,2,1,3,1,f,t,f,f,13.38030964,52.52866704
215944,5,8,1,1,3,2,f,t,f,f,13.19906895,52.53295253
215943,1,9,8,5,3,5,t,f,f,t,13.34294142,52.52531604
215942,8,9,9,6,3,5,f,t,f,t,13.44527408,52.41763189
215941,7,9,18,4,3,0,t,t,f,f,13.38576518,52.46708637
215940,5,9,13,4,3,0,f,t,f,f,13.19994462,52.54846485
215939,1,9,20,5,3,5,f,t,f,f,13.39138954,52.55522394
215938,3,9,12,1,2,5,f,t,t,f,13.48579202,52.61585559
215937,3,8,9,6,3,5,t,f,f,f,13.40807343,52.54722273
215936,3,9,18,5,3,5,t,t,f,f,13.45723475,52.56106718
215935,12,9,13,6,3,5,f,t,f,f,13.29763579,52.58000393
215934,1,9,7,4,3,5,t,f,f,f,13.37552111,52.54329931
215933,1,9,11,4,2,6,f,t,t,f,13.37859524,52.55041809
215932,7,8,11,5,3,0,t,f,f,f,13.37289381,52.43681343
215931,6,8,20,3,2,0,t,f,f,f,13.25065735,52.43513265
215930,10,9,19,7,3,5,f,t,f,t,13.56804329,52.57361401
215929,12,8,14,2,3,0,t,f,f,f,13.30048053,52.57941944
215928,1,9,16,4,2,0,f,t,f,f,13.38148316,52.55605575
215927,6,9,22,2,3,2,t,t,f,f,13.34973093,52.45025014
215926,1,9,4,1,2,8,f,t,f,f,13.36743135,52.52597143
215925,8,9,6,4,3,5,t,f,f,f,13.4505741,52.48638491
215924,5,9,9,2,3,5,f,t,f,t,13.19388958,52.54730639
215923,1,9,13,2,3,5,t,t,f,f,13.37643168,52.54310099
215922,2,8,22,7,3,2,f,t,f,f,13.41949383,52.49916142
215921,5,9,7,5,3,0,t,t,f,f,13.23312243,52.52761887
215920,2,9,21,6,3,5,t,f,f,t,13.43116763,52.49922531
215919,12,9,9,5,3,5,f,t,f,f,13.29985743,52.59914015
215918,1,9,14,6,2,0,t,f,f,f,13.34123075,52.50556204
215917,8,9,15,5,3,2,f,t,f,f,13.50363009,52.41161417
215916,1,8,15,6,3,2,f,t,f,f,13.37108721,52.51110906
215915,4,8,21,4,3,0,f,f,f,f,13.30841436,52.49621231
215914,3,9,12,1,3,1,t,t,f,f,13.43262618,52.60526102
215913,4,9,13,6,3,5,t,t,f,f,13.30913761,52.50648547
215912,3,9,16,6,3,5,f,t,f,f,13.39817548,52.5848927
215911,7,9,13,3,2,5,t,t,f,f,13.35903066,52.49436577
215910,6,9,18,3,3,3,t,t,f,f,13.32598949,52.45919166
215909,12,9,22,3,2,5,f,t,f,t,13.30659843,52.57743808
215908,2,9,16,3,3,6,f,t,t,f,13.46887821,52.50246017
215907,10,8,14,1,3,5,f,t,f,f,13.5947984,52.51282113
215906,6,9,17,6,3,2,f,t,f,f,13.34836773,52.42327291
215905,1,9,8,5,3,2,f,t,f,t,13.34852759,52.51511264
215904,3,8,7,2,3,2,f,t,f,t,13.41381244,52.56669519
215903,6,8,7,7,3,1,t,t,f,f,13.2567178,52.42936486
215902,5,9,10,2,3,2,f,t,f,f,13.20814308,52.56063074
215901,2,9,11,1,3,5,t,t,f,f,13.39554999,52.49773659
215900,7,8,16,3,3,5,t,f,f,f,13.34990143,52.50083891
215899,12,9,16,6,3,5,t,t,f,f,13.28327425,52.58295157
215898,4,10,18,6,3,2,f,t,f,f,13.28128053,52.51278502
215897,3,9,17,3,3,2,f,t,f,t,13.45260668,52.53409371
215896,2,9,16,3,3,5,t,t,f,f,13.44072113,52.52441433
215895,4,9,11,3,2,6,f,t,t,f,13.32184967,52.50577673
215894,4,8,11,5,3,2,t,t,f,f,13.32222467,52.506417
215893,4,8,11,3,3,5,t,f,f,f,13.30309548,52.51353067
215892,11,9,7,6,3,6,f,f,t,t,13.48971964,52.5205221
215891,12,9,13,4,3,2,f,t,f,f,13.35106583,52.59641431
215890,6,9,16,2,3,1,t,t,f,f,13.30457421,52.43696582
215889,5,9,16,6,3,2,f,t,f,t,13.21555399,52.5268149
215888,12,8,17,3,2,2,f,t,f,f,13.34108971,52.58832624
215887,3,9,10,1,3,2,f,t,f,f,13.36983974,52.58933001
215886,3,8,22,7,3,5,t,t,f,f,13.38379102,52.5727594
215885,11,9,16,5,3,2,t,t,f,f,13.5009947,52.50915332
215884,2,9,13,6,3,5,t,t,f,f,13.39276918,52.4920341
215883,3,9,12,4,2,0,f,f,f,t,13.43112356,52.55569786
215882,5,9,11,4,3,5,f,t,f,f,13.18468384,52.54759816
215881,12,8,2,6,2,0,f,t,f,f,13.29523,52.57548463
215880,11,9,12,6,3,2,f,t,f,f,13.48838491,52.50218058
215879,8,8,18,4,2,1,t,t,f,f,13.43603403,52.42424148
215878,8,9,21,7,3,0,f,t,f,f,13.4513407,52.45252879
215877,12,9,19,5,3,2,f,t,f,f,13.29209263,52.57552493
215876,7,9,17,3,3,1,t,f,f,f,13.36412037,52.47587438
215875,8,9,23,1,3,6,f,t,t,f,13.43294562,52.46459526
215874,9,9,7,4,3,5,f,t,f,f,13.53634863,52.43285074
215873,3,9,18,2,3,2,f,t,f,f,13.44159683,52.55478506
215872,4,9,20,1,3,1,f,t,f,f,13.28548419,52.47446066
215871,9,8,19,2,3,2,f,t,f,f,13.52138458,52.42672195
215870,2,9,21,5,3,5,t,t,f,f,13.45203057,52.51068857
215869,2,9,17,6,2,3,t,t,f,f,13.46614092,52.50010599
215868,11,9,18,4,3,5,f,t,f,f,13.49323441,52.51443049
215867,7,8,12,2,3,5,t,t,f,f,13.34444927,52.48557597
215866,9,9,12,5,3,2,f,t,f,f,13.51492933,52.46921337
215865,3,8,17,7,3,5,f,t,f,f,13.39565917,52.56584599
215864,5,8,16,4,2,5,f,t,f,f,13.24798298,52.54649995
215863,7,9,15,1,3,2,f,t,f,f,13.38137328,52.4407714
215862,8,9,14,5,3,5,f,t,f,t,13.43406047,52.44278719
215861,2,9,7,4,3,5,f,t,f,t,13.43189863,52.50566768
215860,7,9,15,2,3,0,f,t,f,f,13.3783133,52.47747118
215859,12,9,14,3,3,2,f,t,f,f,13.30521748,52.56817325
215858,9,9,7,2,3,2,f,t,f,f,13.57239244,52.45123341
215857,6,8,16,3,3,1,t,t,f,f,13.3388084,52.45395986
215856,12,9,15,6,2,1,f,t,f,f,13.3426883,52.56657271
215855,8,9,19,4,3,5,f,t,f,t,13.43712554,52.42375775
215854,9,8,20,2,2,4,f,t,f,f,13.58650143,52.44054103
215853,6,8,16,5,3,5,t,f,f,f,13.31559464,52.4431967
215852,4,9,15,2,3,5,t,t,f,f,13.30592485,52.50678052
215851,9,9,15,6,3,6,f,t,t,f,13.58241015,52.44245733
215850,1,8,15,3,3,1,t,t,f,f,13.35254055,52.53968599
215849,7,9,16,7,3,5,f,t,f,f,13.37832498,52.46709312
215848,12,10,14,6,3,6,f,t,t,f,13.32021355,52.57596849
215847,5,9,19,5,2,5,f,t,f,t,13.16266136,52.52007616
215846,1,8,15,6,3,2,f,t,f,f,13.3311329,52.52720242
215845,12,8,19,4,3,2,f,t,f,f,13.25468924,52.56212059
215844,5,9,22,7,3,5,f,t,f,f,13.27197729,52.53697523
215843,7,9,13,6,3,5,t,t,f,f,13.35333549,52.50093877
215842,6,9,13,6,3,6,t,f,t,f,13.35971228,52.43172936
215841,1,9,18,4,3,5,f,t,f,f,13.37931118,52.50703435
215840,12,9,10,2,3,1,t,f,f,f,13.35580492,52.56879943
215839,4,9,8,3,3,5,t,t,f,f,13.31658872,52.49951724
215838,8,9,18,3,2,6,f,t,t,f,13.47354231,52.4242769
215837,8,8,9,3,3,5,f,t,f,f,13.44749891,52.43694761
215836,11,9,17,6,3,5,f,t,f,t,13.51784146,52.56385188
215835,6,9,8,4,3,5,t,t,f,f,13.34399496,52.43526542
215834,1,8,13,7,3,2,t,t,f,f,13.42173845,52.51423351
215833,9,9,4,2,3,5,f,t,f,f,13.53666956,52.43572826
215832,5,9,8,1,3,5,f,t,f,f,13.18477117,52.54755531
215831,10,8,20,3,3,2,f,f,f,t,13.57640234,52.51314465
215830,1,9,16,6,3,3,t,t,f,f,13.38871754,52.51769248
215829,1,10,2,6,3,5,f,t,f,f,13.37559868,52.54041497
215828,1,9,6,3,3,8,f,t,f,f,13.33580272,52.54189242
215827,1,9,13,4,3,6,t,f,t,f,13.34432364,52.53152861
215826,6,9,23,3,3,0,f,t,f,f,13.29376974,52.44564267
215825,7,8,10,5,3,5,t,f,f,f,13.3288431,52.47232632
215824,2,8,15,3,3,4,t,t,f,f,13.44917471,52.51776462
215823,6,9,15,6,3,5,f,t,f,f,13.29442694,52.42701407
215822,4,9,14,3,3,1,t,t,f,f,13.29737614,52.49561784
215821,7,9,16,3,3,2,f,t,f,f,13.39817808,52.44293838
215820,10,9,11,7,3,0,t,f,f,f,13.56402307,52.55641722
215819,5,9,15,4,3,5,t,t,f,f,13.22321304,52.53710861
215818,7,9,12,1,3,1,f,t,f,f,13.34330255,52.4889462
215817,8,8,20,7,3,1,t,t,f,f,13.45299738,52.48178476
215816,10,9,15,4,3,6,t,f,t,f,13.60028072,52.47560701
215815,7,9,5,6,2,5,f,t,f,t,13.40011842,52.45911297
215814,9,9,10,4,3,5,f,t,f,f,13.49780341,52.43367613
215813,1,9,11,4,3,2,f,t,f,f,13.34385609,52.54598562
215812,1,8,17,5,3,6,f,t,t,f,13.37686933,52.55661744
215811,2,9,13,6,3,0,f,t,f,t,13.43972742,52.51394146
215810,9,8,19,4,3,1,f,t,f,f,13.54839294,52.45698502
215809,10,9,8,6,3,1,f,t,f,f,13.56777809,52.50542454
215808,1,9,15,5,3,6,f,t,t,f,13.42452781,52.51639263
215807,6,9,19,3,3,0,f,f,f,t,13.23003004,52.43074367
215806,2,9,7,2,3,5,t,t,f,f,13.42170342,52.49296487
215805,1,9,21,4,3,0,t,f,f,f,13.39861713,52.5325576
215804,5,9,21,1,3,2,f,t,f,f,13.27152863,52.53651447
215803,5,9,6,2,3,2,f,t,f,f,13.23967856,52.52632633
215802,2,8,8,2,3,5,f,t,f,f,13.43007998,52.50346333
215801,1,9,20,5,3,5,t,t,f,f,13.3794029,52.52943285
215800,10,9,20,6,3,5,f,t,f,t,13.57577867,52.49119962
215799,8,9,9,5,3,7,f,f,f,f,13.45257523,52.47562384
215798,5,9,16,5,3,2,f,t,f,f,13.17366565,52.51776985
215797,12,8,11,6,3,5,t,t,f,f,13.32544792,52.60830639
215796,2,8,16,4,3,5,t,f,f,f,13.44384176,52.50008758
215795,3,9,23,7,3,5,f,t,f,f,13.42336069,52.55108675
215794,6,9,22,6,3,1,f,t,f,t,13.30397717,52.41904768
215793,3,9,18,4,3,5,f,t,f,t,13.42255092,52.55986189
215792,11,9,17,3,3,6,t,f,t,f,13.48340019,52.52869965
215791,1,9,18,3,3,0,f,t,f,t,13.39811229,52.5100221
215790,11,9,17,3,3,0,t,f,f,f,13.47526209,52.50172907
215789,8,8,14,3,3,1,t,t,f,f,13.45094871,52.43850452
215788,7,9,13,6,3,3,t,t,f,f,13.34522061,52.48487236
215787,9,9,16,4,3,5,t,t,f,f,13.67263039,52.4185517
215786,7,8,15,2,3,5,t,t,f,f,13.37089721,52.49265788
215785,7,8,9,6,3,5,t,t,f,f,13.36092405,52.49426084
215784,6,9,12,2,3,1,f,t,f,f,13.25300443,52.4255051
215783,1,9,20,6,2,0,f,f,f,f,13.41882565,52.51038597
215782,4,8,10,3,3,5,t,t,f,f,13.33515032,52.48590083
215781,11,9,12,7,3,5,f,t,f,t,13.53209799,52.48411525
215780,3,8,11,6,3,5,t,t,f,f,13.41310839,52.54767851
215779,3,9,18,5,3,5,t,t,f,f,13.49013221,52.61711157
215778,4,9,12,6,3,5,f,t,f,f,13.30230365,52.54789075
215777,4,9,10,4,3,5,t,t,f,f,13.32311654,52.49095289
215776,2,9,11,3,2,0,f,t,f,t,13.46223267,52.51182573
215775,3,8,10,5,3,2,f,t,f,f,13.45779805,52.53157897
215774,11,8,19,3,2,0,t,f,f,f,13.46858408,52.54425256
215773,6,9,7,6,3,5,f,t,f,f,13.2528763,52.4665327
215772,5,9,12,5,3,2,f,t,f,f,13.19370969,52.52519091
215771,4,9,18,3,3,2,f,t,f,f,13.32630654,52.50908462
215770,1,9,21,7,3,2,f,t,f,f,13.33969659,52.50526004
215769,3,8,16,3,3,5,f,t,f,f,13.44404694,52.56858021
215768,12,9,15,2,2,2,f,t,f,f,13.2547336,52.56219878
215767,8,9,15,1,3,6,f,f,t,t,13.42516369,52.48046521
215766,1,8,9,7,2,3,f,t,f,f,13.39231106,52.54514065
215765,1,9,9,6,3,2,f,t,f,f,13.37208248,52.52088512
215764,8,9,18,6,3,5,f,t,f,f,13.43668135,52.47987076
215763,4,9,10,5,3,2,f,t,f,t,13.28830347,52.51306275
215762,4,9,13,4,3,5,f,t,f,f,13.31708666,52.54718916
215761,10,8,13,6,3,2,f,t,f,f,13.60523071,52.53646461
215760,9,8,20,4,3,0,t,f,f,f,13.56512996,52.44550976
215759,1,9,19,7,3,5,f,t,f,f,13.3495674,52.50860805
215758,6,9,13,3,3,6,f,f,t,t,13.29218512,52.45805004
215757,5,9,7,4,3,5,t,f,f,f,13.1893328,52.54294191
215756,8,9,13,3,3,0,f,t,f,t,13.43464706,52.45095423
215755,2,8,12,5,3,1,t,t,f,f,13.4664988,52.50211117
215754,11,8,15,3,3,5,f,t,f,f,13.52371553,52.56559022
215753,4,9,19,6,3,0,f,f,f,t,13.3168138,52.50138464
215752,2,9,16,4,3,6,f,t,t,f,13.45468028,52.52396422
215751,4,9,15,3,3,5,f,t,f,f,13.29715044,52.51218351
215750,2,9,18,2,2,1,t,t,f,f,13.42918093,52.50912371
215749,2,9,16,4,3,5,f,t,f,f,13.40035502,52.49433699
215748,4,9,13,1,3,3,t,t,f,f,13.27843801,52.47363408
215747,4,8,13,7,3,5,t,t,f,f,13.3061928,52.52461527
215746,3,9,10,5,3,4,f,t,f,f,13.44379222,52.5792354
215745,9,9,18,5,3,1,f,t,f,f,13.56939498,52.44476829
215744,3,9,20,3,2,5,f,t,f,f,13.43277816,52.59582286
215743,6,9,19,4,3,2,f,t,f,t,13.2784676,52.42979096
215742,2,8,8,6,3,5,t,t,f,f,13.43261582,52.50239609
215741,4,8,21,4,3,0,f,t,f,t,13.31639045,52.49862812
215740,8,9,7,6,3,0,t,t,f,f,13.45620886,52.48402469
215739,3,8,15,3,3,5,f,t,f,f,13.45010513,52.5469208
215738,7,9,15,5,3,5,f,t,f,f,13.34489567,52.4891178
215737,1,9,7,6,3,5,t,t,f,f,13.3980069,52.52725172
215736,6,9,14,3,3,2,f,t,f,f,13.34144631,52.44232223
215735,10,9,8,3,2,6,f,t,t,f,13.58397981,52.53961235
215734,10,9,17,4,3,5,f,t,f,t,13.55234436,52.54944089
215733,8,9,2,2,2,2,f,t,f,t,13.42671148,52.47628296
215732,5,9,18,1,3,0,f,t,f,t,13.20310835,52.5408386
215731,4,8,17,1,3,5,t,t,f,f,13.28358151,52.50639994
215730,4,9,8,5,3,5,f,t,f,t,13.29901444,52.49072428
215729,2,9,10,7,3,5,t,t,f,f,13.41423411,52.48824263
215728,1,9,13,4,3,5,t,t,f,f,13.37427171,52.52795606
215727,9,9,14,5,3,5,t,t,f,f,13.51184327,52.46431769
215726,2,8,13,7,3,5,f,t,f,f,13.39444731,52.506965
215725,9,8,10,4,3,0,f,t,t,f,13.57005928,52.46808462
215724,1,9,8,2,3,1,f,t,f,t,13.39916272,52.54432297
215723,1,9,16,7,3,5,t,f,f,f,13.34342912,52.52622983
215722,2,9,16,7,3,5,f,t,f,f,13.40415708,52.49121689
215721,1,9,13,3,3,2,f,t,f,t,13.35867053,52.53654716
215720,6,9,9,4,2,5,t,t,f,f,13.3461524,52.43398986
215719,8,9,7,4,3,0,f,t,f,f,13.48752078,52.43386889
215718,6,8,11,2,3,5,t,t,f,f,13.34476392,52.46149585
215717,7,9,23,6,2,5,f,t,f,t,13.38007586,52.40613922
215716,2,9,15,4,3,2,f,t,f,f,13.40590468,52.48951355
215715,5,8,11,2,2,5,f,t,f,f,13.24775267,52.53808367
215714,2,8,6,6,3,5,t,f,f,t,13.46612757,52.50007396
215713,7,9,18,2,3,2,f,t,f,f,13.409896,52.43905026
215712,9,9,21,6,3,6,f,t,t,f,13.54517971,52.43268973
215711,7,8,15,3,3,6,t,f,t,f,13.32925196,52.46561891
215710,4,9,17,7,2,6,f,t,t,f,13.31370943,52.54213086
215709,4,8,19,6,3,5,f,t,f,f,13.27817512,52.51849057
215708,2,9,14,5,3,5,t,t,f,f,13.4715528,52.49384635
215707,8,9,16,5,3,2,f,t,f,f,13.4538701,52.47184525
215706,1,9,15,4,3,2,f,t,f,t,13.35513927,52.5185072
215705,6,9,13,4,2,2,f,t,f,t,13.30157483,52.42035487
215704,2,8,11,5,3,0,f,f,f,t,13.45524063,52.5136493
215703,1,8,15,3,3,2,f,t,f,f,13.35349683,52.50668748
215702,3,9,11,6,3,5,f,t,f,t,13.47899483,52.55317776
215701,11,9,12,5,3,5,f,t,f,f,13.49503643,52.5420293
215700,3,9,9,3,3,4,t,f,f,f,13.45990894,52.54912878
215699,1,9,14,2,3,5,t,f,f,f,13.37703173,52.55629778
215698,7,9,14,5,3,5,t,t,f,f,13.35146048,52.4159082
215697,11,9,10,2,2,0,f,t,f,t,13.49966951,52.53436419
215696,1,9,18,1,3,1,f,t,f,f,13.34736345,52.50975681
215695,11,8,22,7,3,2,t,t,f,f,13.52550602,52.48174353
215694,1,9,9,5,3,2,f,t,f,t,13.3669883,52.52560009
215693,1,9,9,6,3,5,t,t,f,f,13.35913896,52.52237256
215692,7,9,9,5,3,5,f,t,f,t,13.37219942,52.45548495
215691,8,9,14,5,3,5,t,t,f,f,13.44384702,52.45224614
215690,3,8,9,6,3,6,f,t,t,f,13.43342932,52.53113959
215689,2,8,7,3,2,0,t,t,f,f,13.4341018,52.50483638
215688,2,9,18,1,3,6,t,f,t,f,13.46751607,52.50611727
215687,3,9,13,6,3,5,f,t,f,f,13.42146857,52.57539159
215686,12,9,10,4,3,9,f,t,f,f,13.32260966,52.62464481
215685,6,9,18,3,3,5,t,t,f,f,13.26137484,52.44324841
215684,4,8,20,1,2,5,f,t,f,f,13.31727491,52.51219213
215683,12,9,20,3,3,0,f,t,f,f,13.29589649,52.54948539
215682,3,9,15,3,3,6,f,t,t,f,13.42738377,52.55250809
215681,12,8,14,2,3,6,f,t,t,f,13.35516022,52.56276768
215680,2,9,18,6,3,1,t,t,f,f,13.41863134,52.50146255
215679,7,9,16,1,3,1,t,t,f,f,13.32598672,52.46710247
215678,5,9,5,5,3,2,f,t,f,t,13.18557159,52.55133687
215677,4,8,19,2,3,5,f,t,f,t,13.33943554,52.50313925
215676,2,9,6,5,3,6,f,t,t,f,13.44235373,52.50085645
215675,9,8,1,7,3,9,f,t,f,f,13.68911851,52.37114768
215674,4,9,8,2,3,2,f,f,f,t,13.28516654,52.49417204
215673,4,9,13,1,3,1,f,t,f,t,13.30106994,52.50796438
215672,6,8,11,3,3,1,t,t,f,f,13.26133607,52.43673497
215671,3,9,20,6,3,0,t,t,f,f,13.40115935,52.56921523
215670,8,10,18,6,3,5,t,f,f,f,13.45149188,52.48390706
215669,9,9,15,3,2,5,t,t,f,f,13.50415202,52.45488695
215668,12,9,16,5,3,6,f,t,t,f,13.30679659,52.58089434
215667,2,9,18,3,3,5,f,f,f,t,13.41647893,52.49962144
215666,7,9,15,2,3,0,f,f,t,t,13.37818106,52.48333799
215665,6,9,13,5,3,2,f,t,f,f,13.33795533,52.41665604
215664,7,9,18,3,3,5,f,t,f,t,13.37796405,52.46863122
215663,8,9,17,3,3,6,f,f,t,f,13.42451532,52.4864409
215662,11,8,7,2,2,0,f,f,f,f,13.49835379,52.52639586
215661,1,9,11,6,3,5,f,t,f,t,13.35104215,52.51489785
215660,7,9,17,7,3,1,t,t,f,f,13.4064013,52.38589214
215659,7,9,14,5,3,3,f,t,f,t,13.38830549,52.45674379
215658,6,9,14,4,3,5,t,t,f,f,13.23025699,52.43013234
215657,11,8,14,7,3,2,f,t,f,f,13.46779127,52.53408575
215656,2,9,22,7,3,5,t,t,f,f,13.44392552,52.50007591
215655,5,9,18,1,2,5,f,t,f,f,13.18476557,52.5475294
215654,2,8,10,3,3,1,f,t,f,f,13.42237244,52.49789714
215653,5,9,16,5,3,0,f,f,f,t,13.1659547,52.55220823
215652,3,9,16,6,3,2,f,t,f,t,13.44175863,52.56581616
215651,2,10,21,6,3,0,t,f,f,f,13.42162027,52.48723836
215650,2,9,18,3,3,2,t,t,f,f,13.39713584,52.49546236
215649,4,9,20,4,3,0,f,f,f,f,13.3140643,52.50621299
215648,3,9,12,3,3,0,t,f,f,f,13.41272369,52.52900174
215647,10,8,15,2,2,5,f,t,f,f,13.51902461,52.51656376
215646,7,9,8,6,3,1,t,t,f,f,13.34851902,52.49038439
215645,3,8,14,2,3,5,f,t,f,f,13.49537236,52.63397895
215644,10,9,13,2,3,5,t,t,f,f,13.61740103,52.48405837
215643,1,9,20,7,3,5,t,t,f,f,13.33412504,52.52441884
215642,8,8,15,3,3,3,t,t,f,f,13.42924969,52.49308369
215641,2,9,15,5,3,6,f,f,t,f,13.4316608,52.49515206
215640,4,9,21,7,3,2,f,t,f,f,13.28571595,52.49512754
215639,8,8,11,6,3,1,t,t,f,f,13.44783091,52.48561819
215638,1,9,18,5,3,5,t,f,f,f,13.36432302,52.54493977
215637,9,9,11,6,3,5,f,t,f,f,13.54448962,52.41051724
215636,7,9,11,4,3,0,f,t,f,t,13.35336428,52.50094149
215635,5,9,19,4,3,6,t,f,t,f,13.1865599,52.55122332
215634,4,8,16,5,3,5,f,t,f,f,13.32834343,52.47867252
215633,1,8,12,3,3,5,t,t,f,f,13.34915977,52.52458911
215632,5,9,15,7,3,0,f,t,f,f,13.24032258,52.54302933
215631,1,9,18,4,2,1,f,t,f,f,13.34077699,52.548758
215630,1,9,11,3,3,0,f,f,f,f,13.33045346,52.52681809
215629,1,9,9,7,3,1,t,t,f,f,13.40746605,52.52388858
215628,9,9,20,4,2,4,f,t,f,f,13.51469784,52.46876792
215627,11,9,13,2,3,2,t,t,f,f,13.51968411,52.49394677
215626,1,9,9,5,3,5,t,t,f,f,13.40711636,52.51310962
215625,10,9,10,2,3,9,f,t,f,f,13.54675235,52.5340715
215624,10,8,19,2,2,5,f,t,f,f,13.53854153,52.52461672
215623,7,9,7,5,3,1,t,t,f,f,13.40001749,52.42336276
215622,11,9,18,6,3,1,f,t,f,f,13.49432856,52.51315637
215621,1,9,13,5,2,1,t,t,f,f,13.38288028,52.55158726
215620,2,9,18,5,2,5,f,f,f,t,13.44330125,52.51198808
215619,7,8,18,6,3,2,f,t,f,f,13.34209352,52.50221422
215618,1,8,13,4,3,5,f,f,f,f,13.42121105,52.51869466
215617,6,9,4,1,3,0,f,t,f,f,13.2764117,52.41271907
215616,8,9,16,5,3,5,f,t,f,t,13.4427876,52.46508804
215615,3,9,9,4,3,0,t,f,f,f,13.45906665,52.54895203
215614,3,9,18,2,2,5,f,t,f,f,13.49590062,52.62603159
215613,12,8,7,1,3,5,f,t,f,f,13.3259965,52.56461151
215612,5,9,13,3,3,2,f,t,f,f,13.19968952,52.53520888
215611,2,9,18,3,3,0,f,f,f,t,13.4482715,52.51128204
215610,8,8,16,3,3,2,t,t,f,f,13.44035429,52.46748862
215609,7,9,14,6,2,0,f,t,f,f,13.39181798,52.38425757
215608,4,9,8,5,3,5,t,t,f,f,13.31862808,52.51384334
215607,7,8,7,2,3,5,f,t,f,f,13.38060156,52.44282913
215606,5,8,16,1,3,6,f,f,t,f,13.20382207,52.54127918
215605,2,9,14,2,2,1,t,f,f,f,13.38835786,52.50658653
215604,7,9,12,1,3,1,t,t,f,f,13.330171,52.4691696
215603,3,8,7,3,2,5,t,t,f,f,13.49928577,52.63063692
215602,4,9,22,6,2,6,f,f,t,t,13.32206042,52.52107243
215601,11,10,14,6,3,0,f,t,f,f,13.49335336,52.51447305
215600,1,9,16,3,3,5,t,t,f,f,13.38235968,52.53774433
215599,1,9,13,3,3,0,f,t,f,t,13.40438621,52.53096955
215598,4,9,12,3,3,0,f,t,f,t,13.34103987,52.504852
215597,11,8,16,5,3,5,t,t,f,f,13.52117385,52.49986526
215596,5,8,17,3,3,1,t,t,f,f,13.20860381,52.54749604
215595,12,9,17,6,3,2,f,t,f,t,13.34418768,52.58907775
215594,8,9,15,4,3,2,f,t,f,f,13.43527594,52.42585866
215593,5,9,5,3,3,5,t,t,f,f,13.14941096,52.55424483
215592,2,9,21,6,3,2,f,t,f,f,13.40927486,52.50406007
215591,1,9,14,4,3,5,f,t,f,t,13.36162752,52.54790785
215590,7,9,16,5,2,2,f,t,f,t,13.3706837,52.46880796
215589,6,9,11,7,3,5,f,t,f,t,13.28906878,52.46902853
215588,1,8,21,7,3,5,t,t,f,f,13.40447481,52.50786683
215587,3,9,15,5,3,2,f,t,f,f,13.48132999,52.60942993
215586,2,9,17,5,3,4,t,f,f,f,13.44435723,52.50055739
215585,1,9,8,4,3,3,t,t,f,f,13.3785293,52.52915075
215584,9,9,12,4,3,5,t,t,f,f,13.59272702,52.42889567
215583,2,8,6,6,2,0,t,f,f,f,13.43380561,52.523318
215582,2,8,17,4,3,5,f,t,f,t,13.41919083,52.50130544
215581,1,9,18,6,3,5,f,t,f,f,13.4234562,52.52380741
215580,3,9,17,4,3,2,f,t,f,f,13.46638399,52.55714102
215579,7,9,13,4,3,0,f,t,f,f,13.37622565,52.45582105
215578,3,9,22,3,3,6,f,f,t,f,13.43766227,52.55487852
215577,1,8,17,2,3,6,t,f,t,f,13.39233519,52.52733878
215576,11,9,15,6,3,3,f,t,f,f,13.47486733,52.53283303
215575,1,9,15,3,3,5,f,t,f,f,13.33430463,52.55735641
215574,10,9,14,7,3,5,t,f,f,f,13.55429308,52.53765597
215573,9,9,9,4,3,0,t,f,f,f,13.45554943,52.48784757
215572,2,9,18,5,3,6,f,t,t,f,13.41392991,52.50023166
215571,9,9,10,1,3,5,f,t,f,f,13.51926099,52.46441128
215570,6,8,13,1,3,5,f,t,f,f,13.3144758,52.41763987
215569,4,9,16,5,3,1,t,t,f,f,13.30152016,52.5121146
215568,1,9,7,5,3,0,t,f,f,f,13.39096588,52.56330085
215567,6,9,11,3,3,5,f,t,f,f,13.28406282,52.4456699
215566,5,9,15,4,3,5,f,t,f,f,13.19406184,52.52540467
215565,12,8,20,5,2,6,f,t,t,f,13.33812251,52.61112441
215564,4,8,12,3,3,1,t,t,f,f,13.26047195,52.4998569
215563,1,9,21,6,3,6,f,t,t,f,13.37640017,52.52206172
215562,2,9,17,5,2,0,t,f,f,f,13.44286379,52.50059291
215561,3,9,13,4,3,1,t,t,f,f,13.46071324,52.545887
215560,7,9,12,1,3,2,f,t,f,f,13.4064021,52.39376267
215559,10,9,17,4,3,5,t,t,f,f,13.60842276,52.538973
215558,6,9,17,2,3,0,f,f,f,f,13.32352198,52.4494112
215557,2,9,4,1,3,5,t,t,f,f,13.39606925,52.49837954
215556,10,8,14,1,3,5,f,t,f,f,13.59170942,52.54498317
215555,8,9,16,5,3,2,t,f,f,f,13.42841742,52.4933534
215554,3,9,7,6,3,0,f,f,f,t,13.44861362,52.56463001
215553,9,9,17,4,3,5,f,t,f,f,13.53233084,52.46169783
215552,9,9,9,5,3,2,f,t,f,f,13.48126938,52.46080681
215551,3,8,14,6,3,1,t,t,f,f,13.45661575,52.5477002
215550,3,8,19,4,3,2,f,t,f,f,13.41592992,52.59031066
215549,1,9,14,7,3,5,t,t,f,f,13.39590535,52.53242141
215548,4,9,8,5,3,5,f,t,f,t,13.30726132,52.46855072
215547,8,9,17,6,3,1,f,t,f,f,13.44528279,52.47659861
215546,2,9,17,4,3,5,t,t,f,f,13.42634795,52.49932326
215545,1,9,13,2,3,5,f,t,f,f,13.35886492,52.54647872
215544,11,9,17,3,3,5,f,t,f,t,13.51563751,52.55937279
215543,1,9,22,2,3,5,f,t,f,f,13.35224065,52.50638001
215542,1,8,17,2,3,5,t,f,f,f,13.40392366,52.51537291
215541,7,9,15,6,3,5,f,t,f,f,13.39569747,52.45433482
215540,1,9,21,4,3,2,f,t,f,t,13.40093513,52.53010649
215539,2,8,9,2,3,5,t,t,f,f,13.46995871,52.51240868
215538,8,8,11,6,3,5,t,t,f,f,13.42828464,52.49350553
215537,4,9,17,2,3,2,t,t,f,f,13.30633268,52.51001309
215536,4,9,13,7,3,1,f,t,f,f,13.28907513,52.49512458
215535,12,8,9,3,3,3,t,f,f,t,13.28634046,52.59119807
215534,8,9,20,6,3,5,f,t,f,t,13.41978237,52.48012694
215533,9,10,14,6,3,0,t,f,f,f,13.57139456,52.432103
215532,4,9,18,3,3,5,t,t,f,f,13.32236525,52.4865411
215531,4,9,22,4,3,5,f,t,f,t,13.32026984,52.47682666
215530,6,9,15,3,3,6,f,t,t,f,13.35466829,52.44862023
215529,3,8,7,5,3,6,f,t,t,f,13.43754674,52.57279051
215528,7,8,15,3,3,2,f,f,f,t,13.39145082,52.39874878
215527,6,9,19,6,3,1,t,t,f,f,13.29520518,52.46560081
215526,5,9,15,4,3,6,f,t,t,f,13.18277466,52.5417028
215525,4,9,16,3,3,0,t,f,f,f,13.28169787,52.50942013
215524,5,9,17,2,3,5,f,t,f,f,13.17054755,52.51917307
215523,6,9,11,4,3,5,f,t,f,f,13.15641433,52.41930083
215522,12,9,12,7,3,2,f,t,f,f,13.36450159,52.56268184
215521,4,8,20,7,2,6,f,f,t,f,13.31362954,52.50637337
215520,1,9,12,5,2,5,f,t,f,t,13.32868808,52.52754908
215519,12,9,13,6,3,6,f,t,t,f,13.36594724,52.5725092
215518,11,9,16,4,2,2,f,t,f,f,13.47661561,52.53705192
215517,1,9,15,4,3,2,f,t,f,f,13.3362894,52.54200617
215516,9,8,5,6,3,2,f,t,f,f,13.50089946,52.43541806
215515,3,8,14,4,3,5,t,f,f,t,13.42817829,52.54001286
215514,9,9,7,6,3,5,t,t,f,f,13.54656777,52.42637728
215513,9,9,8,5,3,2,f,t,f,f,13.59609523,52.45307253
215512,7,9,21,3,2,3,f,t,f,t,13.36879289,52.49310228
215511,7,9,12,2,3,6,f,f,t,f,13.39547614,52.38649685
215510,3,9,18,5,2,6,f,t,t,f,13.39834843,52.56186881
215509,12,9,15,2,3,0,f,f,t,t,13.35248126,52.56436598
215508,12,9,15,1,3,3,f,t,f,t,13.33222911,52.59934415
215507,4,8,10,2,3,3,f,t,f,f,13.27487212,52.50093571
215506,3,9,7,5,3,6,f,f,t,f,13.45804043,52.52884581
215505,12,9,18,6,3,5,f,t,f,t,13.29792589,52.57817777
215504,1,9,19,4,3,0,f,f,f,t,13.38042577,52.54338753
215503,11,9,10,5,3,0,f,f,f,f,13.50182331,52.53956545
215502,6,8,13,7,2,2,t,t,f,f,13.18920194,52.45568991
215501,8,8,16,4,3,5,t,t,f,f,13.44279651,52.46507742
215500,2,9,1,7,2,5,t,t,f,f,13.38582718,52.48503473
215499,9,9,11,7,3,5,f,t,f,t,13.58032793,52.45551642
215498,1,9,13,3,3,5,f,t,f,f,13.35225598,52.50638376
215497,9,9,19,2,3,6,f,t,t,f,13.6249352,52.45506086
215496,7,9,9,3,3,1,t,t,f,f,13.38247596,52.46710119
215495,8,8,13,2,3,1,t,t,f,f,13.43979197,52.48705821
215494,9,9,18,6,3,2,f,t,f,f,13.56010716,52.44217626
215493,8,9,8,4,3,2,f,t,f,f,13.42704296,52.48731213
215492,6,9,7,3,3,1,t,t,f,f,13.34861458,52.45380803
215491,8,9,2,2,3,0,f,t,f,f,13.42954255,52.48833395
215490,8,9,20,4,3,5,f,t,f,t,13.42521179,52.49436474
215489,2,9,23,2,3,1,f,t,f,f,13.44936158,52.49695608
215488,1,9,13,2,3,5,t,t,f,f,13.40114241,52.51132464
215487,8,8,19,1,3,5,f,t,f,t,13.4431377,52.48237247
215486,1,9,15,5,3,6,t,f,t,f,13.35863576,52.54006808
215485,11,9,0,7,2,8,f,f,f,t,13.51435636,52.57534909
215484,3,9,12,5,3,5,t,t,f,f,13.40742984,52.56319222
215483,8,9,21,5,3,5,f,t,f,f,13.4469518,52.42694596
215482,12,8,16,7,3,5,f,t,f,f,13.34024766,52.57234638
215481,12,8,16,4,3,1,t,t,f,f,13.31669819,52.56541068
215480,1,9,14,7,3,5,t,t,f,f,13.41743077,52.51075348
215479,2,9,18,6,3,0,t,t,f,f,13.46222583,52.51182864
215478,4,9,7,4,3,5,f,t,f,t,13.30367646,52.52560952
215477,12,9,16,2,3,5,f,t,f,f,13.33979275,52.58801476
215476,4,9,9,3,3,5,f,t,f,f,13.30654876,52.48839044
215475,4,9,9,2,3,5,t,t,f,f,13.28851765,52.51307615
215474,1,8,14,2,3,5,t,t,f,f,13.3927737,52.56410348
215473,4,9,19,6,3,2,f,t,f,f,13.33179809,52.50636586
215472,1,9,20,4,3,1,f,t,f,t,13.39759698,52.52932405
215471,1,8,12,2,3,5,t,f,f,f,13.36020818,52.53726411
215470,1,8,15,5,2,5,t,t,f,f,13.37350147,52.52066335
215469,4,9,16,2,3,6,t,f,t,f,13.30690379,52.50664069
215468,1,9,19,6,3,5,f,t,f,f,13.36076457,52.54211549
215467,1,8,19,3,3,1,t,t,f,f,13.3865007,52.53299416
215466,8,9,14,7,2,1,t,t,f,f,13.43646173,52.47283644
215465,5,9,6,5,2,1,f,t,f,t,13.1952443,52.54499311
215464,4,8,12,5,3,1,t,t,f,f,13.32726211,52.50168783
215463,5,9,20,3,2,3,f,t,f,t,13.16536321,52.53345106
215462,1,9,12,3,3,2,f,t,f,t,13.41533113,52.52073779
215461,1,8,5,5,3,2,t,t,f,f,13.39587447,52.53822801
215460,9,8,17,3,3,5,t,t,f,f,13.57359682,52.40797058
215459,1,9,15,6,3,6,t,f,t,f,13.33009854,52.52566646
215458,12,9,9,5,2,5,f,f,f,f,13.36106186,52.57699024
215457,2,9,16,3,3,5,f,t,f,t,13.41895194,52.49891343
215456,4,9,19,1,3,0,f,t,f,f,13.30998333,52.50022389
215455,1,9,18,4,3,2,t,t,f,f,13.39872563,52.53257852
215454,10,9,16,2,3,5,f,t,f,f,13.58715221,52.51230004
215453,10,9,17,1,3,5,t,t,f,f,13.58928927,52.52938698
215452,3,8,18,7,3,9,f,t,f,f,13.44189077,52.54634347
215451,9,9,6,6,3,3,f,t,f,t,13.54710823,52.43754653
215450,1,9,6,6,3,0,f,f,f,t,13.39781514,52.53250941
215449,12,9,18,4,3,5,f,t,f,f,13.36780414,52.60273431
215448,12,9,21,4,3,0,f,f,f,t,13.29296909,52.55410982
215447,6,8,7,6,3,2,f,t,f,f,13.35500144,52.42847859
215446,8,8,14,4,3,5,t,t,f,f,13.47814138,52.41776108
215445,3,9,16,6,3,2,f,t,f,f,13.47959863,52.6437939
215444,6,9,12,6,3,6,t,f,t,f,13.34938628,52.44760386
215443,4,9,12,3,3,5,t,t,f,f,13.29205741,52.47912109
215442,1,9,14,2,3,0,f,f,f,t,13.38659406,52.5494802
215441,8,9,11,5,3,5,f,t,f,t,13.44019441,52.43836515
215440,4,9,15,3,3,5,f,t,f,f,13.26091664,52.51632075
215439,3,9,10,3,3,1,t,t,f,f,13.43222459,52.6045062
215438,2,8,12,1,3,3,t,f,f,f,13.44546121,52.50160845
215437,12,9,17,6,3,2,f,t,f,f,13.2853763,52.59511993
215436,1,9,5,1,2,5,f,t,f,f,13.3452798,52.55439835
215435,4,9,13,5,3,5,f,f,f,f,13.32269588,52.48847653
215434,5,9,15,5,2,5,f,t,f,t,13.1793075,52.50157813
215433,4,9,14,6,2,5,t,f,f,f,13.29624147,52.49789702
215432,9,8,15,7,3,1,t,t,f,f,13.54668859,52.45727412
215431,11,8,7,4,2,0,t,f,f,f,13.49995669,52.53275957
215430,3,9,15,1,3,2,f,t,f,t,13.43128811,52.60248309
215429,4,9,21,7,3,0,f,t,f,f,13.31974882,52.50156969
215428,9,8,5,3,3,5,t,f,f,f,13.48838575,52.45135807
215427,12,9,23,6,3,5,f,t,f,f,13.28585064,52.5949705
215426,4,10,8,6,3,2,f,t,f,t,13.27567116,52.50750602
215425,4,9,14,3,3,5,t,t,f,f,13.33109482,52.49316084
215424,1,9,8,4,3,5,t,t,f,f,13.37863148,52.52755817
215423,5,9,20,3,3,6,f,t,t,f,13.19814752,52.53279468
215422,1,8,14,2,3,0,f,f,f,t,13.37117024,52.51112167
215421,5,9,7,6,3,5,t,t,f,f,13.18873272,52.54661218
215420,11,8,13,2,3,5,f,t,f,f,13.52072617,52.56875755
215419,12,8,7,6,3,5,t,t,f,f,13.35423472,52.56506512
215418,8,9,19,2,3,2,f,t,f,f,13.42806602,52.4929937
215417,1,9,3,7,3,5,f,t,f,f,13.34534697,52.52999932
215416,11,9,10,4,3,1,t,t,f,f,13.47700586,52.52027214
215415,3,9,13,1,3,0,f,f,f,t,13.41905403,52.55507651
215414,9,8,11,6,3,2,f,t,f,f,13.53757158,52.41869695
215413,2,9,15,4,3,5,t,t,f,f,13.39720479,52.50023241
215412,5,9,12,6,3,8,f,f,f,f,13.24882489,52.55123346
215411,8,9,15,4,3,5,t,t,f,f,13.48229043,52.42484176
215410,3,9,15,4,3,5,t,t,f,f,13.44291606,52.57047005
215409,10,8,17,5,3,2,f,t,f,f,13.6059846,52.5354009
215408,4,8,16,3,3,2,f,t,f,f,13.32358881,52.52134677
215407,1,9,19,7,2,0,f,f,f,f,13.33575943,52.54192392
215406,12,9,15,4,3,2,t,f,f,f,13.30010109,52.58639318
215405,6,9,15,3,3,1,t,t,f,f,13.34707658,52.43702357
215404,7,9,3,1,3,1,f,t,f,f,13.34699421,52.4974021
215403,8,8,10,2,3,2,f,t,f,f,13.43138258,52.46739282
215402,9,8,15,6,3,5,t,t,f,f,13.57094157,52.38964869
215401,12,9,14,2,2,6,f,t,t,f,13.31579726,52.57448769
215400,1,9,10,7,3,5,t,t,f,f,13.34647932,52.53042807
215399,1,8,16,3,3,2,f,t,f,f,13.35834648,52.54582129
215398,12,9,19,1,3,5,f,t,f,f,13.28033163,52.63013657
215397,12,8,20,6,3,1,f,t,f,t,13.37749566,52.57106694
215396,1,9,17,5,3,1,t,t,f,f,13.3475077,52.55308501
215395,2,9,16,5,3,5,t,t,f,f,13.44657492,52.50272511
215394,4,9,14,4,3,5,f,t,f,t,13.31942963,52.50157071
215393,8,9,8,4,2,6,f,f,t,f,13.43895061,52.48040291
215392,7,8,22,4,3,5,f,t,f,f,13.38563342,52.46573207
215391,3,8,13,3,3,5,t,t,f,f,13.41144072,52.58222236
215390,1,9,11,6,3,5,f,t,f,f,13.39164762,52.52217558
215389,8,9,22,5,3,6,f,t,t,f,13.45849573,52.47365066
215388,11,9,16,3,3,5,f,t,f,t,13.49780202,52.50925243
215387,3,9,6,2,3,5,t,t,f,f,13.42306486,52.55116982
215386,9,9,15,5,3,5,t,t,f,f,13.50631064,52.43748328
215385,2,9,10,2,3,0,f,t,f,t,13.3949388,52.50344884
215384,4,9,15,5,3,2,f,t,f,t,13.28022834,52.51832366
215383,8,9,11,1,3,1,t,t,f,f,13.43513356,52.4708303
215382,2,8,12,7,3,2,f,t,f,t,13.37660622,52.48503447
215381,2,9,23,5,3,4,t,f,f,f,13.37934287,52.49047739
215380,5,9,14,7,3,2,f,t,f,t,13.20314919,52.52374205
215379,1,9,20,4,3,0,f,t,f,t,13.34725266,52.55322801
215378,5,9,19,4,3,2,f,t,f,f,13.15419043,52.52187116
215377,1,8,17,6,3,5,t,t,f,f,13.38262574,52.5518769
215376,10,9,12,6,3,2,f,t,f,t,13.57782421,52.54787248
215375,3,8,18,4,2,0,f,f,f,f,13.40705002,52.54713042
215374,5,9,9,7,3,4,f,f,f,f,13.20436871,52.54016712
215373,3,9,11,6,2,0,f,t,f,f,13.44434085,52.55784122
215372,3,9,12,3,3,2,f,t,t,f,13.40608869,52.55409562
215371,2,9,14,2,3,5,t,f,f,f,13.43288609,52.51783677
215370,3,8,9,2,3,0,t,f,f,t,13.39071347,52.58428849
215369,10,9,19,2,3,2,f,t,f,f,13.55365858,52.54402666
215368,7,9,10,3,3,5,f,t,f,f,13.39582767,52.45430844
215367,2,8,12,2,3,1,f,f,f,f,13.45713406,52.51299573
215366,8,9,16,6,3,1,f,t,f,f,13.47601176,52.42566052
215365,10,9,14,1,3,0,f,t,f,f,13.53829843,52.55423176
215364,4,9,15,5,3,5,f,t,f,t,13.33101032,52.49313699
215363,11,8,16,2,3,2,f,t,f,f,13.51906518,52.5083538
215362,1,8,18,7,2,6,t,f,t,f,13.40248388,52.52375068
215361,3,9,7,2,3,2,t,t,f,f,13.41150058,52.58213996
215360,9,9,10,1,3,5,t,t,f,f,13.65355155,52.41678492
215359,8,8,9,3,3,0,t,t,f,f,13.40632409,52.4158214
215358,7,9,15,6,3,3,t,t,f,f,13.35592602,52.45736953
215357,11,10,19,6,3,5,f,t,f,f,13.4828423,52.52665003
215356,6,9,15,3,3,5,t,t,f,f,13.2983725,52.42200711
215355,11,9,10,3,3,2,f,t,f,f,13.53561726,52.57052708
215354,1,9,12,3,2,0,t,f,f,f,13.40593384,52.53487344
215353,6,8,17,3,3,5,f,t,f,t,13.26764951,52.40700853
215352,8,9,18,6,3,3,t,t,f,f,13.46484097,52.43331181
215351,6,9,8,3,3,5,t,t,f,f,13.31560634,52.443093
215350,1,9,22,6,3,5,f,t,f,f,13.39034838,52.50775008
215349,1,9,9,4,3,5,t,t,f,f,13.40431076,52.5331369
215348,12,9,15,5,3,6,f,f,t,f,13.29693747,52.59016541
215347,11,9,12,7,3,1,t,t,f,f,13.50956223,52.57334332
215346,11,8,17,7,3,5,f,t,f,t,13.48548729,52.52324874
215345,2,9,17,5,3,5,f,t,f,t,13.40927441,52.50177399
215344,1,9,7,5,3,5,t,t,f,f,13.35848914,52.50165381
215343,12,9,14,3,3,5,t,t,f,f,13.34660939,52.56858154
215342,2,9,12,4,2,5,f,t,f,t,13.43213583,52.49931723
215341,12,8,14,5,3,6,f,t,t,f,13.32520721,52.57378107
215340,4,8,12,3,3,5,f,t,f,t,13.25439071,52.50679227
215339,12,9,20,7,3,2,t,t,f,f,13.35141838,52.57168553
215338,2,9,16,5,3,6,f,f,t,f,13.4683078,52.49947874
215337,4,9,11,3,3,0,f,f,t,f,13.30941448,52.50016579
215336,9,9,18,7,3,5,t,t,f,f,13.51403473,52.46231914
215335,8,9,23,4,3,1,t,t,f,f,13.42669268,52.48102865
215334,5,9,19,2,3,5,f,t,f,f,13.1996259,52.53462731
215333,4,9,8,1,2,5,t,t,f,f,13.31502943,52.52456027
215332,2,8,10,1,3,5,f,t,f,f,13.45786823,52.51285863
215331,8,9,16,5,3,0,f,t,f,t,13.44162321,52.48103941
215330,1,9,19,6,3,3,f,t,f,t,13.34245397,52.51784276
215329,11,9,18,4,2,0,f,f,f,t,13.49945292,52.54773403
215328,12,9,10,5,3,2,f,t,f,f,13.28704277,52.5755934
215327,8,8,8,6,3,3,f,t,f,f,13.42831602,52.47309166
215326,5,8,14,4,2,5,f,f,f,f,13.20990581,52.55072564
215325,5,9,7,2,3,5,t,t,f,f,13.18027282,52.50918382
215324,8,8,18,2,3,6,f,t,t,f,13.44297218,52.47128139
215323,4,9,2,5,2,0,f,f,f,f,13.31246296,52.50332926
215322,5,9,15,5,3,2,f,f,f,t,13.19964291,52.53511142
215321,6,9,9,4,3,0,f,f,f,t,13.32067992,52.45676134
215320,2,9,16,2,3,0,t,t,f,f,13.38582718,52.48503473
215319,1,8,16,1,3,3,f,t,f,f,13.35105691,52.50411973
215318,11,9,22,3,2,8,f,t,f,f,13.48264881,52.53919699
215317,2,9,9,2,3,5,t,f,f,f,13.40526428,52.49052142
215316,1,8,8,3,3,5,t,t,f,f,13.38904542,52.51567389
215315,7,9,17,6,3,5,f,t,f,f,13.37220055,52.45549387
215314,6,9,20,4,2,5,t,f,f,t,13.32385312,52.45609006
215313,2,8,13,1,2,3,f,t,f,f,13.39358492,52.49811321
215312,3,9,9,4,3,0,t,t,f,f,13.41209503,52.5431422
215311,4,9,12,2,3,5,f,t,f,f,13.31076826,52.48915039
215310,10,9,15,1,3,2,f,t,f,f,13.57925124,52.56355994
215309,11,8,10,7,2,5,f,t,f,f,13.5197046,52.57860227
215308,4,9,9,6,3,5,t,t,f,f,13.31162276,52.52331999
215307,10,9,17,6,3,2,f,t,f,f,13.59635276,52.54783838
215306,8,9,20,4,3,1,t,t,f,f,13.43931144,52.48218523
215305,1,9,14,5,3,5,t,t,f,f,13.37042758,52.53425731
215304,11,8,17,5,3,0,t,f,f,f,13.47936984,52.52040768
215303,7,8,11,3,2,0,f,f,f,f,13.38177695,52.39694539
215302,3,9,3,1,3,0,f,f,f,f,13.42021803,52.54207081
215301,4,9,15,5,3,1,f,t,f,f,13.28824725,52.49574835
215300,5,9,16,3,3,2,f,t,f,t,13.2470158,52.5438962
215299,1,9,11,2,3,0,f,t,f,t,13.342421,52.50474767
215298,10,8,19,1,3,5,f,t,f,f,13.59668647,52.52459333
215297,8,9,8,3,3,5,t,t,f,f,13.45463718,52.47464192
215296,3,9,18,2,3,1,t,t,f,f,13.39828275,52.56881866
215295,11,8,5,2,3,2,f,t,f,f,13.48043609,52.49909733
215294,1,9,12,6,2,5,t,t,f,f,13.35947746,52.5232911
215293,5,9,15,7,3,5,f,t,f,t,13.20260442,52.52376352
215292,2,9,2,5,2,0,t,f,f,f,13.39907638,52.49455826
215291,4,8,20,1,3,6,f,t,t,f,13.33954912,52.50324634
215290,9,10,12,6,2,6,f,t,t,f,13.49987743,52.44026528
215289,1,8,3,1,3,9,f,t,f,f,13.37900911,52.55291936
215288,9,9,16,2,3,5,t,t,f,f,13.52614594,52.42378425
215287,7,9,21,1,2,1,f,t,f,f,13.3463179,52.40591057
215286,5,8,17,3,2,6,f,f,t,f,13.19770746,52.53228023
215285,4,9,10,6,3,5,t,t,f,f,13.32318568,52.48739394
215284,3,9,6,5,3,6,f,t,t,f,13.43013981,52.60964338
215283,5,9,17,3,3,5,t,t,f,f,13.15780108,52.5430001
215282,8,9,16,3,3,6,f,f,t,f,13.43380891,52.48976879
215281,9,9,10,4,3,6,f,t,t,f,13.45280329,52.48976783
215280,8,8,17,2,3,5,t,t,f,f,13.46416645,52.47247479
215279,7,9,10,6,2,1,f,t,f,f,13.37974882,52.44163853
215278,2,9,16,3,3,5,f,t,f,f,13.41606073,52.49097185
215277,1,9,6,3,3,0,t,t,f,f,13.3911517,52.53620723
215276,6,9,14,6,2,5,t,t,f,f,13.34026451,52.43615629
215275,3,9,13,4,2,3,f,t,f,t,13.42828173,52.54553956
215274,4,9,11,5,3,6,f,t,t,f,13.33533009,52.50402833
215273,8,9,20,7,3,6,f,t,t,f,13.46731262,52.46858704
215272,9,8,15,7,3,0,f,t,f,f,13.57840514,52.45751601
215271,4,9,16,5,3,5,t,t,f,f,13.31075136,52.49507015
215270,7,9,23,5,3,1,t,t,f,f,13.35070236,52.49657876
215269,8,9,7,4,3,0,t,t,f,f,13.44713225,52.42701187
215268,6,9,13,4,3,1,f,t,f,f,13.30293005,52.41245306
215267,5,8,7,6,3,6,f,t,t,f,13.14154062,52.53234699
215266,1,8,12,3,3,7,f,f,f,t,13.377395,52.51456955
215265,4,9,21,6,2,4,t,f,f,f,13.30958289,52.50659147
215264,11,9,19,4,3,6,f,t,t,f,13.49129363,52.50260554
215263,6,9,21,3,3,5,f,t,f,t,13.30966292,52.43132145
215262,3,9,17,7,3,0,f,f,t,f,13.41646088,52.54728581
215261,1,9,13,5,3,6,t,f,t,f,13.37976069,52.55292007
215260,1,9,17,2,3,2,f,t,f,f,13.33809898,52.52645384
215259,4,9,3,1,3,0,f,f,f,f,13.29430412,52.51421019
215258,5,8,7,2,3,0,f,f,f,t,13.17797768,52.53928619
215257,1,9,9,5,3,2,f,t,f,f,13.4169648,52.52615736
215256,4,9,9,6,3,6,t,f,t,f,13.32550135,52.50936927
215255,1,9,17,4,3,2,f,f,f,f,13.35348114,52.5022005
215254,6,9,12,5,2,6,t,t,t,f,13.25766214,52.45134948
215253,5,8,19,6,3,5,f,t,f,f,13.22723591,52.54947077
215252,6,8,16,4,2,4,t,f,f,f,13.3453387,52.43665826
215251,11,9,15,1,3,3,f,t,f,f,13.47098152,52.53180889
215250,9,9,14,5,3,5,t,t,f,f,13.47720769,52.46222378
215249,3,9,10,4,3,2,f,t,f,f,13.4480859,52.56470853
215248,6,9,20,2,3,5,t,f,f,f,13.31684156,52.42580352
215247,3,9,14,3,3,2,f,t,f,f,13.44266724,52.55105777
215246,8,9,14,3,3,5,f,t,f,t,13.48694538,52.42282699
215245,7,8,8,3,3,2,f,t,f,f,13.32855372,52.4743504
215244,11,9,15,6,2,5,t,f,f,f,13.4757824,52.53302318
215243,4,9,0,4,3,1,f,t,f,f,13.31430206,52.51504812
215242,3,8,19,2,2,8,f,t,f,f,13.40371866,52.5514087
215241,12,8,11,6,3,5,t,f,f,f,13.28805651,52.58888729
215240,2,9,13,2,3,5,t,t,f,f,13.41104101,52.50349606
215239,10,9,13,7,3,2,f,t,f,f,13.56192017,52.50996299
215238,7,9,16,5,3,5,f,t,f,f,13.37209294,52.45560354
215237,1,9,20,6,3,5,t,t,f,f,13.36033767,52.53724679
215236,10,9,18,3,2,5,f,t,f,t,13.58886296,52.53933319
215235,2,9,12,4,3,1,t,t,f,f,13.46084627,52.51224246
215234,5,9,19,3,3,0,t,f,f,f,13.18290274,52.48569168
215233,1,8,12,5,2,5,f,t,f,t,13.38744255,52.53341242
215232,3,8,14,3,3,3,f,t,f,f,13.43035283,52.55127659
215231,8,9,18,6,3,5,t,t,f,f,13.45910324,52.44043489
215230,12,9,19,4,3,5,f,t,f,f,13.30699723,52.55507817
215229,6,9,7,3,3,1,t,t,f,f,13.34861498,52.45381062
215228,1,9,0,1,3,2,t,t,f,f,13.35843153,52.50096756
215227,8,9,16,4,3,2,f,t,f,t,13.45422953,52.48248861
215226,2,9,13,1,3,5,t,t,f,f,13.38970239,52.49591504
215225,6,8,11,7,3,5,t,t,f,f,13.27987357,52.43966441
215224,12,9,13,5,3,2,f,t,f,f,13.27886433,52.63001409
215223,3,8,13,6,3,5,t,t,f,f,13.42743193,52.53617257
215222,6,9,11,2,2,5,t,t,f,f,13.2958022,52.45102438
215221,8,9,21,1,3,5,f,t,f,f,13.45234529,52.48129335
215220,2,8,18,3,3,3,f,t,f,t,13.38427626,52.484988
215219,10,9,17,5,3,0,t,f,f,f,13.54540069,52.52585725
215218,7,9,16,6,3,5,t,t,f,f,13.36039807,52.49038472
215217,6,10,11,6,2,2,f,t,f,f,13.30085769,52.42072182
215216,1,9,10,3,3,6,f,t,t,f,13.37629621,52.53599467
215215,1,9,11,4,3,5,t,t,f,f,13.39292146,52.5274667
215214,11,9,7,3,3,2,f,t,f,f,13.48664247,52.50218244
215213,8,8,10,5,3,3,f,f,f,t,13.44865011,52.45237514
215212,1,8,19,3,3,5,t,t,f,f,13.39896173,52.5082284
215211,10,9,18,6,3,5,t,t,f,f,13.52000596,52.52583451
215210,8,9,12,3,3,5,f,t,f,t,13.45588592,52.47385267
215209,11,9,16,3,3,6,f,t,t,f,13.45903231,52.526127
215208,1,9,21,7,3,6,f,t,t,f,13.35801789,52.53533541
215207,5,9,14,4,3,5,f,t,f,f,13.22886241,52.53791985
215206,1,9,23,5,2,5,t,t,f,f,13.42615181,52.51590111
215205,8,9,11,1,3,3,f,t,f,t,13.47280256,52.464791
215204,10,8,13,7,3,5,t,t,f,f,13.58391293,52.52435901
215203,3,9,17,5,3,0,t,t,f,f,13.40765788,52.57391013
215202,3,9,23,5,3,1,t,t,f,f,13.41828686,52.54436777
215201,9,9,10,4,3,5,t,t,f,f,13.48401852,52.46323846
215200,1,9,17,4,3,5,t,t,f,f,13.39294318,52.52750274
215199,2,8,0,6,2,0,f,f,f,f,13.42961039,52.51753496
215198,2,8,16,4,3,5,f,t,f,f,13.4439633,52.50011805
215197,2,9,15,7,3,5,f,t,f,t,13.45615431,52.50991382
215196,6,9,9,5,3,3,t,t,f,f,13.33345463,52.42993908
215195,6,9,13,3,3,2,f,t,f,f,13.32031703,52.4299479
215194,9,9,14,1,2,0,f,t,f,t,13.55937293,52.44233774
215193,11,9,21,4,2,0,f,f,t,f,13.52284599,52.56627042
215192,9,9,14,2,2,5,f,f,f,t,13.46407995,52.48186802
215191,1,9,8,2,2,5,t,f,f,f,13.34755446,52.51552395
215190,3,8,7,2,3,0,f,f,t,f,13.41054166,52.55160944
215189,12,9,7,6,3,1,f,t,f,f,13.29892784,52.59862609
215188,1,9,7,6,3,5,f,t,f,t,13.42230685,52.50544939
215187,4,9,17,4,3,5,f,t,f,f,13.24050922,52.51192355
215186,8,9,19,5,2,5,f,t,f,t,13.45589792,52.47384675
215185,5,8,14,7,2,5,f,t,f,t,13.17430652,52.56024172
215184,4,8,15,4,3,4,t,f,f,f,13.27780769,52.50681307
215183,4,9,23,7,3,8,f,t,f,f,13.28135219,52.48300007
215182,2,9,16,5,3,5,t,t,f,f,13.43041803,52.51137076
215181,6,9,10,7,3,2,f,t,f,f,13.36480683,52.42833401
215180,7,9,17,4,2,0,t,f,f,f,13.34670263,52.50145008
215179,9,9,18,3,3,2,t,f,f,f,13.5676082,52.44501868
215178,11,9,15,3,3,5,t,f,f,t,13.47668915,52.50095021
215177,2,9,22,2,3,1,f,t,f,f,13.38993278,52.50446812
215176,11,8,7,3,3,3,f,t,f,t,13.47877345,52.53781664
215175,1,9,15,6,3,6,f,t,t,f,13.34305652,52.50484167
215174,11,9,16,4,3,4,t,f,f,f,13.48960553,52.5120984
215173,3,8,14,2,3,2,f,t,f,f,13.42040899,52.54210583
215172,10,8,11,6,3,5,t,t,f,f,13.59189092,52.54566404
215171,8,9,12,2,3,1,t,t,f,f,13.44485321,52.48714374
215170,2,9,21,7,3,0,t,t,f,f,13.40489389,52.50473896
215169,5,8,7,3,3,6,f,f,t,f,13.21854525,52.52523809
215168,2,9,16,5,2,5,t,f,f,f,13.43567086,52.49167242
215167,11,9,14,1,3,1,t,f,f,f,13.49026954,52.526567
215166,5,8,6,5,3,5,f,t,f,f,13.18020203,52.53401772
215165,6,9,16,4,3,5,t,t,f,f,13.33898646,52.46452439
215164,10,9,15,6,3,5,t,t,f,f,13.59030417,52.52954725
215163,10,9,15,4,3,6,f,f,t,f,13.59143332,52.53136047
215162,3,9,11,4,1,0,t,f,f,f,13.50228673,52.63755925
215161,7,8,17,5,3,5,t,f,f,f,13.37821452,52.45199142
215160,3,8,19,3,2,3,t,f,f,f,13.42881873,52.57933285
215159,1,9,16,6,3,6,t,f,t,f,13.36496074,52.49942478
215158,8,9,21,5,3,1,t,t,f,f,13.44362836,52.46423119
215157,4,9,16,3,2,6,f,t,t,f,13.31199389,52.5178085
215156,2,9,18,7,3,3,f,t,f,t,13.43054008,52.49926228
215155,12,8,15,3,2,6,t,f,t,f,13.3324225,52.57677846
215154,8,9,16,2,3,5,f,t,f,f,13.43682438,52.46516139
215153,8,9,18,1,3,5,f,t,f,f,13.49857952,52.41038462
215152,1,8,15,1,3,5,f,t,f,t,13.35468241,52.51704365
215151,10,9,6,6,3,2,f,t,f,t,13.58874428,52.53932441
215150,5,9,14,7,3,1,f,t,f,f,13.20869608,52.56246649
215149,12,9,8,5,3,5,t,t,f,f,13.31719052,52.56894477
215148,4,9,17,4,3,2,f,t,f,f,13.27942445,52.53803964
215147,11,8,15,6,2,0,f,f,f,t,13.500282,52.54816581
215146,4,8,17,4,3,1,f,t,f,f,13.32487129,52.50252474
215145,12,9,12,6,3,2,f,t,f,f,13.31225868,52.56791791
215144,7,9,8,5,3,0,f,f,f,f,13.34345043,52.47115609
215143,2,9,15,6,3,5,t,t,f,f,13.38408115,52.49521011
215142,10,9,13,4,3,6,f,t,t,f,13.58692039,52.54897129
215141,2,9,8,2,2,2,f,t,f,f,13.46655378,52.50109288
215140,10,9,12,5,3,5,t,t,f,f,13.59195838,52.54584546
215139,8,9,8,3,3,5,t,t,f,f,13.40715125,52.41575524
215138,7,9,17,3,3,6,f,t,t,f,13.37155807,52.49253016
215137,8,8,19,2,3,5,f,t,f,f,13.43852578,52.45259225
215136,6,9,17,6,3,5,t,t,f,f,13.28987624,52.45806482
215135,7,9,11,1,3,1,f,t,f,f,13.41993039,52.45988445
215134,10,9,14,5,3,5,t,t,f,f,13.57724327,52.51315442
215133,9,9,7,5,3,5,t,t,f,f,13.55167911,52.42852256
215132,9,8,11,7,3,6,f,t,t,f,13.48959605,52.46767845
215131,11,9,15,1,3,6,f,t,t,f,13.5178794,52.5716046
215130,1,9,17,1,3,2,t,t,f,f,13.39555353,52.53873608
215129,11,9,12,5,3,2,f,t,f,t,13.47108379,52.53907508
215128,12,9,8,4,3,5,f,t,f,f,13.29160134,52.60607208
215127,1,9,18,4,2,5,t,t,f,f,13.4162543,52.51105578
215126,2,8,9,6,3,5,t,t,f,f,13.45800423,52.5094552
215125,1,8,22,4,2,6,f,t,t,f,13.4122128,52.51583122
215124,1,9,17,7,3,5,t,t,f,f,13.39182959,52.51043883
215123,12,9,21,5,3,6,f,t,t,f,13.33398379,52.58972083
215122,4,9,7,3,3,5,t,t,f,f,13.30997322,52.47893806
215121,1,9,9,2,3,2,f,t,f,f,13.39103527,52.54479761
215120,5,9,18,4,3,5,t,t,f,f,13.21744428,52.53777769
215119,4,9,11,2,3,5,t,t,f,f,13.33246134,52.50605507
215118,8,9,17,2,3,2,f,t,f,t,13.44667461,52.47837409
215117,2,8,9,1,3,5,f,t,f,f,13.38531398,52.49886439
215116,6,9,8,6,3,5,t,t,f,f,13.36327309,52.43478567
215115,2,9,12,7,3,1,t,t,f,f,13.4543533,52.52196577
215114,3,9,21,4,3,5,f,t,f,f,13.47980555,52.55328545
215113,1,9,18,5,3,5,t,t,f,f,13.36595255,52.52517794
215112,1,8,17,7,3,6,f,t,t,f,13.35487459,52.55180547
215111,1,8,7,4,3,5,t,t,f,f,13.39031744,52.55554551
215110,11,9,15,2,3,2,t,f,f,f,13.49667002,52.50731828
215109,3,8,9,3,3,1,t,f,f,f,13.42477195,52.54366458
215108,1,9,13,7,3,5,f,t,f,f,13.35704522,52.5235512
215107,1,9,12,3,3,6,f,f,f,f,13.38042755,52.53268345
215106,2,9,7,3,3,5,f,t,f,f,13.39213145,52.48674846
215105,4,9,13,2,3,0,f,t,f,f,13.26712787,52.48376632
215104,4,8,8,2,3,0,f,t,f,f,13.29422906,52.53307472
215103,7,9,15,6,3,5,f,t,f,f,13.40012209,52.45913967
215102,5,9,15,4,3,3,f,f,f,f,13.18548466,52.54731631
215101,7,8,11,2,3,5,f,t,f,f,13.41080345,52.44473015
215100,5,8,6,6,3,5,f,t,f,f,13.24320201,52.54379408
215099,12,9,13,2,2,0,f,f,f,t,13.21762133,52.61130492
215098,4,9,13,6,3,2,f,t,f,t,13.32642172,52.47872585
215097,2,8,13,3,3,5,f,t,f,f,13.41029524,52.50378415
215096,3,9,15,5,3,5,f,t,f,t,13.41712696,52.60548561
215095,1,9,9,1,3,5,t,t,f,f,13.41820321,52.51540851
215094,12,8,7,6,3,3,f,t,f,f,13.30041193,52.56992693
215093,7,9,15,5,3,5,f,t,f,f,13.3774458,52.48210424
215092,2,9,23,5,2,5,t,t,f,f,13.41044608,52.5037966
215091,4,9,10,4,3,3,f,t,f,f,13.2482454,52.52419836
215090,2,9,9,4,3,3,f,t,f,t,13.4455694,52.50169255
215089,12,8,9,5,3,0,t,t,f,f,13.28782949,52.59011582
215088,1,8,14,3,3,6,f,f,t,f,13.38260385,52.53045568
215087,4,9,17,6,3,0,t,t,f,f,13.29128565,52.49712963
215086,7,9,23,5,2,6,f,t,t,f,13.38577953,52.46572896
215085,9,9,7,3,3,2,t,t,f,f,13.54102151,52.43551539
215084,11,9,22,7,3,0,f,f,f,t,13.47551279,52.50266261
215083,11,9,12,5,3,5,f,t,f,f,13.52695686,52.48658186
215082,10,9,20,1,3,5,f,t,f,f,13.56563334,52.57043496
215081,1,9,14,2,3,0,f,f,f,t,13.3512666,52.50956504
215080,4,8,14,7,3,1,t,t,f,f,13.32254522,52.49987065
215079,1,9,20,5,3,6,t,f,t,f,13.35107706,52.54978162
215078,1,9,21,6,3,5,f,t,f,f,13.35922042,52.53680323
215077,4,9,0,4,3,5,f,t,f,f,13.33219754,52.50603182
215076,3,9,18,5,3,5,t,t,f,f,13.43378396,52.54957056
215075,9,8,17,6,2,0,t,f,f,f,13.57538052,52.4474879
215074,2,8,21,4,3,5,t,t,f,f,13.43042227,52.49920317
215073,10,9,15,1,3,5,t,t,f,f,13.5575374,52.52739003
215072,7,9,9,6,2,6,f,t,t,f,13.38450159,52.45933966
215071,12,9,11,4,2,5,f,t,f,t,13.30120456,52.61650585
215070,4,9,12,2,3,5,f,t,f,t,13.26117363,52.50808226
215069,2,8,4,1,2,0,t,f,f,f,13.4601146,52.51236542
215068,5,9,17,3,2,0,f,f,f,f,13.20175343,52.53455078
215067,1,9,6,3,3,4,t,f,f,f,13.35858882,52.53650907
215066,8,8,13,2,3,5,f,t,f,t,13.42618159,52.48097429
215065,3,9,9,6,3,5,t,t,f,f,13.40428096,52.58148695
215064,9,9,15,7,3,3,f,t,f,t,13.51059691,52.46411599
215063,4,9,11,5,3,5,t,t,f,f,13.33108894,52.49515045
215062,7,8,6,2,2,5,f,t,f,f,13.39752091,52.42384795
215061,1,10,10,6,3,5,t,f,f,f,13.40431057,52.52176434
215060,1,8,10,7,3,6,f,t,t,f,13.38945239,52.55531083
215059,5,9,16,2,3,5,t,f,f,t,13.17255063,52.56067511
215058,8,9,15,7,3,1,f,t,f,f,13.4278544,52.47393985
215057,4,8,13,3,3,2,f,t,f,t,13.31980343,52.47168419
215056,1,9,10,6,3,5,t,f,f,f,13.35115859,52.5096367
215055,2,10,8,6,3,5,f,t,f,t,13.40637903,52.50259206
215054,1,9,19,3,3,0,f,t,f,t,13.38255616,52.55586323
215053,2,9,7,3,3,5,t,t,f,f,13.40588139,52.4895139
215052,4,9,10,4,3,6,f,f,t,f,13.32221934,52.49553972
215051,4,8,14,3,3,5,t,t,f,f,13.29569138,52.51948956
215050,2,9,15,6,3,5,t,t,f,f,13.46590694,52.49695473
215049,2,9,19,3,3,2,f,t,f,t,13.44201062,52.50125055
215048,5,9,10,7,3,2,f,t,f,f,13.22180717,52.53691381
215047,11,9,15,4,2,6,f,f,t,f,13.51920751,52.51360517
215046,6,9,19,5,3,0,f,t,f,f,13.34528571,52.43673861
215045,4,9,10,7,3,1,f,t,f,f,13.26655139,52.49771499
215044,5,8,12,7,3,0,f,f,f,t,13.15787303,52.53303802
215043,4,9,18,5,3,5,t,t,f,f,13.31257802,52.50643069
215042,5,9,13,6,3,5,f,t,f,f,13.1768547,52.54894874
215041,2,9,15,4,3,5,t,t,f,f,13.43910054,52.51241021
215040,10,8,9,3,3,5,f,t,f,f,13.51719512,52.53547621
215039,2,9,23,6,2,2,f,t,f,f,13.44192989,52.50427789
215038,4,10,0,6,3,5,f,t,f,f,13.33943139,52.50313535
215037,7,9,18,3,3,6,f,f,t,t,13.32871372,52.4652921
215036,9,9,9,4,3,5,t,t,f,f,13.50710179,52.46324125
215035,9,9,10,4,3,2,f,t,f,f,13.54674635,52.42648802
215034,1,8,15,2,3,6,f,t,t,f,13.41164731,52.52396202
215033,1,9,8,6,3,5,f,t,f,f,13.38609552,52.53881901
215032,10,8,11,2,3,5,f,t,f,f,13.58961814,52.50918141
215031,10,8,16,5,3,5,t,t,f,f,13.60369644,52.47893431
215030,2,9,20,2,3,0,t,f,f,t,13.45907673,52.50119371
215029,9,9,17,6,3,5,f,t,f,f,13.55307418,52.43401092
215028,10,8,14,3,3,2,t,t,f,f,13.56421985,52.50368322
215027,4,9,18,7,2,5,f,t,f,t,13.30790372,52.48860706
215026,4,8,8,6,3,5,f,t,f,f,13.32625312,52.53800398
215025,3,9,17,5,3,2,f,t,f,f,13.4547451,52.52812318
215024,3,9,11,6,3,5,t,f,f,f,13.42384431,52.53831692
215023,2,9,19,3,1,5,f,f,t,f,13.45234224,52.52756271
215022,12,9,10,4,3,5,t,t,f,f,13.29669839,52.59466002
215021,2,8,12,5,2,6,f,t,t,f,13.40933768,52.49960925
215020,1,8,19,3,3,2,f,t,f,t,13.38881882,52.51708755
215019,1,9,14,7,2,0,t,f,f,f,13.38718228,52.52664909
215018,8,9,4,5,3,2,f,t,t,f,13.43194255,52.46643116
215017,6,9,16,3,2,5,t,t,f,f,13.16714461,52.42054941
215016,7,9,19,7,3,5,t,t,f,f,13.36219402,52.49793114
215015,4,9,13,5,3,5,f,f,f,t,13.31367507,52.48418208
215014,11,9,2,1,2,0,f,f,f,f,13.47871262,52.52910004
215013,1,9,9,5,2,5,f,t,f,f,13.32972731,52.52373276
215012,5,9,11,2,2,2,f,t,f,f,13.19895807,52.54269007
215011,8,8,18,7,3,5,t,f,f,t,13.42530206,52.48082565
215010,3,9,13,5,3,2,f,t,f,f,13.41450204,52.55280866
215009,9,9,17,6,3,6,f,t,t,f,13.47246635,52.44949587
215008,7,9,11,5,2,5,f,t,f,t,13.36795195,52.41896098
215007,1,9,15,5,2,5,f,t,f,f,13.34969597,52.5421731
215006,4,8,8,6,3,2,f,t,f,f,13.24679407,52.51378838
215005,6,8,22,4,3,6,f,f,t,t,13.32061749,52.4566998
215004,9,9,14,1,3,2,f,t,f,f,13.61835695,52.45546569
215003,1,9,9,6,3,5,t,f,f,f,13.36588209,52.52532973
215002,6,9,16,4,3,8,f,t,f,f,13.32963658,52.45124519
215001,2,9,9,3,2,5,f,f,f,f,13.43007003,52.50354047
215000,12,8,20,1,3,2,f,t,f,f,13.33970397,52.59584524
214999,6,9,0,3,2,0,t,f,f,f,13.32499758,52.4612526
214998,2,9,16,3,3,6,f,t,t,f,13.40912655,52.5017867
214997,3,8,15,2,3,5,t,t,f,f,13.44138706,52.53193843
214996,11,9,14,6,3,2,f,t,f,t,13.49333504,52.51447495
214995,9,9,11,5,3,5,t,t,f,f,13.54638681,52.42642731
214994,9,8,7,2,3,5,t,t,f,f,13.69943788,52.43592505
214993,1,8,22,1,3,5,f,t,f,f,13.41624411,52.51105824
214992,8,9,12,2,3,5,t,t,f,f,13.46435231,52.47020064
214991,1,9,13,1,3,8,f,t,f,f,13.34160207,52.50585422
214990,11,8,20,3,3,5,f,t,f,f,13.49215428,52.51632073
214989,10,9,11,6,3,6,f,f,t,f,13.60338611,52.53043091
214988,4,10,18,6,3,2,f,t,f,t,13.31195601,52.48963142
214987,11,9,12,3,3,5,f,t,f,f,13.48856354,52.51838912
214986,4,9,6,3,2,3,t,f,f,f,13.31751445,52.49140108
214985,4,9,7,3,3,5,t,t,f,f,13.29384799,52.49752437
214984,10,8,9,5,3,5,f,t,f,f,13.60227263,52.53605797
214983,8,8,10,3,3,5,t,t,f,f,13.43869014,52.44811871
214982,12,9,17,6,3,1,f,t,f,f,13.37119044,52.56962898
214981,1,9,14,4,3,1,f,t,f,f,13.34615918,52.54495249
214980,7,9,22,2,3,5,t,f,f,f,13.36717349,52.46715508
214979,4,9,14,6,3,5,t,t,f,f,13.2185166,52.50886923
214978,1,9,13,4,3,2,f,t,f,f,13.40101644,52.51832787
214977,4,9,15,7,3,3,t,f,f,f,13.33372174,52.50875866
214976,1,8,21,7,2,5,t,t,f,f,13.39520689,52.54612964
214975,11,9,12,5,3,5,f,t,f,f,13.4609989,52.52971188
214974,1,9,10,6,3,6,f,t,t,f,13.40069399,52.52960219
214973,4,9,15,4,3,0,f,f,f,t,13.31398607,52.48113619
214972,7,9,17,4,3,5,t,f,f,f,13.3708711,52.49266354
214971,3,8,7,5,3,0,f,t,f,t,13.36475772,52.58511461
214970,3,8,16,4,2,5,t,t,f,f,13.40460814,52.54059655
214969,9,9,15,7,3,0,f,f,f,t,13.51005488,52.45361587
214968,7,9,20,5,3,5,f,t,f,f,13.40677628,52.39376827
214967,8,9,9,3,3,1,f,t,f,f,13.44606837,52.48442925
214966,6,9,9,7,2,2,f,t,f,f,13.35438877,52.43007472
214965,12,9,17,4,3,5,t,t,f,f,13.31198716,52.56808605
214964,6,9,16,1,3,5,t,t,f,f,13.35156782,52.44017763
214963,6,9,18,1,3,1,f,t,f,t,13.34203509,52.42919256
214962,7,8,14,1,3,1,t,t,f,f,13.35747003,52.49961384
214961,1,9,8,5,3,5,t,t,f,f,13.40592491,52.53110959
214960,9,9,9,7,3,5,f,t,f,t,13.5231912,52.46071548
214959,6,9,12,5,3,3,t,t,f,f,13.34222714,52.44116296
214958,9,9,20,5,3,5,f,f,f,f,13.49127271,52.46907086
214957,11,8,18,7,3,5,f,t,f,f,13.49656503,52.51579431
214956,8,8,16,4,3,5,t,t,f,f,13.45378002,52.46524289
214955,3,9,8,2,3,5,f,t,f,f,13.50689105,52.6283715
214954,8,9,18,6,3,5,t,t,f,f,13.4263443,52.47754772
214953,1,9,12,4,3,5,f,t,f,f,13.35808045,52.5565859
214952,9,8,17,5,3,0,f,f,t,f,13.48729168,52.47571028
214951,4,8,12,3,3,0,f,f,t,f,13.33263016,52.50630315
214950,1,9,23,6,3,0,t,f,f,f,13.37358494,52.51140706
214949,2,9,16,5,3,5,t,t,f,f,13.46952498,52.4945998
214948,1,9,14,3,3,5,t,t,f,f,13.38063055,52.51820782
214947,2,9,2,1,3,1,f,t,f,f,13.46225956,52.51088723
214946,8,9,15,5,3,5,t,t,f,f,13.43584882,52.4821073
214945,4,9,15,2,3,2,t,t,f,f,13.32384497,52.49509836
214944,9,9,15,5,3,5,f,t,f,f,13.51759369,52.46744511
214943,4,9,19,1,2,1,f,t,f,f,13.31320998,52.50173186
214942,3,8,12,2,3,0,t,t,f,f,13.41102011,52.56717351
214941,1,9,5,5,3,5,t,t,f,f,13.3989326,52.50822652
214940,12,9,9,6,3,6,f,t,t,f,13.28729532,52.58883114
214939,3,9,18,4,3,5,f,t,f,f,13.40840966,52.55246572
214938,8,9,21,5,3,2,f,t,f,f,13.44270986,52.4651807
214937,5,8,10,6,3,5,f,t,f,f,13.15786029,52.54310055
214936,4,8,17,4,3,1,t,t,f,f,13.3077473,52.50574591
214935,12,9,15,7,3,5,f,t,f,f,13.28428136,52.59449584
214934,1,9,6,6,3,2,f,t,f,t,13.37908207,52.51337821
214933,10,9,7,4,3,0,f,t,f,t,13.55936694,52.54776631
214932,11,9,7,3,3,0,t,f,f,f,13.49466901,52.54594785
214931,5,9,8,3,3,5,t,t,f,f,13.13276653,52.54919668
214930,11,9,13,3,3,2,f,t,f,f,13.47575852,52.53285635
214929,9,8,8,3,3,3,f,t,f,t,13.48156869,52.46105369
214928,9,9,15,6,2,3,t,t,f,f,13.59451605,52.42639855
214927,8,9,18,4,2,1,f,t,f,f,13.43895476,52.48236569
214926,2,8,8,2,3,3,f,t,f,f,13.45219849,52.52752489
214925,4,8,23,6,3,0,f,f,f,f,13.3056291,52.49989017
214924,12,9,10,2,3,5,t,t,f,f,13.30723299,52.62106473
214923,1,9,17,7,3,6,f,t,t,f,13.34295629,52.52598225
214922,2,9,12,7,3,2,f,t,f,t,13.44383031,52.52531782
214921,10,10,9,6,3,5,t,t,f,f,13.56999431,52.48687866
214920,3,9,7,3,3,5,f,t,f,t,13.41847467,52.55347207
214919,5,9,21,4,2,6,f,t,t,f,13.19978588,52.53481867
214918,3,9,22,3,2,6,f,t,t,f,13.4344894,52.55350733
214917,7,8,10,5,2,5,f,t,f,f,13.39274485,52.41265223
214916,11,8,10,3,3,2,f,t,f,f,13.49211062,52.534065
214915,4,9,9,6,3,0,f,t,f,t,13.31742075,52.50544159
214914,9,9,13,5,3,2,f,t,f,f,13.55401167,52.45595444
214913,2,9,12,2,3,6,f,f,t,t,13.43797289,52.49329705
214912,4,9,16,2,3,5,f,t,f,f,13.29489254,52.53962814
214911,5,9,16,4,3,5,f,t,f,t,13.26596476,52.53485671
214910,6,9,21,7,3,2,f,t,f,f,13.32243085,52.4623981
214909,4,8,14,7,3,2,f,t,f,f,13.30783577,52.49740339
214908,2,9,19,5,3,6,f,t,t,f,13.4659181,52.50888484
214907,4,9,22,5,3,1,f,t,f,f,13.31363728,52.48363627
214906,7,9,8,4,3,7,t,f,f,f,13.37610998,52.4557709
214905,2,9,19,4,3,2,t,t,f,f,13.43873466,52.49508539
214904,3,8,8,6,3,6,f,t,t,f,13.40295786,52.56274293
214903,1,8,14,4,3,0,t,t,f,f,13.3379394,52.51381253
214902,5,9,13,7,3,2,f,t,f,f,13.21419083,52.53851843
214901,4,9,14,5,2,6,t,f,t,f,13.32011759,52.47508846
214900,5,9,16,3,2,1,f,t,f,f,13.21181661,52.56503997
214899,2,9,11,2,3,5,f,t,f,f,13.41454747,52.50015487
214898,1,9,21,4,3,0,t,f,f,f,13.33841109,52.52180959
214897,12,9,8,2,2,6,t,f,t,f,13.36468655,52.57193875
214896,1,9,15,2,2,5,t,t,f,f,13.37188873,52.50905405
214895,1,8,18,2,3,1,f,t,f,f,13.33334023,52.54653855
214894,3,9,23,5,3,0,t,f,f,f,13.46619308,52.55047765
214893,1,9,22,6,3,5,f,t,f,f,13.35216314,52.50551996
214892,6,9,12,5,3,1,f,t,f,f,13.31989296,52.46044962
214891,10,9,19,5,3,5,f,t,f,f,13.53848974,52.52472092
214890,4,8,22,6,3,5,f,t,f,f,13.30574085,52.53404362
214889,10,8,9,4,3,3,t,f,f,f,13.54609779,52.52607711
214888,6,9,12,1,3,5,f,t,f,f,13.20515388,52.42445284
214887,1,9,18,5,3,2,f,t,f,f,13.35121411,52.5105118
214886,4,9,17,6,3,2,f,t,f,f,13.28076537,52.51835504
214885,6,9,17,3,3,2,f,t,f,t,13.30624269,52.41934368
214884,1,9,10,3,3,3,t,t,f,f,13.40185912,52.52963702
214883,4,9,16,2,3,3,f,t,f,t,13.26657342,52.51296908
214882,4,8,14,3,3,0,f,f,f,f,13.33267025,52.50613725
214881,1,9,17,6,3,1,f,t,f,t,13.41482544,52.5076058
214880,2,9,7,4,3,3,t,f,f,t,13.38143335,52.50058687
214879,4,8,12,2,3,5,t,f,f,f,13.33217092,52.50618977
214878,6,8,16,6,3,4,f,t,f,f,13.26247273,52.44186529
214877,6,9,11,2,3,0,f,f,f,t,13.34867036,52.45805254
214876,12,9,20,6,2,6,f,t,t,f,13.32764813,52.56398191
214875,12,8,15,3,3,2,t,f,f,f,13.2299013,52.62502228
214874,2,9,22,5,3,5,t,t,f,f,13.44479284,52.50109721
214873,11,9,12,7,2,6,f,t,t,f,13.47949761,52.52686338
214872,8,8,7,6,3,2,f,t,f,t,13.43585194,52.46861402
214871,7,9,12,4,3,5,t,t,f,f,13.33860987,52.49381072
214870,3,9,11,6,3,2,f,t,f,t,13.37759679,52.57490132
214869,2,9,12,4,3,3,f,t,f,t,13.45249359,52.52778499
214868,2,9,7,4,3,5,t,t,f,f,13.46618412,52.49690507
214867,2,8,12,5,3,5,t,t,f,f,13.41267159,52.49207527
214866,2,8,15,3,3,2,t,t,f,f,13.38660495,52.50105126
214865,2,9,15,6,3,6,t,f,t,f,13.39112056,52.48949106
214864,9,8,10,6,3,1,t,t,f,f,13.52231265,52.46188857
214863,7,8,6,2,2,5,t,t,f,f,13.37107161,52.47036961
214862,5,8,8,5,2,5,t,t,f,f,13.24778485,52.54721395
214861,8,7,15,2,3,1,f,t,f,f,13.42411276,52.46550264
214860,3,8,14,4,3,2,f,t,f,f,13.38797914,52.61800547
214859,2,7,22,4,3,5,t,t,f,f,13.41030067,52.50378271
214858,3,7,23,5,3,1,t,t,f,f,13.41853926,52.54680449
214857,2,8,15,4,3,5,t,t,f,f,13.41029918,52.50378311
214856,5,8,19,3,2,1,f,t,f,f,13.23520232,52.52713325
214855,4,7,10,2,3,2,f,t,f,f,13.28770233,52.49616182
214854,5,8,10,2,3,0,t,t,f,f,13.20223087,52.5380626
214853,11,8,18,7,3,3,t,f,f,f,13.50008921,52.48401744
214852,12,7,11,2,3,5,t,t,f,f,13.32759442,52.56409475
214851,7,8,6,2,3,5,t,t,f,f,13.37349978,52.48292709
214850,8,8,7,6,3,6,t,f,t,f,13.44178859,52.45766663
214849,7,7,15,6,2,5,t,t,f,f,13.34392226,52.48571858
214848,6,7,18,6,3,5,f,t,f,f,13.33878691,52.44438122
214847,2,8,13,4,3,4,t,f,f,f,13.43563356,52.49614056
214846,4,7,15,4,3,5,f,t,f,f,13.26027676,52.51651787
214845,4,8,19,5,3,0,f,t,f,f,13.33583832,52.49492012
214844,11,8,13,5,3,5,t,t,f,f,13.5074962,52.56424458
214843,7,8,15,3,3,2,f,t,f,t,13.40103326,52.41506449
214842,9,8,10,1,3,2,f,t,f,f,13.56500473,52.43879468
214841,5,7,15,3,3,2,f,t,f,f,13.20998616,52.54999449
214840,8,8,17,3,3,4,f,t,f,f,13.4274667,52.45910033
214839,3,8,8,7,3,0,f,t,f,f,13.4074875,52.58181683
214838,4,7,18,6,3,0,f,f,f,t,13.30824577,52.46905839
214837,11,7,15,5,3,4,f,t,f,f,13.52114863,52.5062854
214836,7,8,11,6,3,5,f,t,f,f,13.37212635,52.46978436
214835,3,8,12,2,3,0,f,t,f,f,13.4655263,52.56243207
214834,3,8,20,6,2,9,f,t,t,f,13.42408169,52.55282082
214833,11,8,11,3,2,6,t,f,t,f,13.51920765,52.51361314
214832,12,8,9,2,2,2,f,t,f,t,13.33037348,52.58742848
214831,9,7,8,5,3,5,f,f,f,t,13.54432859,52.39936591
214830,4,7,22,5,3,5,f,t,f,f,13.32610463,52.53837732
214829,4,8,11,3,3,1,t,t,f,f,13.29050839,52.47445079
214828,1,7,14,3,3,5,t,t,f,f,13.37572677,52.54864381
214827,2,7,12,7,3,2,f,t,f,f,13.46423239,52.50043826
214826,5,8,14,6,3,2,f,t,f,f,13.20835098,52.56040163
214825,2,8,15,2,3,1,t,t,f,f,13.38500999,52.49797153
214824,7,7,8,3,3,5,f,t,f,f,13.37480886,52.48121415
214823,3,8,10,6,3,5,f,t,f,t,13.49385913,52.63597189
214822,9,7,18,3,3,5,t,t,f,f,13.51926775,52.45407803
214821,8,8,16,4,2,2,t,t,f,f,13.4167918,52.41836959
214820,10,7,22,5,3,5,t,t,f,f,13.51947088,52.53535614
214819,6,7,19,6,3,2,f,t,f,t,13.30339096,52.4244666
214818,12,8,11,4,3,5,f,t,f,f,13.23782833,52.60119319
214817,1,8,9,4,3,5,t,t,f,f,13.38031039,52.5188031
214816,8,7,15,4,3,5,t,t,f,f,13.42556831,52.47921627
214815,11,8,14,4,2,5,f,t,f,t,13.50177577,52.55813029
214814,9,8,13,4,3,2,t,t,f,f,13.59329217,52.45290871
214813,12,8,13,2,3,6,f,f,t,f,13.37351699,52.56420867
214812,9,8,13,7,3,2,f,t,f,t,13.5531654,52.46820568
214811,11,7,17,3,3,5,t,t,f,f,13.50713695,52.51525125
214810,1,8,8,3,3,2,f,t,f,f,13.37449874,52.55680954
214809,1,8,22,1,3,6,f,t,t,f,13.38126765,52.55243548
214808,3,7,17,7,3,5,f,t,f,t,13.42726797,52.54971168
214807,4,7,20,7,2,3,f,t,f,t,13.32097795,52.51309087
214806,8,8,13,5,3,2,f,t,f,t,13.44584919,52.47895483
214805,4,7,14,6,3,5,t,t,f,f,13.29431652,52.49776158
214804,11,7,5,6,3,5,t,t,f,f,13.50213355,52.55735916
214803,8,8,18,5,3,6,f,f,t,f,13.44559506,52.48583617
214802,4,8,18,4,2,5,f,t,f,t,13.30631683,52.52983948
214801,8,8,12,3,3,5,t,f,f,f,13.43395844,52.48984928
214800,1,8,14,1,3,0,f,f,f,t,13.42109837,52.50968928
214799,7,7,14,4,2,0,f,t,f,f,13.38172639,52.46103366
214798,5,8,18,1,2,5,f,t,f,f,13.21714311,52.56046696
214797,5,7,9,3,2,2,f,t,f,f,13.21763965,52.53770648
214796,5,7,13,1,3,2,f,t,f,f,13.21488309,52.56470466
214795,1,8,21,3,2,5,t,t,f,f,13.35303224,52.50229271
214794,1,8,22,7,3,5,t,t,f,f,13.40303057,52.53366999
214793,4,7,21,5,3,7,f,f,f,t,13.3296696,52.50546717
214792,8,7,21,6,3,5,t,t,f,f,13.4239943,52.47727486
214791,9,8,13,4,3,0,t,t,f,f,13.55083023,52.42907889
214790,12,7,5,4,3,5,t,t,f,f,13.36206523,52.56870076
214789,4,7,18,6,3,5,t,t,f,f,13.29122279,52.5065936
214788,4,8,18,5,3,5,f,t,f,f,13.27564749,52.50154409
214787,2,8,15,5,3,5,f,t,f,f,13.38243935,52.48511623
214786,12,8,9,3,3,2,f,t,f,f,13.32800519,52.56431289
214785,9,8,12,1,2,3,t,t,f,f,13.59258499,52.4546539
214784,2,7,10,4,3,5,t,f,f,t,13.38153388,52.50057387
214783,11,8,15,2,2,5,t,t,f,f,13.52403337,52.47743857
214782,8,7,0,6,2,1,t,t,t,f,13.42446792,52.48467019
214781,11,7,17,6,3,0,t,t,f,f,13.48650844,52.50238496
214780,2,7,19,2,3,1,t,t,f,f,13.41960362,52.50119306
214779,9,8,6,6,3,5,t,t,f,f,13.47377849,52.47499338
214778,8,8,11,2,3,5,f,t,f,f,13.50350691,52.411567
214777,4,7,17,3,3,1,f,t,f,f,13.30108519,52.54802485
214776,1,8,19,6,3,0,t,t,f,f,13.40335907,52.5273833
214775,4,7,4,2,3,1,f,t,f,t,13.32540383,52.51658322
214774,4,8,16,4,3,2,f,t,f,f,13.33463508,52.49959369
214773,3,7,16,4,3,0,t,t,f,f,13.47306435,52.61692268
214772,1,7,17,6,3,0,f,f,f,f,13.37383156,52.51957514
214771,3,8,10,3,3,3,f,t,f,t,13.44994087,52.53680261
214770,1,7,23,3,3,6,f,t,t,f,13.3792875,52.55299519
214769,4,7,19,7,3,5,t,t,f,f,13.30954019,52.5136503
214768,1,8,21,6,3,0,t,f,f,f,13.41095719,52.52207601
214767,5,8,7,2,3,4,f,t,f,t,13.21886565,52.52466143
214766,4,8,8,6,3,0,f,f,f,t,13.3324492,52.50606072
214765,1,7,17,2,3,1,t,t,f,f,13.38651523,52.52369796
214764,11,7,16,5,3,5,t,t,f,f,13.47630075,52.53313042
214763,11,7,12,7,3,2,f,t,f,f,13.47755539,52.51465929
214762,1,8,21,4,2,1,t,t,f,f,13.346938,52.54727743
214761,1,8,17,3,3,6,f,f,t,f,13.40356883,52.52310998
214760,8,7,20,4,3,1,t,t,f,f,13.44615973,52.48627032
214759,6,8,16,5,3,0,f,t,f,t,13.30693602,52.43570131
214758,2,8,12,4,3,3,t,f,f,f,13.44423554,52.51157041
214757,11,8,7,2,3,3,t,t,f,f,13.52783069,52.55675155
214756,12,8,10,7,3,2,f,t,f,t,13.3756319,52.5687688
214755,1,7,13,3,2,5,f,t,f,t,13.33994265,52.52808951
214754,8,8,8,3,3,1,f,t,f,f,13.50807671,52.42613787
214753,9,8,20,1,3,5,f,t,f,f,13.56613503,52.43945993
214752,9,7,10,6,3,5,f,t,f,f,13.65379177,52.41685151
214751,6,7,20,7,3,1,f,t,f,t,13.27956518,52.43618764
214750,4,8,13,5,3,5,f,t,f,f,13.27176971,52.48188588
214749,8,7,17,5,3,5,f,t,f,t,13.43541082,52.4599631
214748,6,8,11,6,3,2,f,t,f,f,13.26689623,52.41221606
214747,9,7,15,3,3,5,t,t,f,f,13.50861704,52.463702
214746,5,8,13,5,3,5,t,t,f,f,13.17747471,52.52532918
214745,6,8,13,3,3,5,f,t,f,t,13.34359737,52.43916158
214744,2,8,19,2,2,0,t,f,f,f,13.4566541,52.50979849
214743,7,7,1,5,3,0,f,f,f,f,13.36765233,52.48826801
214742,12,8,14,1,3,5,f,t,f,t,13.20983219,52.60303556
214741,3,7,9,3,3,5,f,t,f,f,13.46847816,52.56214228
214740,1,7,15,2,3,0,t,f,f,f,13.368469,52.52203943
214739,1,7,11,2,3,2,t,t,f,f,13.38732191,52.52591489
214738,9,8,17,6,3,7,t,f,f,f,13.52437232,52.44965267
214737,12,8,17,1,2,0,t,f,f,f,13.32393309,52.56072668
214736,9,8,15,5,3,5,f,t,f,f,13.52589128,52.42301711
214735,4,8,14,3,3,3,f,t,f,f,13.32327051,52.51094611
214734,10,7,12,4,2,8,f,t,f,f,13.59242151,52.53703441
214733,10,7,11,5,2,5,f,t,f,t,13.59760045,52.50235257
214732,8,8,23,3,3,5,f,t,f,f,13.43471808,52.48284198
214731,2,8,16,2,3,0,f,f,f,t,13.44052745,52.51349968
214730,1,7,22,4,2,5,t,t,f,f,13.41937449,52.50580077
214729,8,7,12,6,1,5,f,f,f,t,13.50346773,52.4116735
214728,5,7,16,2,3,2,f,t,f,t,13.20791701,52.55906695
214727,12,8,23,2,3,1,f,t,f,f,13.29620988,52.57426643
214726,1,8,18,7,3,5,f,t,f,f,13.39284984,52.5425801
214725,7,8,15,3,2,6,f,t,t,f,13.34770842,52.48530739
214724,8,8,22,6,2,5,t,f,f,f,13.43604229,52.44899516
214723,12,7,11,2,2,2,f,t,f,t,13.32767899,52.60894984
214722,2,8,9,6,3,5,t,t,f,f,13.39858715,52.49640915
214721,5,8,7,2,3,2,f,t,f,f,13.20979546,52.53851399
214720,8,8,9,6,3,5,f,t,f,t,13.51973062,52.412525
214719,4,7,15,2,3,2,f,t,f,f,13.33030499,52.50709083
214718,3,8,19,4,3,5,f,t,f,f,13.40720773,52.53950835
214717,8,7,12,4,3,3,f,t,f,f,13.49676248,52.41568142
214716,8,7,17,5,3,2,f,t,f,f,13.41730546,52.4802773
214715,9,8,11,2,3,0,t,t,f,f,13.59657295,52.44149595
214714,9,7,15,2,3,5,f,t,f,f,13.54125369,52.43535147
214713,1,8,14,6,3,5,t,t,f,f,13.39768158,52.52945209
214712,12,8,19,3,3,5,f,t,f,f,13.29142034,52.62581181
214711,1,8,18,6,3,3,t,f,f,f,13.30982716,52.55171485
214710,6,7,13,5,3,2,f,t,f,f,13.30445258,52.46228612
214709,12,7,17,6,3,5,t,t,f,f,13.37817668,52.56600369
214708,2,8,9,4,2,5,t,t,f,f,13.45786422,52.50950102
214707,2,7,15,4,3,5,f,t,f,f,13.39596643,52.49836844
214706,3,7,15,7,3,6,t,f,t,f,13.43337752,52.55825595
214705,7,8,14,5,3,6,f,f,t,f,13.32836504,52.46617066
214704,12,8,17,3,3,1,t,t,f,f,13.27701929,52.58958538
214703,6,8,11,2,3,1,f,t,f,t,13.33318607,52.45266889
214702,2,8,16,7,3,5,t,t,f,f,13.41253614,52.49189708
214701,6,7,19,3,2,0,t,f,f,f,13.33920187,52.46267204
214700,2,8,16,3,3,0,f,f,f,f,13.39172957,52.49196622
214699,6,8,21,7,3,5,t,t,f,f,13.29028936,52.45805649
214698,2,7,15,7,3,5,t,t,f,f,13.45356431,52.51413556
214697,8,7,19,7,2,2,f,t,t,f,13.46995447,52.42663276
214696,2,8,9,5,3,5,t,t,f,f,13.44634432,52.51763801
214695,2,7,15,5,3,0,t,f,f,f,13.4044485,52.49831277
214694,5,8,12,6,3,5,t,t,f,f,13.15882492,52.46259064
214693,10,8,18,4,3,3,t,f,f,t,13.58200854,52.5207137
214692,8,8,18,4,3,5,t,t,f,f,13.42498582,52.48063265
214691,6,7,17,7,3,5,t,f,f,f,13.34397618,52.46205835
214690,3,8,16,2,3,2,t,t,f,f,13.44971409,52.55266176
214689,6,7,18,5,2,3,t,f,f,f,13.33226656,52.46384839
214688,3,8,0,1,3,8,f,t,f,f,13.37598564,52.59720054
214687,12,7,13,7,3,5,f,t,f,t,13.31463645,52.5752781
214686,5,7,12,1,3,5,t,t,f,f,13.15977524,52.56447809
214685,1,8,20,6,3,6,f,f,t,f,13.38413901,52.51009976
214684,11,8,16,2,3,6,t,f,t,f,13.49676221,52.50747419
214683,2,8,14,6,3,5,t,t,f,f,13.37503017,52.48503927
214682,12,7,12,2,2,5,t,t,f,f,13.34403097,52.59604216
214681,4,8,8,5,3,5,f,t,f,f,13.3037399,52.52552505
214680,1,7,11,4,3,5,t,t,f,f,13.3766071,52.50963631
214679,4,7,15,5,3,1,t,t,f,f,13.31703594,52.51788582
214678,1,8,13,4,3,3,t,t,f,f,13.39063096,52.52439993
214677,3,8,23,2,2,5,f,t,f,t,13.4995467,52.63114025
214676,5,7,14,3,3,3,f,t,f,f,13.21397916,52.53839069
214675,12,7,9,3,3,0,f,f,f,f,13.23461364,52.62195544
214674,7,8,6,2,3,5,f,t,f,t,13.37718495,52.46863916
214673,4,8,14,7,3,5,f,t,f,t,13.30755765,52.50362394
214672,4,7,18,2,2,5,f,t,f,f,13.31048204,52.51609216
214671,5,8,13,2,2,5,f,t,f,f,13.17194393,52.55013538
214670,12,8,10,7,3,2,f,t,f,f,13.3137699,52.60517723
214669,12,7,11,5,3,0,t,t,f,f,13.31206194,52.56795857
214668,4,7,13,6,2,2,t,t,f,f,13.33455058,52.50327685
214667,3,8,7,4,3,1,t,t,f,f,13.42043753,52.56663371
214666,2,7,12,4,3,5,t,f,f,f,13.43420307,52.52332382
214665,4,8,11,5,3,2,f,t,f,f,13.28517485,52.47944476
214664,6,8,12,4,3,5,t,t,f,f,13.26794133,52.44545663
214663,7,8,8,3,2,0,f,f,f,t,13.39422323,52.48395168
214662,12,8,19,1,2,1,f,t,f,f,13.32202058,52.5949458
214661,1,7,14,3,3,5,f,t,f,f,13.39966571,52.50914057
214660,9,8,8,3,3,2,f,t,f,f,13.5931624,52.4516851
214659,1,8,16,1,3,5,t,f,f,f,13.39125581,52.55371159
214658,1,7,21,6,3,3,f,f,f,t,13.39814758,52.53886594
214657,1,7,14,5,2,6,f,t,t,f,13.32835042,52.53429349
214656,5,8,18,6,2,2,f,t,f,f,13.19198285,52.5462357
214655,7,7,14,6,3,5,f,t,f,f,13.37844079,52.43760141
214654,1,7,19,6,2,5,f,t,f,f,13.38997639,52.5094452
214653,5,8,8,5,3,1,f,t,f,f,13.2356064,52.5388382
214652,9,7,14,5,3,5,t,t,f,f,13.54526465,52.42571165
214651,1,8,13,5,3,5,t,t,f,f,13.40567026,52.51411913
214650,6,8,18,3,3,2,f,t,f,f,13.316669,52.42583941
214649,7,8,16,3,2,5,f,t,f,t,13.36020494,52.49044846
214648,8,8,20,1,3,5,f,t,f,f,13.43571769,52.4690285
214647,4,7,19,4,3,2,f,t,f,f,13.28616651,52.4954544
214646,5,8,16,3,2,0,t,t,f,f,13.157739,52.5428897
214645,1,8,18,7,3,1,f,t,f,t,13.39130484,52.52208262
214644,5,7,12,6,3,5,f,t,f,f,13.1557752,52.53295317
214643,4,8,9,5,3,5,t,t,f,f,13.31457762,52.52161751
214642,1,7,10,6,3,5,f,t,f,f,13.33739126,52.55864618
214641,4,8,15,5,3,5,f,t,f,f,13.29734061,52.52651854
214640,1,8,17,4,3,5,t,t,f,f,13.37781432,52.50797437
214639,2,8,18,3,3,5,t,f,f,f,13.42376896,52.48850668
214638,1,8,20,2,3,2,f,t,f,f,13.37747959,52.55629462
214637,4,7,10,4,2,5,f,t,f,t,13.3131446,52.50071038
214636,10,8,12,1,3,0,f,t,f,t,13.51757096,52.5348766
214635,2,7,20,7,3,5,t,t,f,f,13.45730475,52.50341551
214634,6,8,16,6,3,2,f,t,f,f,13.34874075,52.45647818
214633,8,8,9,2,3,1,t,t,f,f,13.43686257,52.48006533
214632,4,8,16,6,3,5,f,t,f,f,13.30710473,52.50566695
214631,8,7,18,3,3,1,f,f,f,f,13.43829666,52.46718265
214630,10,8,18,5,3,2,f,t,f,t,13.56984522,52.54070743
214629,11,7,10,4,3,5,t,f,f,f,13.47822666,52.51503844
214628,4,7,13,5,3,1,f,t,f,f,13.33679746,52.50278975
214627,6,8,19,4,3,8,f,t,f,f,13.2722471,52.41295123
214626,2,8,8,3,3,2,f,t,f,f,13.41008589,52.50150131
214625,5,7,11,4,3,5,f,t,f,f,13.16540521,52.55121303
214624,6,8,7,4,3,5,t,f,f,f,13.1805373,52.41939041
214623,3,7,8,2,3,5,t,t,f,f,13.42244157,52.55992991
214622,2,8,21,2,3,5,f,t,f,f,13.39957216,52.50458624
214621,2,8,2,7,3,0,f,f,f,t,13.42006557,52.50222997
214620,1,7,21,3,3,0,t,t,f,f,13.42820112,52.50728368
214619,7,8,16,3,3,6,f,t,t,f,13.40743345,52.38667027
214618,3,8,14,7,3,0,f,t,f,f,13.39424496,52.57247988
214617,12,7,18,5,3,1,f,t,f,t,13.35131855,52.59642687
214616,7,7,15,6,3,1,f,t,f,f,13.3927715,52.42130816
214615,6,8,8,4,2,5,t,t,f,f,13.29665531,52.46439849
214614,8,7,20,5,2,5,f,t,f,t,13.42792631,52.47380666
214613,1,8,11,5,3,1,t,t,f,f,13.364088,52.50927865
214612,1,8,13,5,3,5,t,t,f,f,13.40630682,52.5249491
214611,1,8,12,3,3,2,f,t,f,f,13.32835155,52.53428031
214610,1,7,20,7,3,5,f,t,f,f,13.4236882,52.5238857
214609,9,8,0,1,2,9,f,f,f,t,13.56918142,52.44434839
214608,3,7,15,4,3,1,f,t,f,f,13.43076259,52.56115686
214607,10,8,13,2,3,2,f,f,f,t,13.51787367,52.53552371
214606,11,7,14,7,3,5,f,t,f,f,13.5084213,52.54924006
214605,1,7,18,5,2,5,f,t,f,t,13.38208869,52.51396047
214604,12,8,7,6,3,0,t,f,f,f,13.29008853,52.58219982
214603,1,8,11,2,3,0,f,t,f,t,13.39279598,52.54252543
214602,1,8,9,6,3,0,f,t,f,t,13.42276904,52.5140191
214601,7,8,14,3,3,2,f,t,f,f,13.38147647,52.44048259
214600,9,7,9,5,3,2,f,t,f,f,13.57695684,52.44434854
214599,3,7,14,5,3,0,f,f,f,f,13.43245139,52.55045212
214598,4,8,13,3,2,5,t,t,f,f,13.28776378,52.48088897
214597,12,7,13,4,3,0,f,t,f,f,13.37761279,52.57071989
214596,2,7,14,7,3,2,f,t,f,f,13.39571283,52.49837509
214595,8,8,13,6,3,2,f,t,f,f,13.42892209,52.48601778
214594,3,8,20,2,3,0,t,f,f,f,13.42366483,52.55155803
214593,10,8,13,7,3,5,t,t,f,f,13.56177434,52.54997292
214592,4,7,18,3,3,2,f,t,f,t,13.28018836,52.5178986
214591,4,8,10,4,3,5,f,t,f,f,13.32507392,52.51748954
214590,12,7,17,5,3,5,t,t,f,f,13.3132612,52.58558172
214589,4,7,8,6,3,0,t,t,f,f,13.32035088,52.48172332
214588,9,8,13,4,3,2,f,t,f,t,13.47241922,52.45428505
214587,9,8,15,2,3,5,f,t,f,f,13.53860396,52.43447265
214586,10,8,12,6,3,5,t,t,f,f,13.56092024,52.49256921
214585,5,8,17,4,2,0,f,t,f,t,13.22266572,52.53982491
214584,5,8,18,2,3,5,f,t,f,f,13.18456466,52.51555093
214583,7,7,16,4,3,0,t,t,f,f,13.35907057,52.48368633
214582,4,8,23,1,3,0,f,f,f,f,13.31017433,52.51636883
214581,4,7,18,7,3,5,f,t,f,f,13.302024,52.52583347
214580,8,8,15,6,3,5,t,t,f,f,13.45706342,52.45336502
214579,5,8,16,3,2,6,f,t,t,f,13.14961525,52.55411039
214578,11,8,6,7,3,5,f,t,f,f,13.46770645,52.54651945
214577,12,7,12,2,3,5,t,f,f,f,13.32326315,52.59746395
214576,5,8,13,4,3,5,f,t,f,t,13.20074491,52.5385948
214575,9,7,5,4,3,0,f,t,f,f,13.57867341,52.45781128
214574,5,7,14,5,2,2,f,t,f,t,13.15552824,52.55299415
214573,10,8,17,4,3,5,f,t,f,f,13.56745225,52.57332116
214572,1,8,16,2,3,5,t,f,f,f,13.40365602,52.5260261
214571,4,7,20,5,3,1,t,t,f,f,13.29892589,52.51968769
214570,4,8,16,4,2,5,t,t,f,f,13.30420282,52.50371665
214569,2,8,21,3,3,5,t,t,f,f,13.4103254,52.50377613
214568,1,8,14,2,3,5,t,t,f,f,13.37370703,52.54223773
214567,1,8,9,7,3,5,t,t,f,f,13.37089335,52.51107969
214566,4,7,14,3,3,2,f,t,f,t,13.30034779,52.52227611
214565,4,8,10,3,3,5,t,t,f,f,13.29954096,52.51947728
214564,8,8,12,1,3,1,t,t,f,f,13.44117297,52.48249032
214563,5,7,12,5,3,5,t,t,f,f,13.21506089,52.56076293
214562,10,7,20,6,3,2,f,t,f,f,13.61767496,52.52048479
214561,12,8,8,5,2,5,f,t,f,t,13.35194227,52.56597039
214560,7,7,15,5,3,0,f,t,f,f,13.35595459,52.48609561
214559,1,8,17,5,3,1,t,t,f,f,13.40692335,52.52562087
214558,2,7,22,7,2,1,t,t,f,f,13.45115623,52.51085219
214557,5,8,9,5,3,1,f,t,f,f,13.19121119,52.54936355
214556,1,8,10,3,3,5,t,t,f,f,13.39864469,52.53256291
214555,9,8,12,1,3,2,t,t,f,f,13.55262369,52.43068244
214554,6,7,19,4,3,1,t,t,f,f,13.29657315,52.42629439
214553,7,8,22,1,3,0,f,t,f,f,13.36792065,52.48510824
214552,11,7,0,1,3,6,f,f,t,f,13.51254626,52.55519689
214551,7,8,13,5,3,1,f,t,f,f,13.38883653,52.44784215
214550,12,7,8,2,3,2,f,t,f,f,13.34372597,52.58908262
214549,9,8,10,6,3,5,t,f,f,f,13.4547099,52.49419712
214548,8,8,11,2,3,5,f,t,f,f,13.42699791,52.48732817
214547,5,8,13,6,3,2,f,t,f,f,13.26738134,52.5310657
214546,2,7,8,2,2,5,t,f,f,f,13.42999194,52.52328788
214545,11,8,16,4,3,2,f,t,f,t,13.47686416,52.50072687
214544,2,7,10,4,3,3,t,f,f,f,13.44625726,52.50222719
214543,9,7,15,6,3,0,f,t,f,f,13.5834479,52.45905434
214542,2,8,23,3,3,6,f,t,t,f,13.38615926,52.4850296
214541,4,7,22,6,3,5,f,t,f,f,13.28009184,52.51835215
214540,4,7,0,2,2,0,f,f,f,f,13.31269791,52.49429889
214539,5,8,16,6,2,5,t,t,f,f,13.18501545,52.53799017
214538,1,8,7,2,3,1,t,t,f,f,13.41019002,52.52755919
214537,2,8,23,6,3,5,f,t,f,f,13.39952936,52.4983038
214536,4,7,22,5,2,5,f,t,f,f,13.28032171,52.5063766
214535,1,7,11,6,3,5,t,t,f,f,13.402661,52.53854694
214534,1,8,9,3,3,0,t,f,f,f,13.4100217,52.528142
214533,4,8,16,3,3,5,f,t,f,f,13.33126453,52.50690318
214532,8,7,13,5,2,5,t,t,f,f,13.43408906,52.46313405
214531,10,8,15,5,3,5,t,t,f,f,13.5902806,52.52950126
214530,3,8,11,4,2,5,f,t,f,f,13.44721505,52.53058251
214529,10,8,13,2,3,6,f,t,t,f,13.61318062,52.49910038
214528,10,8,11,7,3,5,t,t,f,f,13.51777415,52.53537692
214527,3,7,18,4,3,5,t,t,f,f,13.41272611,52.54440205
214526,6,8,11,3,3,3,t,t,f,f,13.30946113,52.43114954
214525,1,8,14,7,3,5,f,t,f,f,13.3452104,52.52620224
214524,9,7,11,6,3,5,f,t,f,t,13.51444213,52.44651178
214523,3,7,5,7,3,0,f,t,f,f,13.45865756,52.52921413
214522,1,8,8,4,3,1,t,t,f,f,13.38712523,52.52695276
214521,4,7,15,5,3,3,f,t,f,f,13.32441058,52.51014036
214520,6,8,11,5,3,2,f,t,f,t,13.32484905,52.46109713
214519,7,8,12,5,3,5,f,t,f,f,13.34493935,52.48914959
214518,12,8,11,4,3,1,t,t,f,f,13.22394365,52.62181951
214517,12,7,18,4,3,0,f,t,f,f,13.2985701,52.57854655
214516,1,7,18,7,3,4,t,f,f,f,13.38502226,52.53110491
214515,3,8,15,4,3,5,t,t,f,f,13.44428119,52.56524109
214514,9,8,8,4,2,6,f,t,t,f,13.6249256,52.45692989
214513,4,8,13,2,3,1,f,t,f,f,13.29974246,52.51865742
214512,11,8,16,7,3,2,f,t,f,t,13.50834413,52.49371746
214511,1,7,15,3,3,2,t,t,f,f,13.38709376,52.54981124
214510,10,8,11,3,2,0,f,t,f,f,13.53731021,52.53448405
214509,5,7,8,3,3,0,f,t,f,f,13.15294104,52.54952308
214508,5,8,14,1,3,6,t,f,t,f,13.16627721,52.51809275
214507,4,7,15,7,3,5,f,t,f,t,13.3087579,52.50025763
214506,2,7,18,7,3,5,t,t,f,f,13.45928188,52.5125053
214505,4,8,17,5,3,5,t,t,f,f,13.29562688,52.49346292
214504,8,7,11,6,3,5,f,t,f,f,13.46173367,52.43080786
214503,4,8,16,5,2,2,t,t,f,f,13.28658439,52.51901987
214502,5,7,13,7,2,2,f,t,f,f,13.17813281,52.52537866
214501,3,8,8,5,3,5,t,t,f,f,13.40868956,52.54727876
214500,11,8,14,3,3,5,t,t,f,f,13.4846494,52.51394501
214499,9,8,19,1,3,0,f,f,f,t,13.56926841,52.45314426
214498,9,7,11,4,2,5,f,t,f,t,13.51431795,52.4464812
214497,9,8,22,1,2,5,f,t,f,f,13.59272507,52.428903
214496,10,7,13,7,3,2,f,t,f,f,13.56281981,52.49911133
214495,7,7,7,2,3,2,t,t,f,f,13.36183777,52.44720568
214494,8,8,18,6,3,5,t,t,f,f,13.46080555,52.46815734
214493,12,8,9,2,3,1,t,t,f,f,13.30835459,52.58491395
214492,7,8,18,6,3,0,t,f,f,f,13.38278229,52.403812
214491,1,7,16,2,3,5,t,f,f,f,13.40261263,52.53137195
214490,2,8,16,4,3,3,t,f,f,t,13.41018976,52.50293548
214489,11,7,11,5,2,5,f,t,f,f,13.46944777,52.54254841
214488,1,7,8,5,3,5,t,t,f,f,13.41420065,52.50808865
214487,1,8,17,4,3,6,t,f,t,f,13.3889028,52.54757158
214486,6,8,19,3,3,5,t,t,f,f,13.3403272,52.43625274
214485,9,7,14,3,3,5,f,t,f,f,13.56929864,52.44265342
214484,9,7,8,2,3,5,t,f,f,f,13.52729145,52.43195686
214483,2,8,7,2,3,5,t,t,f,f,13.42800076,52.52658323
214482,2,8,14,7,3,5,t,t,f,f,13.45885525,52.51142505
214481,9,8,6,3,3,6,f,f,t,t,13.49037102,52.46748427
214480,10,8,14,7,3,2,f,t,f,f,13.5733324,52.55172704
214479,1,7,16,5,3,5,t,t,f,f,13.41163447,52.5047844
214478,9,7,8,6,3,6,f,t,t,f,13.49136531,52.46914792
214477,2,8,5,5,3,5,t,t,f,f,13.42756374,52.51777709
214476,3,7,13,5,3,5,f,t,f,f,13.49641515,52.62884008
214475,4,8,13,5,3,0,f,f,f,t,13.33088675,52.50082157
214474,6,8,17,4,2,5,t,t,f,f,13.30427805,52.46011395
214473,7,8,7,3,3,5,t,t,f,f,13.42047743,52.46173528
214472,7,7,11,7,3,2,f,t,f,f,13.37164343,52.42358953
214471,6,8,12,1,3,5,f,t,f,f,13.28593589,52.44972637
214470,2,7,12,4,3,5,f,t,f,f,13.45197974,52.5036206
214469,9,8,7,3,3,5,t,t,f,f,13.55505453,52.44051813
214468,1,8,20,7,2,1,f,t,f,f,13.4024392,52.52830091
214467,2,7,13,7,3,3,t,f,f,f,13.42097037,52.50366607
214466,1,7,19,1,3,1,f,t,f,t,13.39522825,52.56169089
214465,1,7,13,6,3,1,t,t,f,f,13.40805932,52.52841236
214464,4,8,16,6,3,1,f,t,f,f,13.29454642,52.50503526
214463,2,7,16,3,3,5,t,t,f,f,13.42454737,52.49720355
214462,9,8,15,5,3,5,t,t,f,f,13.50813187,52.45294093
214461,1,8,19,4,3,2,f,t,f,f,13.34561015,52.50399987
214460,2,8,6,2,3,5,t,t,f,f,13.39583774,52.49783785
214459,1,7,17,4,3,3,t,f,f,f,13.34359534,52.53268995
214458,2,8,17,1,3,5,t,f,f,t,13.38232934,52.48984746
214457,12,7,2,1,2,1,f,t,f,f,13.30951071,52.60385905
214456,9,8,22,6,3,4,f,t,f,f,13.61135494,52.44816094
214455,2,8,5,2,3,2,t,t,f,f,13.42280368,52.49905285
214454,1,8,21,5,3,6,f,t,t,f,13.37311502,52.55661415
214453,6,7,18,2,3,2,f,t,f,f,13.34689564,52.45019566
214452,5,8,12,4,3,0,t,f,f,f,13.21689012,52.5377942
214451,2,7,17,4,3,5,t,t,f,f,13.37674034,52.49146784
214450,8,7,16,5,3,0,f,t,f,t,13.4538349,52.4824307
214449,3,8,10,3,2,5,t,t,f,f,13.38976687,52.57429414
214448,7,8,19,2,3,5,t,t,f,f,13.37810039,52.46632094
214447,6,7,11,3,2,5,f,t,f,t,13.33760952,52.45853574
214446,8,8,16,3,3,5,t,t,f,f,13.47246945,52.4314325
214445,4,8,15,1,2,2,t,t,f,f,13.28576766,52.49517539
214444,1,7,1,5,2,0,f,f,f,f,13.37490107,52.52305646
214443,7,8,20,1,2,0,t,f,f,f,13.3854192,52.46712304
214442,2,7,13,7,3,0,t,f,f,f,13.46472593,52.51458278
214441,3,7,9,1,3,2,t,t,f,f,13.43292781,52.59602231
214440,4,8,8,6,3,0,t,t,f,f,13.29120086,52.5396698
214439,5,8,12,2,3,1,f,t,f,f,13.1803112,52.49097486
214438,5,8,11,6,2,5,f,t,f,t,13.19777233,52.51780388
214437,1,8,21,4,3,5,f,t,f,f,13.36989499,52.55976787
214436,12,7,16,4,2,3,f,t,f,f,13.25804003,52.56796766
214435,4,7,8,5,3,5,t,f,f,f,13.33425693,52.50858676
214434,4,8,21,3,3,0,f,f,f,t,13.28413936,52.48538837
214433,9,8,11,3,3,2,f,t,f,f,13.53970339,52.45078295
214432,4,7,11,3,3,0,t,f,f,t,13.29879016,52.49530367
214431,5,7,7,2,3,5,f,t,f,t,13.20965838,52.55057614
214430,8,8,13,2,3,6,f,f,t,f,13.43203207,52.48631001
214429,7,8,0,6,3,5,t,t,f,f,13.32827774,52.46899098
214428,1,7,18,2,3,3,t,f,f,f,13.39724217,52.53248382
214427,9,8,16,3,3,5,t,t,f,f,13.5214103,52.46641281
214426,3,8,12,6,3,0,f,t,f,f,13.41873668,52.56913886
214425,1,7,11,6,3,5,t,t,f,f,13.34133656,52.53220016
214424,4,7,14,6,2,5,f,t,f,t,13.32654352,52.49115653
214423,7,8,8,4,3,5,t,f,f,f,13.39266186,52.41278668
214422,10,7,3,5,2,0,t,f,f,f,13.58270096,52.51862051
214421,4,8,17,5,3,5,t,t,f,f,13.33718413,52.49445467
214420,11,8,17,3,3,5,f,t,f,f,13.51002855,52.55039125
214419,10,8,15,3,3,3,t,t,f,f,13.56361415,52.49687036
214418,1,7,20,7,2,5,t,t,f,f,13.34888003,52.51512306
214417,6,8,18,1,3,5,t,t,f,f,13.33925251,52.45863881
214416,7,7,21,3,2,3,t,t,f,f,13.36223596,52.4122575
214415,8,8,7,3,3,5,f,t,f,f,13.48358908,52.43128531
214414,8,8,22,7,3,5,f,t,f,t,13.43486521,52.48302077
214413,4,7,19,6,3,6,f,f,t,f,13.33592086,52.5044393
214412,11,8,18,5,3,4,t,t,f,f,13.49899096,52.51713964
214411,3,7,15,6,2,5,t,f,f,t,13.46295402,52.53232396
214410,2,8,9,6,3,5,t,t,f,f,13.46473165,52.49754867
214409,6,8,11,2,2,5,t,t,f,f,13.28933031,52.4185369
214408,5,8,17,6,3,5,f,t,f,f,13.22724823,52.5494751
214407,2,8,10,4,3,0,t,t,f,f,13.43294756,52.5233412
214406,3,8,9,2,3,1,t,t,f,f,13.39711436,52.56686466
214405,1,7,17,5,3,2,f,t,f,f,13.37219505,52.53875982
214404,11,8,18,1,3,5,f,t,f,f,13.50997829,52.5034927
214403,7,7,22,1,3,5,f,t,f,f,13.37195366,52.46988473
214402,3,8,15,6,3,5,t,t,f,f,13.47693962,52.56699383
214401,9,8,22,2,3,0,f,f,f,t,13.56461433,52.43862734
214400,4,8,15,7,3,5,f,t,f,t,13.30500241,52.50359363
214399,2,7,21,3,3,5,f,t,f,f,13.38588286,52.48503318
214398,9,8,9,5,3,1,t,t,f,f,13.50707213,52.44849713
214397,9,7,10,4,3,3,f,t,f,t,13.62555253,52.45769556
214396,9,7,11,5,2,5,f,f,f,t,13.48569295,52.46444809
214395,8,8,18,3,3,7,t,t,f,f,13.43496188,52.4830941
214394,2,8,16,2,2,5,f,t,f,f,13.43290616,52.51791254
214393,4,7,1,4,3,0,f,t,f,f,13.24275868,52.50644817
214392,9,8,16,4,2,5,t,t,f,f,13.54146912,52.43539811
214391,7,7,9,3,3,2,f,t,f,f,13.38814566,52.48429007
214390,2,8,23,2,3,5,f,t,f,f,13.41392484,52.50036359
214389,11,8,0,7,3,0,t,f,f,f,13.47517101,52.50148917
214388,5,7,22,3,3,1,f,t,f,f,13.16903034,52.53359605
214387,2,8,18,3,3,3,f,t,f,f,13.4530997,52.51582666
214386,1,8,20,7,3,0,t,f,t,f,13.40341742,52.53222234
214385,1,7,20,5,3,2,f,t,f,f,13.35685422,52.53567669
214384,2,7,11,6,3,5,t,t,f,f,13.41030438,52.50378172
214383,1,8,7,4,3,5,t,t,f,f,13.39028849,52.55554788
214382,5,7,9,5,3,5,f,t,f,f,13.15784898,52.54308527
214381,5,8,14,5,3,1,f,t,f,f,13.1977747,52.52230911
214380,9,8,13,4,3,2,f,t,f,f,13.58365509,52.46295791
214379,5,8,15,3,3,5,t,t,f,f,13.15796142,52.54305989
214378,1,8,17,1,3,5,t,f,f,f,13.34875936,52.5485604
214377,1,7,8,4,3,5,t,t,f,f,13.37429227,52.54364632
214376,1,7,15,2,3,2,f,t,f,t,13.3412584,52.50502715
214375,7,8,11,2,3,2,f,t,f,f,13.35249909,52.49958794
214374,2,8,18,7,3,1,f,t,f,f,13.43789046,52.5031969
214373,4,7,17,2,3,2,t,f,f,f,13.33134375,52.50303438
214372,4,8,13,2,3,5,f,t,f,f,13.33108173,52.49536305
214371,7,8,10,7,3,5,t,t,f,f,13.36124669,52.49441903
214370,1,7,19,5,3,5,t,t,f,f,13.37964849,52.55293788
214369,12,7,11,6,3,2,f,t,f,f,13.31245668,52.58522893
214368,3,8,7,5,3,0,t,f,f,f,13.42186159,52.57325634
214367,3,7,9,4,3,5,t,f,f,f,13.47109026,52.61539997
214366,4,8,10,5,3,5,f,t,f,t,13.30654659,52.51811838
214365,11,8,15,5,2,6,f,t,t,f,13.52059151,52.56881806
214364,1,8,16,3,3,0,f,f,f,t,13.39132369,52.55728837
214363,12,8,21,1,3,8,f,t,f,f,13.26228189,52.59850441
214362,2,7,17,3,3,6,t,f,t,f,13.41943269,52.49000867
214361,5,8,10,3,3,6,f,t,t,f,13.2077798,52.52785511
214360,4,7,9,3,3,6,t,f,t,f,13.32725901,52.52026673
214359,1,8,22,7,3,0,f,t,f,f,13.36114961,52.54980677
214358,3,7,7,6,3,0,f,t,f,f,13.4276468,52.58765598
214357,1,7,23,6,3,1,t,f,f,f,13.3990157,52.53241965
214356,8,7,6,5,3,5,f,t,f,f,13.46001373,52.43187468
214355,11,8,10,6,3,6,f,t,t,f,13.49131516,52.54348903
214354,8,8,15,2,3,5,t,t,f,f,13.44889544,52.48508469
214353,9,8,19,6,3,0,t,f,f,f,13.56926647,52.44316915
214352,8,8,19,4,3,5,f,t,f,t,13.42466577,52.48412249
214351,2,8,16,2,3,6,f,t,t,f,13.46488166,52.51642377
214350,6,7,17,4,3,0,t,t,f,f,13.2961792,52.44345165
214349,2,8,9,2,3,5,t,t,f,f,13.41045283,52.50380109
214348,6,7,0,7,3,1,f,t,f,f,13.22975418,52.42825727
214347,10,8,16,6,3,6,f,t,t,f,13.61332431,52.50879441
214346,4,8,20,2,3,0,f,f,f,t,13.31314236,52.48043802
214345,2,8,14,6,3,6,f,t,t,f,13.382598,52.50457008
214344,10,7,17,2,2,5,f,t,f,f,13.5401224,52.52578212
214343,5,8,12,4,2,4,f,f,f,t,13.16518659,52.55079272
214342,9,7,20,5,2,5,t,t,f,f,13.45355265,52.48923963
214341,4,7,16,7,3,5,f,t,f,f,13.29741401,52.52648539
214340,10,8,13,4,2,2,f,t,f,t,13.57141074,52.54611727
214339,4,8,2,4,3,8,f,t,f,f,13.30323998,52.47525573
214338,5,7,18,4,2,2,f,t,f,t,13.17574352,52.53386308
214337,6,8,15,4,3,5,f,t,f,f,13.32059555,52.46444181
214336,11,8,17,3,2,5,t,t,f,f,13.4992242,52.52034669
214335,8,8,12,2,3,0,t,f,f,f,13.43575164,52.44937472
214334,12,8,18,7,3,5,t,t,f,f,13.32165966,52.5656588
214333,1,7,14,3,3,2,f,t,f,f,13.39962139,52.52369392
214332,4,8,11,3,3,1,t,t,f,f,13.31918156,52.50163993
214331,8,8,22,1,3,4,t,t,f,f,13.43626274,52.48016924
214330,4,7,13,7,3,6,f,t,t,f,13.32147021,52.48641564
214329,2,7,20,7,3,5,t,t,f,f,13.37675212,52.49143154
214328,3,8,1,5,3,2,t,f,f,f,13.43173667,52.53226285
214327,6,7,18,5,3,1,f,t,f,f,13.31425802,52.46473706
214326,2,8,17,5,2,5,t,t,f,f,13.39833978,52.50706645
214325,8,8,10,5,2,5,f,f,f,t,13.44360762,52.46425243
214324,10,8,15,3,3,5,f,t,f,f,13.59892867,52.52833695
214323,12,8,11,1,2,0,f,f,f,t,13.30801881,52.5566686
214322,2,7,7,4,3,5,t,t,f,f,13.41117219,52.50350606
214321,7,8,9,2,3,0,f,t,f,t,13.3740235,52.42429257
214320,1,7,19,2,3,0,t,f,f,f,13.41811759,52.51687749
214319,2,8,22,5,3,5,t,t,f,f,13.41223253,52.50307779
214318,11,7,11,1,2,6,f,t,t,f,13.47941111,52.52329536
214317,10,8,19,5,3,5,f,t,f,f,13.54885813,52.53400906
214316,4,8,17,2,3,5,f,t,f,t,13.29546861,52.49794155
214315,8,8,19,6,3,0,t,t,f,f,13.42675722,52.47617807
214314,7,7,14,2,3,0,f,f,f,t,13.37303744,52.410904
214313,1,8,18,4,3,5,t,f,f,t,13.40190352,52.52894178
214312,11,7,8,4,3,2,f,t,f,f,13.51209249,52.53813846
214311,2,7,0,5,3,5,f,t,f,f,13.38796125,52.49298772
214310,1,8,17,3,3,0,t,t,f,f,13.36033922,52.53724527
214309,8,7,16,3,3,0,f,f,f,f,13.44116395,52.42327198
214308,7,7,7,3,3,5,t,f,f,f,13.37591765,52.44324539
214307,9,8,14,2,3,2,f,t,f,f,13.52889945,52.42636337
214306,7,7,13,6,2,1,t,t,f,f,13.388703,52.45313619
214305,1,7,15,5,3,0,f,f,f,f,13.36164619,52.53099586
214304,1,8,8,5,3,5,t,t,f,f,13.32953604,52.52381158
214303,4,8,9,2,3,5,f,t,f,f,13.31511468,52.4908916
214302,6,8,4,5,2,1,f,t,f,f,13.2784617,52.46761637
214301,12,8,13,3,3,5,t,t,f,f,13.29231314,52.59059283
214300,3,7,16,5,3,0,t,t,f,f,13.47094188,52.55521458
214299,10,7,9,5,3,2,f,t,f,t,13.56421566,52.51974173
214298,9,8,20,2,3,5,t,t,f,f,13.48697769,52.46565053
214297,9,7,15,4,3,0,t,f,f,f,13.58148508,52.46050891
214296,7,7,14,6,3,0,f,t,f,t,13.39411601,52.48396924
214295,7,7,15,1,3,3,t,t,f,f,13.34498814,52.48454462
214294,1,8,14,6,3,2,f,t,f,f,13.38551686,52.55020495
214293,4,8,20,2,3,5,f,t,f,t,13.32034406,52.47882989
214292,8,8,8,6,3,5,t,t,f,f,13.45398195,52.46920539
214291,5,7,15,3,3,5,t,t,f,f,13.26044744,52.54521157
214290,8,7,12,5,3,5,t,t,f,f,13.43009115,52.45592091
214289,2,7,15,6,3,5,t,t,f,f,13.41118423,52.5035026
214288,8,8,11,4,3,2,t,t,f,f,13.43849435,52.488503
214287,1,8,10,4,3,6,t,t,t,f,13.41726292,52.5124356
214286,4,7,13,4,3,0,f,t,f,f,13.33207221,52.50590333
214285,8,7,19,7,3,2,f,t,f,f,13.43202853,52.48555103
214284,6,8,16,4,3,6,f,t,t,f,13.33500928,52.42101556
214283,9,8,15,4,3,5,f,t,f,f,13.53860644,52.43447103
214282,8,8,14,2,3,2,f,t,f,f,13.43767732,52.47877226
214281,12,8,15,7,2,5,f,t,f,t,13.32530909,52.56477957
214280,4,7,8,3,3,3,t,t,f,f,13.30472372,52.47989693
214279,12,8,20,3,3,5,t,t,f,f,13.28812605,52.58464795
214278,2,8,22,7,3,0,f,f,f,f,13.39524679,52.49637097
214277,7,7,9,7,3,5,f,t,f,f,13.41073543,52.3878944
214276,10,7,12,7,3,2,f,t,f,f,13.62451808,52.52972144
214275,1,8,8,5,3,2,t,t,f,f,13.40315029,52.52467874
214274,12,7,12,6,3,5,t,t,f,f,13.32363154,52.58719058
214273,11,7,18,6,3,5,t,t,f,f,13.50837931,52.57548121
214272,12,8,11,6,3,2,f,t,f,f,13.25492712,52.56253986
214271,1,8,20,4,3,6,t,t,t,f,13.38109619,52.53214455
214270,6,8,7,3,3,6,t,f,t,f,13.31563025,52.44459088
214269,9,8,14,7,3,3,f,t,f,t,13.59365119,52.44563951
214268,9,7,10,4,3,1,f,t,f,f,13.531031,52.46226152
214267,1,8,22,1,3,5,f,t,f,f,13.3478237,52.55100309
214266,8,7,5,2,2,5,f,t,f,t,13.43568383,52.45258576
214265,10,7,13,2,3,5,t,t,f,f,13.55726158,52.50715097
214264,8,8,7,6,3,5,t,t,f,f,13.45560072,52.47950646
214263,11,8,8,2,3,5,t,t,f,f,13.49037673,52.51517259
214262,1,8,19,6,3,6,t,f,t,f,13.40034897,52.52365042
214261,1,7,8,2,2,3,f,f,f,t,13.40241664,52.51189663
214260,8,8,20,4,3,5,t,t,f,f,13.46434047,52.47328137
214259,8,7,15,4,3,1,f,t,f,f,13.43572044,52.46429713
214258,2,7,6,5,3,3,f,t,f,t,13.42866432,52.51885234
214257,2,8,17,4,3,5,t,t,f,f,13.46316028,52.50823636
214256,11,8,7,3,3,5,t,t,f,f,13.48662164,52.5025237
214255,2,7,13,3,3,5,t,t,f,f,13.46314036,52.51146759
214254,11,7,15,2,3,5,t,t,f,f,13.48578706,52.52163479
214253,10,8,14,2,3,5,t,t,f,f,13.57112979,52.54588695
214252,2,8,12,7,3,0,t,f,f,f,13.46816003,52.52027492
214251,6,8,19,3,3,0,t,f,f,f,13.17963988,52.42193565
214250,7,8,20,7,3,6,f,f,t,f,13.40747878,52.39212034
214249,1,7,14,5,3,0,t,f,f,f,13.32761859,52.52430128
214248,11,7,17,6,3,6,t,f,t,f,13.5294331,52.48809675
214247,10,8,7,5,3,6,f,t,t,f,13.55970497,52.47952755
214246,11,7,14,5,3,2,f,t,f,f,13.51110813,52.50413718
214245,4,7,17,6,3,5,f,t,f,t,13.30476974,52.50563565
214244,7,8,19,5,3,1,f,t,f,t,13.33765931,52.48825447
214243,12,8,12,4,3,0,f,f,f,t,13.32949258,52.56329736
214242,5,8,17,3,3,5,f,t,f,f,13.17926018,52.53386418
214241,7,8,16,1,3,5,t,t,f,f,13.4068661,52.39377189
214240,4,7,15,3,3,1,t,t,f,f,13.33258972,52.50519193
214239,6,8,17,3,3,3,t,f,f,f,13.31954648,52.45331654
214238,2,8,2,7,3,5,f,t,f,f,13.4455844,52.51271236
214237,11,8,14,6,3,5,t,t,f,f,13.5563187,52.57040328
214236,11,8,14,2,3,5,t,t,f,f,13.52253559,52.5085618
214235,11,8,21,6,3,0,f,f,f,f,13.48536948,52.52318966
214234,4,7,18,5,3,3,t,t,f,f,13.26069772,52.48960264
214233,1,7,17,6,2,0,f,t,f,f,13.34998481,52.51380326
214232,1,8,9,3,3,0,f,t,f,t,13.35541485,52.5196923
214231,10,8,5,3,3,5,t,t,f,f,13.5194693,52.53536329
214230,1,7,9,5,3,0,f,t,f,t,13.37234533,52.5420971
214229,7,7,14,7,3,5,t,t,f,f,13.36193331,52.49798242
214228,5,8,13,5,3,5,f,t,f,f,13.22724673,52.54947457
214227,1,8,12,4,3,2,f,t,f,t,13.3417882,52.5216791
214226,5,8,7,2,2,5,t,t,f,f,13.17193779,52.55012454
214225,1,8,19,7,3,0,t,f,f,f,13.39610058,52.52416705
214224,2,7,7,3,3,5,f,t,f,f,13.39499028,52.49620075
214223,5,8,11,3,3,5,t,t,f,f,13.20978027,52.54789762
214222,12,8,21,7,3,9,f,t,f,f,13.24528393,52.61263707
214221,5,7,13,6,2,5,t,t,f,f,13.26497126,52.53655571
214220,2,7,6,7,3,0,t,f,f,f,13.42723119,52.49931088
214219,8,8,12,4,3,1,f,t,f,f,13.43563803,52.48091397
214218,2,7,22,5,2,3,t,t,f,f,13.44021269,52.49392567
214217,7,8,16,6,3,5,t,f,f,f,13.40675867,52.39852304
214216,4,8,2,4,2,0,t,f,f,f,13.31656766,52.51433553
214215,1,8,14,3,3,0,t,f,f,t,13.41724039,52.50676396
214214,7,8,20,1,3,5,f,t,f,f,13.40102484,52.41456007
214213,7,7,20,5,2,5,f,t,f,f,13.3450708,52.4845908
214212,6,8,13,1,3,5,t,t,f,f,13.33929526,52.45869916
214211,1,7,7,6,2,5,f,f,f,t,13.4219598,52.50512249
214210,5,7,7,7,3,5,f,t,f,f,13.15836418,52.53203765
214209,6,8,12,6,3,1,t,t,f,f,13.35845972,52.43411954
214208,6,8,7,2,3,5,t,t,f,f,13.27342284,52.4555881
214207,1,8,17,5,3,2,f,t,f,f,13.35070881,52.51251401
214206,1,7,9,2,3,2,f,f,f,t,13.40546166,52.50843115
214205,12,8,8,5,2,3,f,t,f,f,13.32916833,52.56737406
214204,1,7,12,4,3,5,t,f,f,f,13.40164761,52.52962423
214203,1,7,14,5,3,5,f,f,f,t,13.40013045,52.50953503
214202,1,8,10,4,3,5,t,t,f,f,13.38058225,52.52843678
214201,2,8,14,3,3,6,f,t,t,f,13.45319516,52.52367499
214200,8,7,14,3,3,6,f,t,t,f,13.4095735,52.41654601
214199,1,7,7,3,3,5,t,t,f,f,13.37464919,52.53732314
214198,2,8,11,2,3,2,f,f,f,t,13.38777323,52.50316004
214197,1,8,20,7,3,5,t,t,f,f,13.31938985,52.52824248
214196,4,7,17,2,3,3,f,t,f,f,13.27131075,52.50992788
214195,3,8,17,2,3,5,t,t,f,f,13.487884,52.61837836
214194,1,8,4,7,2,8,f,f,f,t,13.4020896,52.52364915
214193,7,7,14,6,3,2,f,t,f,t,13.40618387,52.45090432
214192,9,7,12,6,2,4,f,t,f,f,13.55808604,52.44147663
214191,9,8,13,5,3,1,t,t,f,f,13.57542124,52.44723107
214190,2,7,7,5,3,0,t,f,f,f,13.4079144,52.5043513
214189,5,8,15,5,3,3,f,t,f,f,13.18162798,52.53626715
214188,3,8,14,5,3,2,f,t,f,f,13.42829794,52.56957277
214187,2,8,15,3,3,0,t,f,f,f,13.41234104,52.49212697
214186,4,8,16,1,3,2,f,t,f,t,13.33102485,52.49064771
214185,8,7,12,3,3,5,t,t,f,f,13.41217302,52.41720329
214184,11,8,11,3,3,5,f,t,f,f,13.49142512,52.52654431
214183,3,8,13,7,3,0,f,t,f,t,13.44129819,52.5686144
214182,12,7,11,6,2,6,f,t,t,f,13.3538984,52.59656763
214181,3,8,9,5,3,6,t,f,t,f,13.45477843,52.52813094
214180,2,7,19,6,3,2,f,t,f,f,13.45827979,52.49974676
214179,1,8,19,6,3,1,f,t,f,f,13.34729536,52.55079881
214178,4,8,8,2,3,6,f,t,t,f,13.2938007,52.49125046
214177,8,8,4,5,3,5,f,t,f,f,13.42886992,52.48462573
214176,1,8,14,3,3,5,t,t,f,f,13.39891653,52.50822548
214175,5,8,9,2,2,3,f,t,f,f,13.19927212,52.53391857
214174,6,7,20,4,2,5,t,t,f,f,13.25017596,52.41857772
214173,4,8,22,1,3,1,f,t,f,f,13.31445549,52.47024531
214172,6,7,18,2,2,9,f,t,f,f,13.16165707,52.42034825
214171,12,8,15,6,3,5,t,f,f,t,13.28963023,52.59030275
214170,4,7,14,6,3,6,f,f,t,t,13.33876205,52.50259157
214169,6,7,13,6,3,5,f,t,f,f,13.2925357,52.42945647
214168,7,8,18,5,3,5,t,t,f,f,13.34631641,52.50032522
214167,1,8,17,4,3,5,f,t,f,f,13.39157212,52.51132602
214166,9,8,18,4,2,5,t,t,f,f,13.51703437,52.46176668
214165,2,8,8,2,3,5,t,f,f,f,13.38231258,52.50443787
214164,1,7,2,5,3,1,f,t,f,f,13.37215211,52.53239977
214163,8,8,12,2,3,2,f,t,f,f,13.43514201,52.42681941
214162,11,7,16,1,2,1,f,t,f,f,13.49975604,52.51442062
214161,6,8,12,6,3,2,f,t,f,f,13.34544577,52.43609956
214160,3,8,13,2,3,5,f,t,f,t,13.41084097,52.53964286
214159,11,8,8,5,3,5,t,f,f,f,13.48220923,52.50640373
214158,9,7,15,3,3,5,t,t,f,f,13.55800911,52.45571372
214157,12,8,10,5,3,5,t,t,f,f,13.378999,52.56830719
214156,9,7,9,4,3,0,t,f,f,f,13.53839345,52.43413555
214155,1,7,10,5,3,5,f,t,f,f,13.38615316,52.5587216
214154,1,8,16,4,3,5,t,t,f,f,13.37688341,52.51076861
214153,6,8,17,2,3,5,t,t,f,f,13.2673509,52.40896629
214152,1,7,19,4,3,1,t,t,f,f,13.39943152,52.53192
214151,12,8,11,4,3,5,t,t,f,f,13.24307003,52.61588175
214150,6,7,15,2,3,2,f,t,f,f,13.19111591,52.4347036
214149,2,8,19,2,3,0,t,f,f,f,13.40542353,52.48917317
214148,11,8,10,7,2,5,t,t,f,f,13.52709282,52.48656555
214147,11,7,17,2,3,5,t,t,f,f,13.48412298,52.50856839
214146,1,8,18,2,3,1,t,t,f,f,13.41043071,52.52505487
214145,2,8,10,7,3,3,t,t,f,f,13.4200806,52.5023887
214144,11,7,17,5,3,0,t,t,f,f,13.48806154,52.51840974
214143,1,7,14,6,3,5,t,t,f,f,13.38312422,52.53059981
214142,1,8,12,4,3,0,t,t,f,f,13.3573671,52.53593687
214141,8,7,14,4,3,2,f,t,f,f,13.47554151,52.4313345
214140,7,8,22,5,3,5,t,t,f,f,13.34575593,52.50006999
214139,11,8,19,5,2,6,f,t,t,f,13.52528947,52.4806776
214138,11,8,15,3,3,1,f,t,f,f,13.4827551,52.52532047
214137,11,8,18,1,3,1,t,t,f,f,13.48266841,52.54670649
214136,11,7,17,4,3,5,t,t,f,f,13.49360138,52.54476692
214135,1,8,4,2,3,8,f,t,f,f,13.37374657,52.55399228
214134,11,8,17,1,2,6,f,t,t,f,13.52179242,52.567094
214133,3,7,15,6,3,5,f,t,f,t,13.4419497,52.63648871
214132,2,8,10,5,3,2,f,t,f,f,13.4473785,52.49813769
214131,2,7,14,5,3,1,t,t,f,f,13.38705224,52.50065934
214130,6,8,7,6,3,5,f,t,f,f,13.33805815,52.45111607
214129,9,8,16,2,3,6,f,t,t,f,13.50836761,52.43276093
214128,1,8,17,6,3,6,f,f,t,f,13.41152815,52.52173202
214127,7,7,7,7,3,8,f,t,f,f,13.36598569,52.49345941
214126,1,8,21,4,3,5,t,f,f,f,13.39133638,52.55033697
214125,9,8,10,2,3,0,f,t,f,f,13.53768007,52.40023729
214124,8,7,5,5,2,5,t,f,f,f,13.47316327,52.4231223
214123,1,7,17,5,3,4,f,t,f,f,13.33784538,52.52735856
214122,8,8,13,3,2,6,f,t,t,f,13.45333334,52.47350574
214121,8,7,13,4,3,5,t,t,f,f,13.45121277,52.47188999
214120,2,7,21,7,3,0,f,f,f,t,13.44692547,52.50753929
214119,1,8,20,6,2,3,t,f,f,f,13.41811702,52.51689576
214118,1,8,16,3,3,5,t,t,f,f,13.41637378,52.5110269
214117,12,8,22,6,3,8,f,t,f,f,13.32806177,52.56389818
214116,7,7,20,3,2,5,t,t,f,f,13.38544836,52.46712326
214115,7,8,10,4,3,1,t,t,f,f,13.35216341,52.48660772
214114,5,7,14,5,3,5,f,t,f,f,13.18726507,52.53677225
214113,5,7,17,7,3,5,t,t,f,f,13.21893788,52.53709477
214112,4,8,18,4,2,6,f,t,t,f,13.29855281,52.537054
214111,4,8,11,4,3,5,f,t,f,f,13.32765618,52.52076328
214110,6,7,20,4,3,1,f,t,f,f,13.33253992,52.45611308
214109,2,8,9,4,3,5,t,t,f,f,13.46028483,52.51594374
214108,3,8,16,3,3,5,t,t,f,f,13.40026486,52.55876536
214107,2,8,21,2,3,6,f,f,t,f,13.44663099,52.52131646
214106,5,8,20,7,3,0,f,f,f,t,13.2687523,52.53706645
214105,7,7,11,4,3,5,t,t,f,f,13.4012765,52.41462937
214104,12,8,22,3,3,5,f,t,f,f,13.29793028,52.5781131
214103,4,8,9,7,2,5,t,t,f,f,13.30298745,52.51865328
214102,12,7,14,7,3,5,t,t,f,f,13.34368894,52.61345695
214101,2,7,10,7,3,1,t,t,f,f,13.39059305,52.5062901
214100,6,8,13,5,3,6,f,f,t,f,13.25886567,52.43188476
214099,1,8,15,3,3,0,f,f,f,t,13.40519186,52.53408179
214098,1,8,15,7,3,0,t,t,f,f,13.37181786,52.50927518
214097,4,7,19,3,2,0,f,f,f,f,13.32926311,52.50324329
214096,1,8,7,4,3,5,t,f,f,f,13.4058379,52.53063956
214095,7,7,18,4,3,5,t,t,f,f,13.36696963,52.49330284
214094,7,7,11,5,3,5,f,t,f,f,13.36850143,52.40984639
214093,4,8,19,3,3,1,t,t,f,f,13.3108196,52.50138866
214092,11,8,17,2,2,6,f,t,t,f,13.51237249,52.55504688
214091,9,7,8,4,2,5,f,t,f,t,13.54654981,52.42636614
214090,1,8,10,4,3,5,f,t,f,t,13.35520954,52.54627077
214089,8,7,12,3,3,6,f,t,t,f,13.4387635,52.45260398
214088,3,8,13,2,3,1,t,t,f,f,13.41734281,52.54682249
214087,3,8,17,7,2,5,t,t,f,f,13.42020169,52.61098258
214086,11,7,13,3,3,5,t,t,f,f,13.50560819,52.53464035
214085,5,8,16,3,2,5,f,t,f,t,13.17816808,52.54884424
214084,3,8,17,1,3,6,f,t,t,f,13.49041848,52.62127766
214083,1,7,19,5,3,0,t,t,f,f,13.35667408,52.52515713
214082,1,7,1,6,2,0,t,f,f,f,13.32979066,52.52405669
214081,8,8,9,4,3,2,f,t,f,f,13.44749074,52.47589291
214080,1,7,17,6,2,0,t,f,f,f,13.38020641,52.51930551
214079,12,7,13,6,3,5,t,f,f,t,13.37804741,52.56891638
214078,3,8,15,5,3,2,t,t,f,f,13.4443062,52.5528383
214077,10,8,9,5,3,2,t,t,f,f,13.61668333,52.54086225
214076,4,8,13,3,3,5,f,t,f,t,13.2899947,52.48902984
214075,1,7,16,7,3,3,f,t,f,f,13.38250711,52.55586719
214074,8,8,12,1,3,5,f,t,f,f,13.41052556,52.4140348
214073,4,7,22,4,3,5,f,t,f,f,13.3394311,52.50313507
214072,8,8,15,1,3,2,f,t,f,t,13.45406647,52.4349553
214071,5,7,15,6,3,5,f,t,f,f,13.21798606,52.5384767
214070,7,8,12,5,3,6,t,f,t,f,13.36334179,52.48764469
214069,12,7,18,1,3,6,f,t,t,f,13.31196938,52.61510342
214068,7,8,7,6,3,2,t,t,f,f,13.35233879,52.49483748
214067,6,8,21,1,3,5,t,t,f,f,13.33907045,52.46453145
214066,2,8,16,6,3,8,f,f,f,f,13.42920249,52.50914845
214065,8,7,7,2,3,6,f,t,t,f,13.43470637,52.48120564
214064,1,8,7,4,3,0,t,t,f,f,13.34260148,52.50593162
214063,11,7,10,5,3,5,t,t,f,f,13.52415416,52.47782924
214062,11,7,15,5,3,6,f,f,t,f,13.49922231,52.5180492
214061,5,8,11,3,3,2,f,t,f,f,13.24419739,52.53851213
214060,1,7,7,4,3,5,t,t,f,f,13.39031873,52.55554541
214059,6,7,9,2,3,2,t,t,f,f,13.30337861,52.44111364
214058,3,8,22,6,3,6,f,t,t,f,13.42351874,52.61165355
214057,6,8,10,2,3,5,t,t,f,f,13.22935029,52.4264716
214056,4,8,10,6,3,2,f,t,f,f,13.31639644,52.50105383
214055,4,7,17,5,3,5,f,t,f,t,13.34041114,52.50406057
214054,7,7,16,6,3,1,t,t,f,f,13.41013389,52.38761585
214053,11,8,11,4,3,1,t,t,f,f,13.53951939,52.49129849
214052,12,8,11,3,3,2,f,t,f,f,13.33850955,52.57165097
214051,5,7,19,5,2,5,t,t,f,f,13.13030541,52.55068307
214050,2,7,10,7,3,5,t,f,f,f,13.42970568,52.5210915
214049,4,8,11,5,3,5,f,t,f,f,13.30443628,52.48845059
214048,12,8,16,4,3,6,f,t,t,f,13.32912876,52.56725446
214047,1,8,13,2,3,4,t,f,f,f,13.33903482,52.52385682
214046,1,8,6,7,3,0,t,f,f,f,13.41788882,52.52577741
214045,8,7,17,4,3,1,t,t,f,f,13.42532524,52.4799626
214044,1,8,8,3,3,5,t,f,f,f,13.41963636,52.50618391
214043,7,8,0,1,2,0,t,f,f,t,13.3638447,52.48513351
214042,7,7,16,6,3,5,t,t,f,f,13.38181477,52.39695237
214041,5,7,17,7,3,0,f,t,f,f,13.13958152,52.53988177
214040,5,8,7,4,3,0,f,t,f,t,13.22532246,52.54882764
214039,6,7,17,5,3,1,f,t,f,t,13.30861226,52.46340486
214038,2,8,12,6,3,5,f,t,f,f,13.43642471,52.49246117
214037,4,8,17,5,3,0,f,t,f,t,13.29711924,52.52669977
214036,9,8,15,3,3,0,f,f,f,t,13.54721907,52.43521468
214035,6,8,16,1,3,6,t,f,t,f,13.32525259,52.46017283
214034,6,7,10,4,2,1,f,t,f,f,13.31741342,52.45809115
214033,4,8,16,1,2,8,t,f,f,f,13.24936406,52.51598958
214032,12,7,11,3,3,5,f,t,f,f,13.35389955,52.56208997
214031,10,7,6,6,3,8,f,f,f,t,13.52352277,52.5360439
214030,5,7,5,2,2,5,f,t,f,t,13.18534628,52.51531525
214029,9,7,11,1,3,5,f,t,f,f,13.48116348,52.46079499
214028,10,8,22,6,2,5,t,f,f,f,13.52438591,52.5364036
214027,8,8,10,2,3,8,f,f,f,t,13.492348,52.42019456
214026,1,8,19,6,3,0,t,f,f,t,13.40831039,52.52736399
214025,1,7,0,1,2,0,f,f,f,f,13.33912923,52.53386987
214024,7,7,11,6,3,5,t,t,f,f,13.35493031,52.41329371
214023,2,8,18,5,2,0,t,f,f,f,13.45954917,52.51246007
214022,3,8,8,5,3,0,t,f,f,t,13.49306702,52.62386284
214021,1,8,6,3,3,5,f,t,f,t,13.4282097,52.50729506
214020,10,8,14,7,3,5,t,t,f,f,13.53373699,52.52572434
214019,11,7,11,4,2,5,f,t,f,f,13.52574689,52.482746
214018,1,8,4,1,3,1,f,t,f,f,13.37965669,52.52921851
214017,7,7,8,1,3,5,t,t,f,f,13.34746722,52.4705873
214016,5,7,11,2,3,2,f,t,f,f,13.187375,52.52058086
214015,12,8,8,6,3,2,t,t,f,f,13.27289891,52.63450958
214014,9,8,13,2,3,5,t,t,f,f,13.61879482,52.45556393
214013,1,8,13,6,3,3,f,t,f,f,13.37712543,52.51242367
214012,7,7,18,2,2,5,t,t,f,f,13.35081627,52.49863793
214011,5,8,1,4,3,0,f,f,f,f,13.23312914,52.54549352
214010,3,7,10,4,3,4,t,t,f,f,13.43485678,52.54654797
214009,7,7,8,5,3,2,t,t,f,f,13.34789196,52.47892633
214008,11,8,17,2,3,5,t,t,f,f,13.49866266,52.53839081
214007,4,7,12,3,3,5,f,f,f,t,13.30849322,52.52913208
214006,11,7,14,2,3,6,f,f,t,f,13.51191451,52.55465149
214005,3,8,23,6,2,9,f,t,f,f,13.42414844,52.57136468
214004,2,8,19,3,3,3,f,t,f,t,13.44202871,52.50103848
214003,1,8,21,6,3,0,t,f,f,f,13.40435891,52.53318855
214002,5,7,15,5,3,5,f,t,f,f,13.2469791,52.54415822
214001,2,7,17,6,3,2,f,t,f,f,13.4298046,52.51030089
214000,2,8,3,5,3,5,f,t,f,f,13.39967723,52.49841434
213999,11,7,12,5,3,1,t,t,f,f,13.47814638,52.51501299
213998,4,7,15,7,3,1,t,f,f,f,13.27977502,52.54100149
213997,1,8,15,5,3,2,f,t,f,f,13.37579245,52.52843079
213996,6,8,16,4,3,5,f,t,f,f,13.25483337,52.41829494
213995,1,8,17,3,3,5,t,f,f,f,13.37828902,52.52917249
213994,3,8,10,1,3,0,t,t,f,f,13.37318555,52.59829241
213993,9,7,12,4,3,3,f,t,f,t,13.58286716,52.4425143
213992,1,8,18,3,3,3,t,t,f,f,13.35649098,52.52377451
213991,12,8,12,1,2,0,f,f,f,t,13.34011883,52.58809309
213990,9,7,12,7,3,6,f,t,t,f,13.62642438,52.45693615
213989,5,7,14,1,2,9,t,f,f,f,13.20441841,52.540133
213988,1,8,14,5,3,5,f,t,f,f,13.34204264,52.51790525
213987,7,7,14,6,2,6,f,t,t,f,13.38541915,52.44680342
213986,7,8,19,5,3,0,f,f,f,t,13.34339283,52.5009703
213985,9,8,16,5,3,5,t,t,f,f,13.6569564,52.41524237
213984,2,8,16,4,2,5,t,t,f,f,13.37203367,52.48505339
213983,6,8,20,2,3,2,f,t,f,f,13.32821432,52.44637492
213982,9,7,14,4,2,6,f,t,t,f,13.48433517,52.46752089
213981,2,8,20,1,3,1,f,t,t,f,13.43890955,52.50049299
213980,10,7,15,1,3,4,t,f,f,f,13.60064214,52.47736513
213979,4,8,22,6,3,5,t,t,f,f,13.32034405,52.47890201
213978,4,8,15,2,2,5,t,t,f,f,13.30011941,52.5067542
213977,2,8,15,6,3,5,t,t,f,f,13.44228402,52.50101322
213976,6,7,16,2,3,1,f,t,f,f,13.25020626,52.45498204
213975,6,8,9,5,3,1,t,t,f,f,13.33985706,52.45952013
213974,11,7,22,4,3,5,f,t,f,f,13.4924535,52.5440832
213973,4,7,14,5,2,0,f,t,f,t,13.3289936,52.5225211
213972,1,8,0,4,3,0,t,f,f,f,13.34219295,52.50493283
213971,1,8,17,2,3,6,t,f,t,f,13.37726107,52.55385214
213970,6,7,12,6,3,0,f,t,f,t,13.34336773,52.42783595
213969,4,7,15,2,3,3,f,t,f,t,13.28879448,52.5092035
213968,2,8,8,2,3,5,f,t,f,f,13.42485067,52.50208765
213967,1,8,20,7,3,5,t,t,f,f,13.41646091,52.51098784
213966,10,7,11,2,3,5,f,t,f,f,13.59161992,52.54493232
213965,8,8,18,2,3,5,t,t,f,f,13.43117498,52.46774579
213964,4,8,15,6,3,5,t,t,f,f,13.31386565,52.5062885
213963,12,7,0,6,3,8,f,t,f,f,13.33549878,52.60267152
213962,2,7,20,6,3,5,t,t,f,f,13.44679646,52.50268697
213961,6,8,12,5,3,3,f,t,f,t,13.31268257,52.43043008
213960,4,7,17,4,2,1,f,t,f,t,13.25082481,52.52474754
213959,5,8,15,5,3,2,f,t,f,f,13.197053,52.54367436
213958,12,8,14,3,3,5,t,t,f,f,13.29164394,52.59574654
213957,1,7,6,4,3,5,f,t,f,f,13.41180163,52.52396699
213956,3,7,13,5,3,5,f,t,f,f,13.42924805,52.57195717
213955,2,8,20,3,3,5,t,t,f,f,13.39085553,52.504532
213954,1,8,20,2,3,3,f,t,f,f,13.41229157,52.52433926
213953,1,7,8,4,2,5,t,t,f,f,13.35564528,52.519722
213952,8,7,19,6,3,5,t,t,f,f,13.43468547,52.47870799
213951,5,7,18,2,2,5,f,t,f,f,13.14148464,52.53248877
213950,1,8,9,2,3,3,f,t,f,t,13.37769015,52.52899512
213949,12,8,15,7,3,0,f,t,f,t,13.25199,52.59990388
213948,12,8,19,2,3,8,f,t,f,f,13.35818044,52.62122847
213947,11,8,15,6,3,6,f,f,t,f,13.50883982,52.50087775
213946,12,7,9,6,3,2,f,t,f,f,13.29163995,52.59577248
213945,7,7,8,6,3,1,f,t,f,f,13.38968302,52.4207642
213944,11,8,5,4,3,0,f,f,f,t,13.50543058,52.53470133
213943,12,7,14,5,3,2,f,t,f,f,13.34341137,52.5888892
213942,9,7,16,7,3,5,t,t,f,f,13.58437785,52.45171019
213941,8,8,10,5,3,5,t,t,f,f,13.42401367,52.4772087
213940,4,8,17,3,3,0,f,t,f,t,13.31100513,52.54759702
213939,5,8,14,3,3,5,t,t,f,f,13.1887792,52.54682256
213938,3,8,16,7,3,1,f,t,f,f,13.39752027,52.56575904
213937,4,7,16,3,3,1,t,t,f,f,13.30627646,52.5217304
213936,5,8,6,3,3,5,f,t,f,f,13.17193939,52.55012737
213935,8,8,14,7,3,2,f,t,f,f,13.42812093,52.47345525
213934,6,7,15,6,3,1,t,t,f,f,13.29598819,52.42052695
213933,1,7,23,5,3,5,f,t,f,f,13.41182226,52.52396765
213932,1,8,21,5,3,6,f,t,t,f,13.40347026,52.52743985
213931,8,8,16,5,3,5,f,t,f,t,13.4584674,52.43348333
213930,1,8,18,4,3,3,t,f,f,f,13.38039411,52.51833741
213929,10,8,18,2,3,6,f,t,t,f,13.60994124,52.53435872
213928,9,7,16,4,3,6,t,f,t,f,13.57866378,52.45780079
213927,10,8,13,1,3,0,f,f,f,t,13.55968994,52.47936193
213926,9,7,7,6,3,5,f,t,f,f,13.5532749,52.43400046
213925,9,7,22,1,3,8,f,t,f,f,13.52882897,52.42636652
213924,7,8,15,6,3,1,t,t,f,f,13.35743397,52.48858702
213923,1,8,20,2,3,5,t,t,f,f,13.35710727,52.5235446
213922,9,8,15,7,3,5,t,t,f,f,13.58347422,52.45170351
213921,2,7,13,2,3,0,f,t,f,f,13.38976986,52.49263857
213920,4,8,16,4,3,5,t,t,f,f,13.28666463,52.518761
213919,1,7,13,4,3,5,t,t,f,f,13.41665912,52.51948597
213918,11,7,21,5,3,5,t,t,f,f,13.47862209,52.52868084
213917,3,8,15,4,2,6,f,t,t,f,13.48655638,52.61677441
213916,4,8,11,3,2,2,f,t,f,t,13.30172099,52.48827706
213915,4,7,12,4,3,5,f,t,f,f,13.3224854,52.50644579
213914,1,7,22,6,3,5,t,t,f,f,13.38020296,52.53286411
213913,1,8,14,4,3,3,t,f,f,f,13.34799169,52.5481557
213912,4,7,9,3,3,3,f,t,f,f,13.27782962,52.50680703
213911,3,8,7,2,3,2,t,t,f,f,13.45826896,52.53473511
213910,5,8,17,7,3,5,f,t,f,f,13.19849288,52.54285474
213909,8,7,17,3,3,5,f,t,f,f,13.4330902,52.45234202
213908,1,8,10,3,3,5,t,f,f,f,13.38523303,52.53126631
213907,9,8,19,1,3,2,f,t,f,f,13.51192725,52.47111401
213906,1,7,8,6,3,1,t,t,f,f,13.36097286,52.54528579
213905,7,7,15,6,3,5,t,t,f,f,13.40490001,52.44445534
213904,3,8,8,4,3,2,t,t,f,f,13.39830074,52.59238522
213903,6,7,8,5,3,5,t,t,f,f,13.28708317,52.43273553
213902,4,8,13,5,3,5,f,t,f,f,13.31583151,52.48184678
213901,10,8,12,5,3,5,t,t,f,f,13.54385545,52.55357476
213900,1,8,17,3,3,5,t,t,f,f,13.35696671,52.52381366
213899,2,8,12,1,3,1,f,t,f,f,13.45751525,52.52075518
213898,3,7,22,4,3,1,t,t,f,f,13.41069053,52.53949696
213897,4,8,19,2,3,0,f,t,f,t,13.32243588,52.5051162
213896,2,7,9,6,3,2,t,f,f,f,13.39477901,52.50069278
213895,2,7,19,6,3,0,f,f,f,f,13.43239316,52.51638008
213894,5,7,19,5,3,5,t,f,f,f,13.20445394,52.53023559
213893,10,8,18,6,3,1,t,t,f,f,13.56649619,52.48460303
213892,12,8,13,2,3,6,f,t,t,f,13.36210617,52.56871678
213891,11,8,16,6,3,0,t,t,f,f,13.47191028,52.53763717
213890,4,8,17,3,3,0,t,t,f,f,13.3195066,52.49208158
213889,2,7,6,5,3,5,t,t,f,f,13.45877336,52.51138754
213888,2,7,14,5,3,2,f,t,f,f,13.47554383,52.51200863
213887,5,8,5,4,3,2,f,t,f,f,13.16220147,52.52017485
213886,12,8,11,3,3,6,f,f,t,f,13.30866368,52.61790053
213885,4,8,19,1,3,0,t,f,f,f,13.32193461,52.48642173
213884,11,7,16,3,3,2,t,f,f,f,13.47799921,52.53613826
213883,4,8,11,3,3,5,t,t,f,f,13.273008,52.51318759
213882,4,8,10,1,3,5,f,t,f,t,13.30054244,52.48052198
213881,8,7,22,6,3,2,f,t,f,f,13.428976,52.47180428
213880,2,7,18,5,3,5,f,t,f,f,13.39595969,52.49842224
213879,2,8,18,6,3,1,t,t,f,f,13.45812886,52.5127106
213878,4,8,10,2,3,2,f,t,f,f,13.2851669,52.49418103
213877,8,8,13,6,3,5,f,t,f,t,13.49121357,52.4207309
213876,4,8,14,3,2,0,t,f,f,f,13.29572275,52.51933187
213875,4,8,19,2,3,5,f,t,f,f,13.30156389,52.49453833
213874,12,7,20,4,3,1,t,f,f,f,13.30575525,52.587094
213873,8,8,23,1,3,1,f,t,f,f,13.44270149,52.45660864
213872,10,7,12,4,2,9,f,t,f,f,13.55037846,52.54291039
213871,12,7,16,2,3,5,t,t,f,f,13.24415746,52.61500337
213870,3,8,13,6,2,5,t,t,f,f,13.42864826,52.59946464
213869,1,8,14,2,3,2,t,t,f,f,13.37061549,52.55908657
213868,1,8,13,7,3,1,t,t,f,f,13.35955218,52.54608928
213867,3,7,19,3,2,2,f,t,f,t,13.40648692,52.54101044
213866,1,8,13,4,3,3,f,t,f,t,13.41551819,52.51581431
213865,4,7,16,4,3,5,t,t,f,f,13.31511408,52.49089234
213864,4,7,11,5,3,0,f,t,f,f,13.29742241,52.49811363
213863,4,8,10,4,2,3,f,f,f,t,13.2617478,52.479476
213862,6,8,16,2,3,2,t,t,f,f,13.3585719,52.43421386
213861,4,7,19,5,3,5,f,t,f,f,13.28699463,52.54000714
213860,7,7,9,6,3,5,f,t,f,f,13.3488596,52.4590357
213859,6,8,7,4,3,1,f,t,f,t,13.31384857,52.43523305
213858,5,8,0,4,2,1,f,t,f,f,13.14345234,52.53449741
213857,1,8,6,2,3,5,t,f,f,f,13.39044218,52.50769435
213856,8,8,11,7,3,5,f,f,f,t,13.44522324,52.46388586
213855,8,7,12,3,3,2,f,t,f,f,13.43119506,52.48154771
213854,4,8,18,3,3,5,t,f,f,f,13.33281439,52.47981933
213853,1,8,13,1,3,2,f,t,f,f,13.40881573,52.51624994
213852,4,7,13,7,3,5,t,t,f,f,13.30384568,52.49941859
213851,6,7,11,7,3,0,f,t,f,f,13.33946588,52.42631861
213850,11,8,7,5,3,1,f,t,f,f,13.48543642,52.52883885
213849,1,7,16,5,3,1,f,t,f,f,13.34780949,52.54331654
213848,4,8,14,5,2,1,f,t,f,f,13.29218546,52.50506826
213847,8,8,12,5,3,2,t,t,f,f,13.49424423,52.41875443
213846,1,8,11,3,3,5,f,t,f,f,13.37197936,52.54013692
213845,8,8,13,1,3,5,t,t,f,f,13.47510543,52.46361964
213844,1,7,12,4,3,2,f,f,f,t,13.340016,52.53093109
213843,5,8,5,2,3,6,f,t,t,f,13.18869355,52.53718691
213842,5,7,18,2,3,5,t,f,f,f,13.15970913,52.55563965
213841,7,7,21,1,3,0,t,f,f,f,13.40027285,52.48379568
213840,9,8,7,6,3,2,t,t,f,f,13.50737572,52.4748873
213839,4,8,12,2,3,3,f,t,f,f,13.33316527,52.5057274
213838,10,8,10,5,3,0,f,t,f,f,13.56187494,52.50526762
213837,8,7,17,1,3,5,t,t,f,f,13.42113163,52.48032955
213836,1,8,18,4,3,2,f,t,f,f,13.37438395,52.55631445
213835,9,7,10,4,2,0,t,f,f,f,13.73056376,52.42743056
213834,4,7,16,5,3,3,t,f,f,f,13.26968374,52.51087515
213833,4,8,14,3,3,5,f,t,f,f,13.28678656,52.49581035
213832,12,7,12,3,3,5,f,t,f,t,13.29739661,52.57785935
213831,8,7,9,2,3,5,f,t,f,f,13.42077533,52.44086134
213830,2,8,19,6,3,5,t,f,f,f,13.46200628,52.51873623
213829,5,8,19,2,3,5,f,t,f,f,13.20313565,52.52310486
213828,8,8,18,6,2,0,t,f,f,f,13.44541477,52.47651805
213827,4,7,19,5,3,6,f,f,t,f,13.33070351,52.49832112
213826,8,7,15,6,2,1,t,t,f,f,13.43597928,52.45862822
213825,12,8,21,3,3,5,f,t,t,f,13.37703368,52.56074776
213824,9,8,15,4,3,6,t,f,t,f,13.71169339,52.43257297
213823,1,7,15,4,3,0,t,f,f,f,13.41836779,52.52600026
213822,9,7,10,7,3,2,f,t,f,f,13.56000854,52.46054129
213821,8,8,12,5,3,5,t,t,f,f,13.43481586,52.46205716
213820,2,8,13,4,2,5,t,t,f,f,13.38364689,52.493794
213819,10,8,22,2,2,4,f,t,f,f,13.56903551,52.47963822
213818,4,7,18,4,3,5,t,t,f,f,13.28149357,52.50842618
213817,7,7,19,1,3,2,f,t,f,t,13.37397616,52.49204325
213816,3,8,14,6,2,5,f,t,f,t,13.43238455,52.60481189
213815,9,8,17,2,3,2,f,t,f,f,13.56996103,52.44459263
213814,2,8,12,6,3,5,f,t,f,f,13.38153853,52.50504351
213813,10,7,6,3,3,4,t,t,f,f,13.58417487,52.54055705
213812,1,8,8,5,3,0,t,f,f,f,13.39276408,52.56411205
213811,4,7,17,5,3,2,f,t,f,f,13.30849256,52.52913198
213810,7,7,11,7,3,6,f,t,t,f,13.3624845,52.41226974
213809,8,8,1,4,3,1,f,t,f,f,13.41800929,52.4184532
213808,5,8,13,4,2,5,f,t,f,t,13.1545818,52.5330341
213807,1,7,19,5,2,0,t,f,f,f,13.34333819,52.52861931
213806,7,8,8,4,3,4,t,f,f,f,13.35497803,52.49037573
213805,11,8,9,4,3,5,t,t,f,f,13.49948684,52.5138422
213804,11,8,14,2,3,5,t,t,f,f,13.48650412,52.54098093
213803,7,8,11,7,3,3,f,t,f,t,13.39277204,52.48428353
213802,12,7,11,4,3,0,f,t,f,t,13.33590523,52.60708639
213801,3,8,17,3,3,5,f,f,f,t,13.42869187,52.57207053
213800,8,8,21,7,3,2,f,t,f,f,13.42930953,52.48131745
213799,8,7,15,6,3,5,f,t,f,f,13.452481,52.47056723
213798,6,7,4,7,3,0,f,t,f,t,13.35368994,52.44738862
213797,8,8,11,4,3,0,t,t,f,f,13.42126544,52.44275731
213796,3,7,17,6,3,0,f,f,f,t,13.44663133,52.56491158
213795,3,7,0,6,3,5,t,t,f,f,13.41472556,52.55356963
213794,3,8,10,5,3,1,t,t,f,f,13.4389366,52.60839104
213793,8,8,16,5,3,5,f,t,f,f,13.48921266,52.42074413
213792,4,8,15,3,3,5,f,t,f,f,13.32610912,52.538357
213791,8,8,23,1,2,5,f,t,f,f,13.4682128,52.42769437
213790,3,7,10,4,3,0,f,f,f,t,13.44416472,52.56850902
213789,2,8,14,1,3,5,t,t,f,f,13.42893903,52.51561402
213788,10,7,15,2,3,6,f,t,t,f,13.57025581,52.54198195
213787,9,7,12,2,3,0,t,t,f,f,13.5508255,52.43891661
213786,2,8,14,6,3,5,t,t,f,f,13.38245944,52.50448062
213785,4,8,12,2,3,0,f,f,f,t,13.33085038,52.48874567
213784,10,8,14,6,3,5,t,t,f,f,13.58645234,52.51883816
213783,2,7,14,1,3,2,f,t,f,f,13.47559397,52.51206158
213782,12,8,17,4,3,0,t,t,f,f,13.35289323,52.56792934
213781,7,7,12,4,3,5,t,t,f,f,13.3278483,52.47252163
213780,2,7,10,5,3,3,t,t,f,f,13.44061232,52.49956625
213779,2,8,10,3,3,5,t,t,f,f,13.47338524,52.49593344
213778,11,8,20,2,2,3,f,t,f,t,13.4948851,52.55975236
213777,8,7,12,3,3,5,f,t,f,f,13.43707284,52.46444516
213776,8,7,8,3,3,5,t,t,f,f,13.50151421,52.41369586
213775,1,8,8,2,3,1,t,t,f,f,13.38358407,52.51107888
213774,11,8,12,7,2,5,f,t,f,t,13.49242977,52.50109623
213773,2,8,14,2,3,5,t,f,f,f,13.38782671,52.50306012
213772,1,8,18,7,3,5,t,t,f,f,13.39434811,52.54741519
213771,1,7,15,6,3,5,f,t,f,t,13.38904838,52.52200058
213770,1,7,13,6,3,2,f,t,f,f,13.34630075,52.54009695
213769,2,8,9,5,3,5,f,t,f,f,13.39504095,52.49324294
213768,4,7,10,5,3,5,f,t,f,f,13.24000876,52.52576537
213767,1,8,23,5,3,0,t,f,f,f,13.41892493,52.52542682
213766,5,8,17,4,2,0,f,t,f,f,13.18649607,52.53425344
213765,3,8,14,3,3,5,t,t,f,f,13.41907613,52.53049413
213764,4,8,18,1,3,6,f,t,t,f,13.3133894,52.52404915
213763,2,7,18,4,3,3,f,t,f,t,13.38980857,52.49263104
213762,1,8,12,3,3,1,t,t,f,f,13.38116186,52.53209163
213761,7,8,21,7,3,6,f,t,t,f,13.3457043,52.4942471
213760,9,7,14,7,3,0,f,t,f,f,13.590296,52.43513974
213759,2,8,12,5,3,0,f,t,f,t,13.38724773,52.48996858
213758,4,7,16,6,3,5,t,t,f,f,13.29630048,52.4976128
213757,2,8,19,5,3,6,t,f,t,f,13.46775461,52.51510684
213756,1,8,20,4,2,0,f,f,f,t,13.405312,52.52219753
213755,11,8,17,4,3,5,f,t,f,f,13.49357754,52.54130154
213754,4,8,16,2,3,0,f,t,f,f,13.32936593,52.50537113
213753,3,7,10,4,3,2,t,t,f,f,13.45359851,52.59180476
213752,2,8,11,2,3,5,f,t,f,f,13.38252228,52.5045461
213751,4,8,13,2,3,5,f,t,f,f,13.29733433,52.52651781
213750,3,8,16,7,3,5,f,t,f,f,13.43384281,52.54958762
213749,11,7,15,3,3,3,f,t,f,f,13.48809465,52.53382988
213748,7,8,1,3,3,0,f,f,f,t,13.36019522,52.47531711
213747,11,8,12,1,2,6,t,f,t,f,13.50489309,52.57338549
213746,12,7,16,6,3,0,f,f,f,t,13.31207724,52.58506254
213745,4,7,19,1,3,6,f,t,t,f,13.29156247,52.49717256
213744,3,8,13,5,2,5,t,f,f,f,13.40613227,52.58168599
213743,2,7,11,5,3,5,t,t,f,f,13.44070112,52.5173234
213742,10,7,19,6,3,6,f,t,t,f,13.61963807,52.53990338
213741,6,8,19,5,3,3,f,t,f,t,13.31476,52.43058964
213740,8,8,15,5,2,5,f,t,f,t,13.45194184,52.43829664
213739,1,8,17,3,3,5,t,t,f,f,13.35226349,52.50529284
213738,2,8,14,7,3,5,f,t,f,t,13.45770376,52.51279907
213737,6,7,20,5,3,3,f,t,f,t,13.34859576,52.45368421
213736,3,8,20,1,3,0,t,t,f,f,13.41104537,52.55410633
213735,5,7,18,7,2,2,f,t,f,t,13.20775708,52.53870262
213734,8,8,11,5,2,5,f,t,f,f,13.45516295,52.45304788
213733,1,8,12,6,3,5,t,f,f,f,13.38333864,52.54858351
213732,5,8,12,2,3,2,f,t,f,f,13.19852011,52.53323469
213731,7,8,12,6,3,6,f,t,t,f,13.39258564,52.41268946
213730,7,7,15,1,3,5,t,t,f,f,13.34515132,52.48918161
213729,1,8,17,4,3,0,t,f,f,f,13.34853301,52.52197763
213728,1,7,13,4,3,0,f,t,f,f,13.34850504,52.53583145
213727,8,7,9,5,3,3,t,f,f,f,13.42666657,52.48744623
213726,10,8,14,4,3,5,f,t,f,f,13.56560394,52.57044474
213725,7,8,11,3,3,0,f,f,f,t,13.37767176,52.46566949
213724,9,7,11,2,3,5,f,t,f,t,13.56202984,52.43677678
213723,11,8,11,2,3,2,f,t,f,f,13.52717804,52.49200125
213722,4,8,13,7,2,0,t,f,f,f,13.33181344,52.5006393
213721,12,7,8,2,3,1,f,t,f,f,13.37076612,52.56063155
213720,1,8,19,3,3,3,f,t,f,f,13.38874903,52.55016874
213719,3,8,22,6,3,5,t,t,f,f,13.36843071,52.59733201
213718,2,7,17,5,2,2,f,t,f,t,13.47559397,52.51206158
213717,2,7,10,6,3,0,f,t,f,f,13.41299651,52.48828225
213716,1,8,10,5,3,0,t,f,f,f,13.37628666,52.52203511
213715,1,7,6,5,3,0,t,f,f,f,13.35596217,52.54322089
213714,6,8,12,5,3,6,f,t,t,f,13.30568687,52.44811345
213713,9,8,17,5,3,5,f,t,f,f,13.52375776,52.45968648
213712,1,8,18,3,3,0,t,f,f,f,13.38542571,52.55740316
213711,1,8,18,1,3,2,f,t,f,f,13.40352989,52.54038313
213710,8,7,12,4,3,5,f,t,f,t,13.4340177,52.44277026
213709,10,8,7,3,3,6,f,t,t,f,13.5735058,52.55221836
213708,1,8,3,1,3,0,f,f,f,f,13.37018884,52.55684547
213707,5,7,13,6,3,3,f,t,f,t,13.1978063,52.51929422
213706,6,8,14,5,3,0,f,t,f,f,13.29170595,52.46681537
213705,4,7,10,6,3,5,t,t,f,f,13.28108192,52.50767076
213704,4,8,7,6,3,5,t,t,f,f,13.28229885,52.48379139
213703,9,8,11,2,3,2,f,t,f,t,13.52683145,52.42810026
213702,2,8,16,6,2,5,t,t,f,f,13.45062546,52.52237738
213701,8,8,12,4,3,1,t,t,f,f,13.42780064,52.48905834
213700,6,8,9,2,3,2,f,t,f,f,13.2787062,52.430965
213699,1,7,15,4,3,0,t,f,f,f,13.35014599,52.52449955
213698,1,8,13,2,3,5,t,t,f,f,13.37589498,52.52855419
213697,8,7,21,6,2,6,f,t,t,f,13.43180003,52.46641441
213696,1,7,18,1,3,0,f,f,t,t,13.39685516,52.52396735
213695,2,8,7,6,3,5,t,t,f,f,13.3904752,52.49598026
213694,5,8,15,3,3,2,f,t,f,t,13.25962259,52.54673698
213693,3,8,22,6,3,9,f,t,f,f,13.41460059,52.55358284
213692,1,7,16,3,3,0,t,f,f,f,13.37714757,52.5281569
213691,9,8,7,4,3,1,t,t,f,f,13.57511226,52.44657238
213690,2,7,1,5,3,5,t,t,f,f,13.40298195,52.49412158
213689,9,7,17,5,3,5,t,t,f,f,13.57412491,52.39580075
213688,11,8,15,4,3,5,f,t,f,f,13.50599985,52.4971262
213687,1,8,16,2,3,5,t,t,f,f,13.38676497,52.55934089
213686,11,7,12,4,2,5,t,f,f,f,13.50861343,52.55956147
213685,1,7,8,6,3,2,f,t,f,f,13.38600472,52.53161421
213684,7,8,15,4,2,5,t,f,f,f,13.32646261,52.47644993
213683,12,7,10,3,3,3,f,t,f,f,13.33146654,52.56215169
213682,5,8,19,2,3,0,f,t,f,t,13.19895406,52.55403756
213681,7,8,16,7,2,5,f,f,f,t,13.3723195,52.44453234
213680,1,7,18,3,3,5,t,t,f,f,13.40535725,52.50827917
213679,1,6,14,4,3,0,f,t,f,f,13.40736737,52.52618612
213678,5,5,11,2,3,5,f,t,f,f,13.16538532,52.55117495
213677,4,6,14,2,3,2,f,t,f,t,13.31460081,52.51082784
213676,2,7,17,2,3,3,f,f,f,t,13.42832095,52.51894471
213675,3,7,19,6,3,5,t,t,f,f,13.45721725,52.56105319
213674,4,7,13,6,3,6,f,t,t,f,13.28992738,52.47349155
213673,2,6,9,5,3,0,f,f,f,t,13.39517129,52.49593983
213672,4,6,12,5,3,3,t,f,f,f,13.27935977,52.52384026
213671,10,6,12,2,3,5,t,t,f,f,13.61424964,52.53025589
213670,1,5,13,2,3,3,t,f,f,f,13.41404641,52.51572477
213669,2,6,19,6,3,5,t,f,f,f,13.43194689,52.5057655
213668,10,6,16,5,3,6,f,t,t,f,13.56752852,52.56980266
213667,1,7,6,6,3,5,t,t,f,f,13.32972665,52.52372366
213666,4,6,8,4,3,3,t,f,f,f,13.30815344,52.48396017
213665,6,5,17,6,3,6,f,t,t,f,13.28264948,52.44620467
213664,8,6,19,4,3,5,t,t,f,f,13.45406675,52.48249771
213663,12,7,0,2,3,1,t,t,f,f,13.33687276,52.5957473
213662,1,5,13,3,3,2,f,t,f,f,13.32938506,52.52385014
213661,1,6,12,3,3,1,f,t,f,f,13.34332239,52.53026554
213660,5,7,17,2,3,4,f,t,f,f,13.21919457,52.53717309
213659,5,7,14,3,3,2,f,t,f,f,13.20264048,52.54022241
213658,10,5,21,6,3,0,f,f,f,t,13.55046374,52.53352582
213657,4,6,11,4,3,0,f,f,f,f,13.31822847,52.50149437
213656,1,7,17,7,3,5,t,t,f,f,13.38042994,52.51813719
213655,11,6,13,3,3,5,f,t,f,f,13.47775431,52.53079973
213654,4,6,16,6,3,2,f,t,f,f,13.32615885,52.4787279
213653,4,6,9,3,3,5,f,t,f,f,13.27214918,52.50885571
213652,5,6,4,3,3,0,f,f,f,t,13.24810914,52.53511258
213651,5,6,18,7,3,2,f,t,f,f,13.20721165,52.53888049
213650,4,6,10,6,3,5,t,t,f,f,13.33108894,52.49515045
213649,4,7,15,6,2,0,f,f,f,t,13.30638565,52.50093745
213648,9,6,12,7,3,5,f,t,f,f,13.54125377,52.43535141
213647,10,5,15,3,1,6,f,f,t,f,13.60985766,52.53304456
213646,8,6,16,4,3,0,t,f,f,f,13.42761517,52.49040405
213645,3,7,15,3,3,5,f,t,f,t,13.42352503,52.55511712
213644,10,7,4,4,3,1,f,t,f,f,13.58634428,52.50174347
213643,9,6,14,5,3,2,f,t,f,t,13.52880472,52.4263676
213642,2,5,17,2,3,5,t,t,f,f,13.39646482,52.49146899
213641,1,6,10,5,3,3,t,t,f,f,13.39091128,52.52793191
213640,9,6,10,5,3,5,t,f,f,f,13.50878991,52.45226927
213639,1,6,16,3,3,1,t,t,f,f,13.39876195,52.52569773
213638,4,6,19,1,3,3,f,t,f,t,13.30485943,52.51805119
213637,12,6,7,4,2,5,t,t,f,f,13.2922957,52.59055003
213636,10,6,17,4,3,2,f,t,f,f,13.56006222,52.52950312
213635,3,6,15,2,3,6,f,t,t,f,13.4355541,52.55651181
213634,7,7,9,2,3,5,t,f,f,f,13.36313682,52.47618131
213633,4,6,23,7,3,5,f,t,f,f,13.32535225,52.50260861
213632,1,6,23,4,2,5,f,t,f,f,13.38413583,52.55604281
213631,4,7,6,5,2,5,f,t,f,f,13.29674188,52.54812406
213630,1,6,13,6,3,6,f,f,t,t,13.41789463,52.51465943
213629,4,6,14,2,3,2,f,t,f,f,13.29127181,52.49712746
213628,5,5,15,2,3,1,f,t,f,f,13.18902864,52.54665592
213627,7,6,15,6,2,5,t,t,f,f,13.41375924,52.45957812
213626,6,6,8,6,2,5,t,t,f,f,13.23003583,52.43388857
213625,5,6,15,3,3,2,f,t,f,f,13.19949502,52.53480218
213624,2,6,19,6,2,4,f,t,f,f,13.42466177,52.49979274
213623,2,6,20,2,3,5,t,t,f,f,13.44227926,52.50089493
213622,1,5,0,5,2,6,f,f,t,f,13.38536419,52.53840541
213621,11,6,10,4,3,5,t,t,f,f,13.51116894,52.49804545
213620,1,7,20,7,3,0,t,t,f,f,13.41293619,52.52357219
213619,4,5,16,2,2,9,f,f,f,t,13.27710326,52.50192424
213618,2,6,20,3,3,4,t,t,f,f,13.43326964,52.49890092
213617,1,7,12,3,2,6,t,f,t,f,13.32979136,52.52567807
213616,2,7,16,6,3,0,f,f,f,t,13.39575911,52.48895271
213615,3,6,14,2,3,5,t,f,f,f,13.46044016,52.52326641
213614,1,6,19,5,3,0,f,f,f,t,13.41024148,52.5239921
213613,10,6,15,6,3,5,t,t,f,f,13.58565862,52.52364928
213612,7,6,23,5,3,0,t,t,f,f,13.36800934,52.48507305
213611,7,6,10,2,3,5,t,t,f,f,13.3907008,52.41994554
213610,4,6,15,3,3,2,f,t,f,t,13.27984163,52.47591382
213609,12,6,3,1,3,8,f,t,f,f,13.32207991,52.56047922
213608,1,6,6,7,3,8,f,t,f,f,13.42629676,52.5056962
213607,2,7,19,7,3,5,t,t,f,f,13.43130064,52.4932616
213606,7,6,7,4,3,1,t,t,f,f,13.39248045,52.46459425
213605,7,6,13,6,3,2,f,t,f,f,13.37197178,52.49245082
213604,1,6,11,4,3,2,t,t,f,f,13.38295815,52.53064412
213603,2,5,16,2,3,2,f,t,f,f,13.39820827,52.50698877
213602,8,6,7,4,3,5,f,t,f,t,13.42719343,52.47520192
213601,10,7,8,2,3,5,t,f,f,f,13.60113996,52.47923633
213600,6,7,16,4,3,1,t,t,f,f,13.29757682,52.44291674
213599,1,6,19,4,3,0,t,t,f,f,13.33220149,52.54141272
213598,8,5,17,7,3,0,f,t,f,t,13.43649307,52.48358862
213597,11,6,16,5,3,0,t,f,f,f,13.49699121,52.50069712
213596,9,6,7,4,3,3,f,t,f,f,13.48474651,52.46366027
213595,1,7,22,6,2,2,f,t,f,f,13.39400351,52.54095188
213594,6,6,11,3,3,5,t,t,f,f,13.24394729,52.44596591
213593,4,6,21,1,3,2,f,f,f,f,13.32581411,52.50937193
213592,3,6,6,3,2,1,t,t,f,f,13.42039875,52.53845776
213591,3,6,0,4,3,8,f,t,f,f,13.43939377,52.54776192
213590,1,6,17,2,3,5,t,t,f,f,13.39211076,52.508763
213589,5,6,13,1,3,2,f,t,f,f,13.23156849,52.52773251
213588,8,7,23,1,3,5,f,t,f,t,13.45453071,52.47441979
213587,2,6,17,7,3,5,f,t,f,f,13.42377729,52.49045936
213586,6,6,12,1,3,5,t,t,f,f,13.28060869,52.43607239
213585,7,5,13,4,3,6,f,t,t,f,13.37571048,52.45580459
213584,6,6,14,4,3,2,f,t,f,f,13.34682901,52.43542671
213583,3,7,18,3,3,1,t,t,f,f,13.44741567,52.54737289
213582,6,7,15,5,3,0,f,f,f,f,13.33549066,52.45145696
213581,2,6,8,5,3,5,t,t,f,f,13.37403685,52.50374279
213580,2,5,18,1,3,5,t,t,f,f,13.44755048,52.51320359
213579,11,6,18,5,3,2,f,t,f,f,13.47577179,52.53285904
213578,10,6,13,5,3,5,f,t,f,t,13.56274473,52.49923487
213577,1,6,10,3,3,2,f,t,f,t,13.40685742,52.51859623
213576,11,6,19,6,3,1,f,t,f,f,13.49337931,52.54139519
213575,7,6,20,2,3,5,t,f,f,f,13.3728328,52.4447236
213574,1,5,17,5,3,5,t,t,f,f,13.34434572,52.50433723
213573,9,6,16,4,2,5,t,t,f,f,13.54142501,52.43543216
213572,9,5,19,1,3,0,t,f,f,f,13.68622747,52.44239522
213571,7,6,16,2,3,1,f,t,f,f,13.34828287,52.50060724
213570,2,7,21,2,2,2,t,f,f,f,13.41882199,52.50062446
213569,4,7,1,7,3,8,f,t,f,f,13.3168624,52.47821756
213568,4,6,10,2,3,1,t,t,f,f,13.31931924,52.49805446
213567,3,6,15,6,3,6,f,t,t,f,13.45829809,52.56882063
213566,4,6,14,3,3,6,f,t,t,f,13.32011628,52.47882123
213565,7,6,8,3,2,5,t,t,f,f,13.35299053,52.49933037
213564,6,6,17,7,3,1,t,t,f,f,13.31834614,52.43383684
213563,12,6,13,1,3,5,t,t,f,f,13.22698606,52.62595268
213562,1,7,13,1,3,0,f,f,f,t,13.41665317,52.51095599
213561,2,6,17,6,3,5,f,t,f,t,13.44141104,52.5074978
213560,9,6,11,1,3,5,t,t,f,f,13.6588901,52.37365228
213559,7,5,19,4,3,6,f,t,t,f,13.34251682,52.50215625
213558,2,6,10,4,3,5,t,t,f,f,13.40538484,52.50513995
213557,1,7,14,3,3,5,t,t,f,f,13.32794118,52.54128576
213556,3,7,12,4,3,2,f,t,f,f,13.45565165,52.59301212
213555,10,6,12,5,3,3,t,f,f,f,13.63990633,52.52738687
213554,4,5,21,1,3,3,f,t,f,t,13.29320931,52.53459197
213553,12,6,10,5,3,8,f,t,f,f,13.3666356,52.61850883
213552,9,6,17,4,3,5,t,t,f,f,13.5822876,52.43745201
213551,4,6,8,3,3,1,t,t,f,f,13.26525017,52.51374225
213550,1,6,18,7,3,2,t,f,f,f,13.41370882,52.52011266
213549,11,6,17,1,3,0,t,t,f,f,13.48589579,52.54864629
213548,6,6,14,3,3,0,f,f,f,t,13.31978879,52.43013768
213547,1,6,17,4,2,5,t,t,f,f,13.33782375,52.52547538
213546,4,6,14,2,3,2,f,t,f,f,13.30979544,52.50658023
213545,9,7,20,2,3,8,f,t,f,f,13.61965447,52.45575549
213544,8,6,19,4,2,2,f,t,f,t,13.42978788,52.47020462
213543,1,7,14,5,3,3,t,t,f,f,13.39013585,52.55525813
213542,10,7,16,5,3,5,f,t,f,f,13.55023195,52.54286661
213541,6,6,10,5,3,2,f,t,f,f,13.34623604,52.44964978
213540,4,6,18,5,3,0,f,t,f,t,13.31987114,52.46880644
213539,5,6,15,5,3,3,f,t,f,f,13.20095283,52.54154215
213538,7,6,17,2,3,1,t,t,f,f,13.32456428,52.4692576
213537,2,5,8,2,3,5,t,t,f,f,13.46302727,52.49951459
213536,1,6,16,6,3,6,f,t,t,f,13.36039301,52.54844813
213535,4,6,19,6,3,5,t,t,f,f,13.28766504,52.49606524
213534,1,6,18,3,3,5,t,f,f,t,13.40900881,52.52829707
213533,9,6,19,6,3,5,t,t,f,f,13.538636,52.43453173
213532,2,6,13,1,3,3,f,t,f,t,13.38363383,52.49379541
213531,3,5,7,6,2,5,t,t,f,f,13.46682482,52.61498553
213530,11,6,15,4,3,5,t,t,f,f,13.50591869,52.50892787
213529,11,7,15,7,3,5,t,t,f,f,13.50567758,52.48451682
213528,5,5,16,3,3,5,f,t,f,f,13.19317405,52.53592858
213527,12,6,9,3,3,1,t,t,f,f,13.29273805,52.59064
213526,4,7,14,3,3,2,f,t,f,f,13.31912697,52.49961743
213525,6,7,10,7,2,5,f,t,f,t,13.34176307,52.41601767
213524,1,6,13,2,3,2,f,t,f,f,13.39328164,52.5644887
213523,9,6,11,6,3,2,f,t,f,f,13.57248928,52.45130826
213522,7,6,18,5,3,5,t,f,f,t,13.37703862,52.47682876
213521,7,6,14,2,3,5,f,t,f,t,13.3822569,52.44671642
213520,6,6,12,3,2,5,t,t,f,f,13.18051041,52.41897553
213519,1,6,23,7,3,6,f,t,t,f,13.40077449,52.52104215
213518,1,6,12,7,3,0,t,f,f,f,13.39452601,52.51928335
213517,2,7,11,7,3,6,f,t,t,f,13.45279326,52.52672189
213516,3,6,17,4,3,9,f,f,f,t,13.47394637,52.60359465
213515,2,6,23,6,3,1,t,t,f,f,13.39298511,52.50686844
213514,10,5,9,4,3,5,f,t,f,f,13.5975008,52.50233583
213513,1,6,14,4,3,1,t,t,f,f,13.38046017,52.55158132
213512,9,7,12,2,2,1,f,t,f,f,13.50571254,52.46487978
213511,6,7,19,4,3,5,f,t,f,f,13.35734363,52.44852626
213510,4,6,13,4,2,0,t,f,f,f,13.30693027,52.49876811
213509,11,5,13,7,3,5,t,t,f,f,13.51960553,52.48739454
213508,12,6,11,5,3,9,t,f,f,f,13.34450438,52.58927215
213507,9,6,15,4,3,5,t,t,f,f,13.65692603,52.41522238
213506,11,6,17,4,3,5,t,t,f,f,13.49855805,52.5383354
213505,12,6,13,7,3,5,t,t,f,f,13.31040389,52.56795655
213504,6,6,8,4,3,6,f,t,t,f,13.33891305,52.45486186
213503,1,6,16,3,3,5,t,t,f,f,13.37985141,52.54017943
213502,6,6,8,2,3,5,f,t,f,t,13.26293992,52.43909267
213501,4,6,20,1,3,1,t,t,f,f,13.32801588,52.50671034
213500,4,7,12,1,3,1,f,t,f,f,13.33671626,52.49791055
213499,10,6,17,1,3,5,t,t,f,f,13.57292606,52.56691648
213498,8,7,20,5,2,5,t,t,f,f,13.43755412,52.48121991
213497,3,7,21,4,3,6,t,f,t,f,13.43121258,52.55207586
213496,11,7,8,4,3,2,f,t,f,f,13.50345091,52.56276246
213495,10,6,13,5,3,9,f,t,f,f,13.54864172,52.52790169
213494,3,6,13,5,2,5,t,f,f,f,13.42058021,52.54869434
213493,1,5,18,1,3,5,t,t,f,f,13.37931132,52.50703435
213492,2,6,9,6,3,0,t,t,f,f,13.3769224,52.49154327
213491,6,6,15,5,3,2,f,t,f,f,13.32306314,52.45642441
213490,9,6,18,3,3,6,f,f,t,f,13.50066346,52.43974635
213489,2,6,10,6,2,3,f,t,f,t,13.38562376,52.48495389
213488,4,6,15,2,3,5,f,t,f,t,13.30379988,52.52566472
213487,3,5,19,5,3,5,t,t,f,f,13.45360357,52.59177447
213486,3,6,17,4,3,3,t,f,f,f,13.40363553,52.54041164
213485,1,5,21,1,3,0,t,f,f,f,13.39853537,52.53255269
213484,8,6,11,2,3,2,f,t,f,f,13.4331664,52.42233641
213483,11,7,7,2,2,5,f,t,f,t,13.54010619,52.56530093
213482,2,6,17,5,3,3,t,t,f,f,13.39736962,52.4911294
213481,7,7,17,6,3,5,f,t,f,f,13.39401481,52.41107282
213480,1,7,14,6,3,2,t,t,f,f,13.38536581,52.51664751
213479,2,6,7,5,3,1,f,t,f,f,13.43239626,52.51638864
213478,3,6,20,2,3,3,f,t,f,t,13.41195586,52.53103937
213477,5,5,13,2,3,5,t,t,f,f,13.18581116,52.53422854
213476,7,6,15,6,3,6,t,f,t,f,13.39678094,52.38014105
213475,9,6,13,6,2,0,t,f,f,f,13.61643664,52.44686905
213474,12,7,11,6,2,5,f,t,f,t,13.31620097,52.58670209
213473,5,6,5,4,3,0,f,f,f,t,13.20741115,52.543573
213472,5,6,13,6,3,5,t,t,f,f,13.21355735,52.53858648
213471,2,6,12,2,3,1,t,t,f,f,13.46085422,52.51660855
213470,4,5,5,6,3,0,f,f,f,f,13.33215875,52.50599205
213469,7,6,14,4,3,0,f,t,f,t,13.38325844,52.43102058
213468,1,7,11,1,3,6,f,t,t,f,13.36825892,52.52403261
213467,7,5,15,3,3,5,t,t,f,f,13.34246907,52.48254788
213466,1,6,20,3,3,2,t,f,f,f,13.35016375,52.51372051
213465,5,7,15,2,3,2,f,t,f,f,13.20984904,52.55088529
213464,3,7,7,3,3,5,t,t,f,f,13.48329949,52.6118894
213463,1,7,17,7,3,2,t,t,f,f,13.41000453,52.52400309
213462,1,6,15,3,2,5,t,t,f,f,13.39026412,52.50768405
213461,6,6,8,6,2,5,t,t,f,f,13.13179774,52.39168848
213460,6,6,11,4,2,0,t,t,f,f,13.34770231,52.45066413
213459,1,7,0,6,3,5,f,t,f,f,13.38646211,52.54947218
213458,4,7,15,6,3,2,f,t,f,f,13.29433812,52.53436415
213457,1,6,12,5,3,0,t,t,f,f,13.40303526,52.52754859
213456,4,6,2,5,2,9,f,f,f,t,13.30776176,52.48858939
213455,2,6,17,2,3,1,t,t,f,f,13.43056676,52.51122329
213454,1,5,13,2,3,2,f,t,f,t,13.34317334,52.53068591
213453,8,6,17,6,3,5,f,t,f,f,13.48999914,52.42009612
213452,7,6,16,6,2,0,f,t,f,t,13.37825977,52.4670939
213451,3,6,7,4,3,5,t,t,f,f,13.43147359,52.5344167
213450,10,5,7,6,3,5,t,t,f,f,13.57454373,52.51312005
213449,1,6,18,4,3,5,t,t,f,f,13.41667332,52.51947206
213448,5,7,13,1,3,2,f,t,f,f,13.21019364,52.54870089
213447,5,5,19,3,2,5,f,t,f,f,13.18280761,52.51280983
213446,4,6,12,3,3,1,t,f,f,f,13.31525824,52.47202416
213445,11,7,14,3,3,5,t,t,f,f,13.5128257,52.57032917
213444,8,7,13,6,3,5,f,t,f,f,13.44778447,52.47112672
213443,12,6,16,2,3,5,t,t,f,f,13.29030402,52.63343475
213442,11,6,18,6,3,0,f,f,f,t,13.49381638,52.56499332
213441,3,6,10,3,3,5,f,t,f,f,13.42731274,52.55240952
213440,5,6,13,3,3,0,f,t,f,t,13.19967032,52.53456443
213439,8,6,10,7,2,5,f,t,f,f,13.4431971,52.48224644
213438,8,6,19,7,3,0,t,f,f,f,13.44628555,52.48636705
213437,2,7,10,7,3,5,t,f,f,f,13.43581197,52.51929385
213436,6,6,16,6,3,5,t,t,f,f,13.31056699,52.46702147
213435,6,6,12,2,3,2,f,t,f,f,13.26292219,52.43906971
213434,11,5,14,4,3,5,t,t,f,f,13.51323192,52.53948708
213433,4,6,12,4,3,5,t,t,f,f,13.3110799,52.50649399
213432,1,7,6,2,3,5,f,t,f,f,13.36030423,52.53727956
213431,1,7,11,4,2,6,f,t,t,f,13.39312992,52.56439834
213430,2,6,12,4,3,5,t,f,f,f,13.43063474,52.51110572
213429,11,5,15,7,3,1,t,t,f,f,13.49521456,52.54432712
213428,8,6,16,5,3,4,f,t,f,f,13.42406092,52.46353729
213427,7,6,8,4,3,5,t,f,f,f,13.36119418,52.49442354
213426,8,6,10,3,3,5,f,t,f,f,13.41287115,52.42124926
213425,9,6,15,7,3,5,t,t,f,f,13.50774,52.47487986
213424,5,6,6,3,2,3,f,t,f,t,13.26965696,52.53655834
213423,10,6,14,4,2,6,f,t,t,f,13.588903,52.53775007
213422,3,6,13,2,3,5,t,f,f,f,13.42757047,52.56063715
213421,1,6,18,1,3,5,f,t,f,f,13.39028855,52.50859326
213420,11,7,1,1,2,0,t,f,f,f,13.47810921,52.50653756
213419,6,6,14,7,3,1,f,t,f,f,13.25929636,52.43929388
213418,8,7,17,5,3,2,f,t,f,f,13.45911941,52.42242904
213417,2,7,17,5,3,3,t,f,f,f,13.3769905,52.48503105
213416,8,6,10,5,3,2,f,t,f,f,13.4351366,52.4840709
213415,2,6,7,2,3,0,t,f,f,f,13.43658125,52.52347676
213414,3,5,18,1,2,5,f,t,f,t,13.42612443,52.60762676
213413,8,6,12,6,3,1,t,t,f,f,13.42892616,52.48616205
213412,8,6,17,4,3,2,t,t,f,f,13.47007405,52.43496462
213411,3,6,9,3,3,6,f,t,t,f,13.49669624,52.63463496
213410,5,6,20,2,3,5,f,t,f,f,13.20652522,52.56015303
213409,9,6,20,2,3,5,t,f,f,f,13.63684702,52.45072482
213408,1,5,16,5,2,0,f,t,f,f,13.33368118,52.56075361
213407,1,6,17,4,3,0,t,t,f,f,13.40381896,52.52601889
213406,8,5,14,2,3,5,t,f,f,f,13.44010467,52.47373977
213405,1,6,15,2,3,0,t,f,t,f,13.39383211,52.5545088
213404,4,7,16,2,3,5,t,f,f,f,13.33277375,52.50639306
213403,5,7,19,6,3,5,f,t,f,t,13.17807024,52.54875064
213402,8,7,20,6,3,1,t,t,f,f,13.43885295,52.48038713
213401,7,6,10,6,3,5,f,t,f,f,13.40682393,52.39376926
213400,9,6,1,5,2,0,t,f,f,f,13.52723437,52.4377344
213399,6,6,13,2,2,0,t,f,f,f,13.30047192,52.4209194
213398,2,5,8,2,3,5,t,t,f,f,13.4754569,52.51191282
213397,3,6,13,6,3,6,f,f,t,f,13.42380328,52.55394929
213396,9,6,13,6,3,5,t,t,f,f,13.54496879,52.43676992
213395,4,7,7,6,3,5,t,t,f,f,13.28776287,52.48088847
213394,1,6,7,4,2,5,f,t,f,t,13.41201316,52.51586411
213393,10,6,12,6,2,6,f,f,t,f,13.51933205,52.5287794
213392,6,5,19,6,3,0,t,f,t,f,13.35625139,52.42871435
213391,10,6,6,5,3,5,t,t,f,f,13.55805194,52.52969099
213390,9,7,3,1,2,9,f,t,f,f,13.48013714,52.45987137
213389,2,5,7,3,3,5,t,f,f,f,13.43092164,52.51280238
213388,1,6,15,3,3,5,f,t,f,f,13.39036254,52.50766857
213387,2,7,18,2,3,5,t,f,f,f,13.45071869,52.52712195
213386,1,7,10,3,3,1,f,t,f,f,13.32767732,52.52489325
213385,5,5,6,6,3,6,f,t,t,f,13.19380612,52.53366821
213384,7,6,14,4,3,2,t,t,f,f,13.34490174,52.48208997
213383,4,7,13,7,2,0,t,f,f,f,13.3065051,52.52894163
213382,4,6,21,2,2,5,f,t,f,f,13.29750069,52.53457557
213381,5,6,15,6,2,6,f,f,t,t,13.20557031,52.54155041
213380,10,6,13,3,3,6,f,t,t,f,13.57877297,52.56399546
213379,1,6,10,3,3,1,t,t,f,f,13.33471072,52.52463867
213378,8,6,0,1,3,5,f,t,f,f,13.43645994,52.4669612
213377,2,6,16,6,3,2,t,t,f,f,13.39496757,52.49351379
213376,8,7,11,7,3,5,f,t,f,f,13.45442324,52.45292808
213375,1,6,16,7,3,1,t,t,f,f,13.33136958,52.54137262
213374,1,5,11,4,3,2,f,t,f,f,13.35206825,52.50528038
213373,12,6,20,3,3,5,t,t,f,f,13.32618424,52.59170733
213372,1,7,13,3,3,0,f,t,f,t,13.34331664,52.526553
213371,5,7,9,4,3,2,f,t,f,f,13.19285484,52.5209992
213370,1,6,10,5,2,5,f,t,f,t,13.31955532,52.52835903
213369,9,5,14,1,3,5,f,t,f,f,13.53818109,52.39990461
213368,1,6,17,5,2,5,t,f,f,t,13.34950375,52.50847426
213367,10,6,20,5,2,5,f,f,f,t,13.61755004,52.52035193
213366,7,6,9,3,3,0,f,f,f,t,13.36410382,52.48825891
213365,5,6,23,7,3,0,f,f,f,f,13.19397825,52.54579822
213364,12,6,15,3,3,1,t,t,f,f,13.35349291,52.56244805
213363,1,6,16,3,3,5,t,f,f,f,13.33033437,52.52717074
213362,6,6,20,2,3,5,f,t,f,f,13.35158698,52.44019466
213361,1,7,20,1,3,5,f,t,f,f,13.35912639,52.54633133
213360,8,6,14,7,3,2,f,t,f,f,13.44159414,52.47040995
213359,9,6,10,2,1,5,t,t,f,f,13.69277359,52.4561311
213358,4,6,8,3,3,5,t,t,f,f,13.3246034,52.49875662
213357,6,6,18,1,3,6,f,t,t,f,13.25799978,52.4129801
213356,2,6,14,6,3,6,f,f,t,t,13.41595955,52.49512194
213355,6,7,17,6,3,2,f,t,f,f,13.3388309,52.44889183
213354,1,6,16,7,3,5,t,t,f,f,13.42778861,52.50764593
213353,12,5,16,4,3,0,f,f,f,t,13.30167298,52.63297147
213352,10,6,20,3,3,5,t,t,f,f,13.59146242,52.5230897
213351,7,7,15,3,3,2,f,t,f,f,13.39901116,52.44373464
213350,1,7,8,4,3,5,t,t,f,f,13.36601702,52.55348304
213349,7,6,11,4,3,5,t,f,f,f,13.37025766,52.49279647
213348,3,5,16,7,3,3,t,f,f,f,13.41120968,52.53053652
213347,5,6,10,5,3,3,f,t,f,f,13.25894007,52.53733143
213346,2,6,21,4,3,5,f,t,f,f,13.40055002,52.49048181
213345,8,6,5,4,3,2,f,t,f,f,13.42769778,52.47423233
213344,11,6,16,7,3,2,f,t,f,f,13.46946011,52.53162511
213343,11,6,15,3,2,2,f,t,f,f,13.47261446,52.53217252
213342,8,6,16,4,2,5,f,t,f,f,13.445302,52.47922686
213341,7,6,18,2,2,5,f,t,f,t,13.34321083,52.4740395
213340,2,7,16,1,2,6,t,f,t,f,13.47288925,52.51222598
213339,11,6,17,1,3,0,t,f,f,f,13.52797371,52.55710226
213338,1,6,19,4,3,2,t,t,f,f,13.34144396,52.52553911
213337,12,7,18,4,3,1,t,t,f,f,13.23358423,52.56877999
213336,6,6,8,5,3,2,f,t,f,t,13.34653319,52.43078973
213335,6,5,9,1,2,0,t,f,f,f,13.22676124,52.43958865
213334,7,6,11,6,3,5,f,t,f,f,13.37701623,52.40826642
213333,5,6,21,5,3,1,f,t,f,f,13.24084212,52.53892025
213332,1,6,17,3,3,5,t,t,f,f,13.41776262,52.50660173
213331,4,6,8,2,3,2,f,t,f,t,13.3236426,52.49359709
213330,2,5,8,5,3,6,t,f,t,f,13.41039792,52.50319932
213329,4,6,16,4,3,0,t,t,f,f,13.27189328,52.51001573
213328,7,5,17,1,3,0,t,t,f,f,13.32146861,52.47158817
213327,3,6,22,2,3,2,f,t,f,t,13.46562515,52.55213791
213326,1,7,15,2,3,5,t,t,f,f,13.35152147,52.5095628
213325,4,7,20,6,2,0,f,f,f,f,13.30642559,52.51780439
213324,1,7,21,6,3,0,f,f,f,f,13.35339181,52.53392373
213323,6,6,15,5,3,6,f,t,t,f,13.28429728,52.44649216
213322,7,6,8,5,3,6,f,f,t,f,13.38325324,52.45011454
213321,1,6,15,2,3,3,f,t,f,t,13.36414616,52.52795632
213320,7,5,14,2,3,5,t,t,f,f,13.4116278,52.43902953
213319,7,6,22,6,3,1,f,t,f,f,13.34814739,52.46417421
213318,4,6,14,6,3,5,t,t,f,f,13.33029357,52.49652432
213317,4,7,11,6,3,0,t,f,f,f,13.25543277,52.51470653
213316,10,6,16,4,3,5,t,t,f,f,13.59618543,52.53640607
213315,6,6,19,6,3,0,t,t,f,f,13.3441494,52.43125676
213314,2,5,17,6,3,5,t,t,f,f,13.44371963,52.52528387
213313,5,6,7,5,3,0,f,f,f,t,13.18230132,52.53827456
213312,8,7,4,1,3,5,f,t,f,f,13.42409611,52.48645743
213311,4,5,15,3,3,1,t,t,f,f,13.29839522,52.51349393
213310,7,6,10,3,2,6,f,t,t,f,13.39270536,52.39832161
213309,9,7,12,2,3,5,t,t,f,f,13.56937183,52.45282712
213308,3,7,17,3,3,5,f,t,f,f,13.44146031,52.53198468
213307,6,5,10,7,3,5,t,t,f,f,13.14775091,52.41821767
213306,9,6,13,5,3,0,t,f,f,f,13.48014761,52.44408137
213305,4,6,12,4,3,5,f,t,f,t,13.31798223,52.50900114
213304,2,7,22,7,3,6,f,f,t,t,13.44569065,52.50178679
213303,12,6,10,3,3,5,f,t,f,f,13.31542218,52.57793167
213302,7,6,23,6,3,3,t,t,f,f,13.34525636,52.49172774
213301,6,6,7,3,3,3,t,f,f,f,13.26743409,52.40859371
213300,9,6,21,3,3,0,f,t,f,t,13.57882219,52.45240543
213299,3,6,11,1,3,5,f,t,f,t,13.44677255,52.55049008
213298,1,6,18,2,3,0,t,t,f,f,13.36802477,52.52616354
213297,1,7,20,1,3,1,f,t,f,f,13.40264659,52.52394136
213296,5,6,13,7,3,2,f,t,f,f,13.20985243,52.55039644
213295,12,5,15,4,3,0,f,t,f,f,13.36231132,52.56777517
213294,9,6,17,4,3,5,t,t,f,f,13.51316648,52.44760107
213293,7,7,18,3,2,1,t,t,f,f,13.38521176,52.4560232
213292,9,7,17,4,3,5,t,t,f,f,13.50070065,52.43513224
213291,2,6,16,5,2,0,t,t,f,f,13.39144993,52.50677167
213290,9,6,12,2,3,5,t,t,f,f,13.58606978,52.46754207
213289,3,5,12,2,2,5,t,f,f,f,13.41059962,52.58214775
213288,1,6,20,5,3,2,f,t,f,f,13.41987425,52.51487543
213287,3,6,15,4,3,2,f,t,f,f,13.39549406,52.56573816
213286,6,6,8,3,3,6,f,t,t,f,13.18862346,52.42098258
213285,5,6,8,1,2,0,t,f,f,f,13.20794476,52.55927382
213284,10,6,7,4,3,5,f,t,f,f,13.63319203,52.52284173
213283,4,6,18,4,3,5,t,t,f,f,13.2736134,52.49102201
213282,1,6,15,2,3,1,t,t,f,f,13.38738014,52.56007668
213281,7,7,16,2,3,5,f,t,f,f,13.39676755,52.44723782
213280,1,6,18,7,3,1,f,t,f,t,13.37115167,52.55867766
213279,9,7,11,5,3,5,t,t,f,f,13.58660359,52.44093804
213278,1,7,19,5,2,0,t,f,f,f,13.37275734,52.52749608
213277,3,6,15,6,1,8,f,f,f,t,13.47509666,52.58423905
213276,8,6,14,2,3,6,f,t,t,f,13.43189977,52.46650536
213275,6,6,9,3,3,5,t,t,f,f,13.30959771,52.43141454
213274,1,6,11,6,3,5,f,t,f,t,13.39805043,52.51038943
213273,3,6,17,6,2,6,f,t,t,f,13.42185218,52.57968283
213272,9,6,11,3,3,5,f,t,f,f,13.55262499,52.43068183
213271,1,6,15,6,3,5,f,t,f,t,13.36432032,52.50334677
213270,4,6,15,2,3,5,f,t,f,f,13.33706328,52.49593448
213269,1,5,7,5,2,5,t,t,f,f,13.40433817,52.5331663
213268,11,6,17,4,3,0,t,t,f,f,13.47139509,52.52629002
213267,4,7,15,1,3,5,t,t,f,f,13.26457594,52.51477036
213266,5,5,11,2,3,9,t,t,f,f,13.21157741,52.52726775
213265,2,6,22,3,3,0,t,f,f,f,13.37169288,52.4850599
213264,5,7,6,3,2,5,f,t,f,t,13.1777126,52.51692878
213263,3,7,8,5,3,5,t,t,f,f,13.43393865,52.60849005
213262,9,6,7,2,3,5,f,f,f,f,13.47871741,52.47757503
213261,5,6,17,6,2,0,t,f,f,f,13.1783071,52.50954512
213260,8,6,17,5,3,5,f,t,f,f,13.4798474,52.42565329
213259,11,6,13,2,3,0,t,f,f,t,13.50090352,52.48328248
213258,11,6,12,3,3,2,f,t,f,f,13.51501393,52.56687498
213257,12,6,9,7,3,3,t,t,f,f,13.36328853,52.58077275
213256,2,6,9,7,3,2,f,t,f,f,13.40200925,52.49018841
213255,11,7,13,6,3,5,f,f,f,f,13.49171229,52.52653867
213254,6,7,10,5,3,2,f,t,f,f,13.33941105,52.45995213
213253,1,7,17,5,3,2,f,t,f,f,13.35151752,52.50957516
213252,9,6,12,5,3,5,t,f,f,f,13.58182493,52.44154443
213251,4,5,16,1,2,2,f,t,f,t,13.29929466,52.47335269
213250,1,6,19,5,3,5,t,t,f,f,13.39031418,52.56287775
213249,2,6,4,6,3,5,f,t,f,f,13.45667441,52.50240292
213248,4,6,19,2,3,6,f,f,t,f,13.30607428,52.50862843
213247,7,6,12,1,2,5,f,t,f,f,13.34729669,52.47061195
213246,2,5,17,5,3,5,t,t,f,f,13.44893568,52.51135436
213245,1,6,16,4,3,5,t,t,f,f,13.39129925,52.53621812
213244,4,5,2,2,3,5,f,t,f,f,13.33096473,52.5013084
213243,1,6,12,2,2,6,f,t,t,f,13.34338344,52.53195002
213242,10,7,17,2,3,5,t,t,f,f,13.56579111,52.52920433
213241,11,7,16,6,3,6,t,f,t,f,13.47765291,52.51463178
213240,11,6,16,5,3,0,f,f,f,t,13.50689966,52.57741525
213239,4,6,16,5,3,2,f,t,f,f,13.32065012,52.47877426
213238,6,6,18,2,3,0,t,f,f,f,13.26052867,52.42667164
213237,5,5,8,2,3,5,f,t,f,f,13.20699174,52.52911777
213236,3,6,15,6,2,0,t,t,f,f,13.38955444,52.57424117
213235,12,6,22,7,3,1,f,t,f,f,13.32688652,52.60870041
213234,1,7,22,6,3,6,f,t,t,f,13.37437943,52.54370155
213233,6,6,12,3,2,5,f,t,f,f,13.3389217,52.45494905
213232,2,6,16,6,3,2,f,t,f,f,13.41120318,52.50349715
213231,2,7,20,1,3,3,t,f,f,f,13.41848368,52.49930404
213230,1,5,17,3,3,0,f,f,f,t,13.37600605,52.52849671
213229,2,6,19,3,3,5,f,t,f,t,13.40114398,52.50583665
213228,7,7,11,3,3,2,f,t,f,f,13.34613553,52.49895221
213227,9,7,11,3,3,5,t,t,f,f,13.62386619,52.454087
213226,1,6,7,4,3,0,t,t,f,f,13.37934109,52.5402552
213225,2,5,15,7,3,5,t,t,f,f,13.43288352,52.51782807
213224,7,6,9,5,3,2,f,f,f,t,13.33273554,52.46919727
213223,9,6,15,4,3,1,f,t,f,f,13.57811603,52.40162813
213222,4,7,23,7,3,2,f,t,t,t,13.29621777,52.49793955
213221,6,6,12,2,3,6,f,t,t,f,13.34232966,52.44688995
213220,11,6,12,6,3,5,f,t,f,f,13.51149302,52.5043449
213219,7,6,10,3,3,2,f,t,f,f,13.37929885,52.43772593
213218,5,6,5,4,3,5,t,f,f,f,13.24756604,52.52452349
213217,8,6,21,7,3,2,f,t,f,f,13.46379811,52.47059837
213216,11,6,10,2,3,5,f,t,f,f,13.50054683,52.56141258
213215,5,7,11,1,3,5,f,t,f,t,13.20745158,52.53873208
213214,6,6,14,1,3,5,t,f,f,t,13.2448107,52.44039785
213213,7,5,9,3,3,6,t,f,t,f,13.34028582,52.48946942
213212,4,7,15,5,3,6,f,t,t,f,13.31705255,52.50302175
213211,7,7,14,3,2,0,f,f,f,t,13.39715956,52.42375921
213210,8,7,11,5,3,2,f,t,f,f,13.43621004,52.45544031
213209,4,6,15,2,3,5,f,t,f,t,13.31529802,52.51473385
213208,4,6,7,5,3,5,t,t,f,f,13.30436304,52.48840912
213207,8,5,22,1,2,5,f,t,f,t,13.42893608,52.48658315
213206,9,6,7,6,3,1,f,t,f,f,13.52171643,52.45278408
213205,10,6,8,5,3,1,t,t,f,f,13.55533454,52.52306373
213204,7,6,16,3,3,5,t,t,f,f,13.40030224,52.43628626
213203,4,6,7,2,3,5,t,t,f,f,13.29968798,52.47332868
213202,1,5,16,5,3,4,f,t,f,f,13.35807588,52.55188309
213201,4,6,20,4,2,5,t,t,f,f,13.32374494,52.4938158
213200,8,5,22,1,3,0,f,f,f,f,13.44248081,52.46980043
213199,5,6,11,2,2,3,t,t,f,f,13.22055687,52.53094217
213198,6,7,10,2,3,2,f,t,f,t,13.36686243,52.43549356
213197,2,6,10,5,3,0,f,t,f,t,13.41461057,52.50024234
213196,9,7,17,6,3,5,f,t,f,f,13.55329167,52.43400685
213195,2,7,14,6,3,5,t,t,f,f,13.45285332,52.51240857
213194,5,6,20,5,3,2,f,t,f,f,13.19682618,52.51318749
213193,5,6,19,5,2,6,f,t,t,f,13.21154038,52.5755786
213192,9,6,21,2,3,5,t,t,f,f,13.48145724,52.46079634
213191,7,5,11,2,3,6,f,t,t,f,13.37951932,52.46581267
213190,3,6,12,6,3,5,t,t,f,f,13.37300851,52.58885993
213189,1,6,19,6,3,0,t,f,f,f,13.35500986,52.54408957
213188,9,6,16,4,3,2,t,t,f,f,13.5139075,52.46476232
213187,10,6,12,2,3,2,t,f,f,f,13.59181232,52.52921859
213186,1,5,7,6,3,1,t,t,f,f,13.3333528,52.54444365
213185,5,6,14,4,3,2,f,t,f,t,13.15357735,52.53287669
213184,3,7,4,1,3,5,f,t,f,f,13.44635138,52.54496083
213183,10,5,10,3,3,0,f,f,f,f,13.57541666,52.5472435
213182,6,6,23,3,3,5,f,t,f,f,13.26550993,52.442206
213181,1,7,15,3,3,6,f,f,t,f,13.41086963,52.52212819
213180,2,7,11,7,3,6,t,f,t,f,13.41711247,52.48774119
213179,3,6,16,2,3,1,t,t,f,f,13.44458513,52.53922221
213178,6,6,7,6,3,5,t,t,f,f,13.21657722,52.43188765
213177,4,6,23,2,3,2,f,t,f,f,13.33245696,52.50623681
213176,12,6,10,3,3,6,f,f,t,f,13.2872199,52.59005812
213175,6,6,13,7,3,2,t,t,f,f,13.23238925,52.43774852
213174,1,6,19,7,3,0,t,f,f,f,13.35680151,52.5392575
213173,3,7,13,6,3,1,t,t,f,f,13.41084381,52.53964563
213172,2,6,15,5,3,0,t,t,f,f,13.43194599,52.5151466
213171,1,6,20,6,3,5,t,t,f,f,13.35627997,52.54321089
213170,11,5,8,4,3,0,f,t,f,f,13.47866244,52.50286742
213169,6,6,8,4,3,0,f,f,f,t,13.22920927,52.42481173
213168,2,7,17,2,2,5,t,t,f,f,13.40185437,52.50610225
213167,10,7,6,4,2,0,t,f,f,f,13.53335591,52.52571119
213166,1,6,19,4,3,2,f,t,f,f,13.3890992,52.55013141
213165,5,5,15,7,2,5,f,t,f,f,13.26115961,52.54390986
213164,12,6,15,5,2,2,f,t,f,t,13.33015455,52.56962079
213163,1,6,15,4,3,0,f,f,f,t,13.38477698,52.53103948
213162,7,6,2,3,3,0,f,f,f,f,13.35983378,52.49945622
213161,4,6,11,7,3,2,t,t,f,f,13.33216781,52.50600134
213160,4,6,16,3,3,5,t,t,f,f,13.31524397,52.51480011
213159,6,6,16,4,3,2,f,t,f,f,13.35313817,52.44913553
213158,2,6,13,2,3,6,f,t,t,f,13.37324497,52.50350994
213157,12,6,17,1,3,5,t,t,f,f,13.31632361,52.61419074
213156,1,7,11,1,2,2,f,t,f,t,13.41544175,52.52111679
213155,12,6,20,7,3,6,t,f,t,f,13.31766705,52.57079047
213154,4,7,14,5,3,5,t,t,f,f,13.2981257,52.51938711
213153,4,7,9,4,3,3,t,f,f,f,13.32359725,52.4914937
213152,2,7,20,5,3,1,t,t,f,f,13.43793327,52.5060652
213151,10,6,7,5,3,5,f,t,f,f,13.5321828,52.55569635
213150,4,6,15,4,3,2,f,t,f,f,13.33931995,52.50301316
213149,7,6,14,6,2,5,t,t,f,f,13.37987751,52.45595448
213148,4,6,8,2,3,1,f,t,f,f,13.28205204,52.47978892
213147,7,6,12,4,3,5,t,t,f,f,13.34933147,52.48830236
213146,7,5,13,3,3,2,f,t,f,t,13.34490316,52.48942338
213145,4,6,20,3,3,2,f,t,f,t,13.33183798,52.5040013
213144,8,7,17,2,3,2,f,t,f,f,13.45960827,52.46296876
213143,1,7,9,4,3,3,f,t,f,f,13.34580385,52.51627322
213142,9,6,19,4,3,2,f,t,f,f,13.51716017,52.46173795
213141,4,5,9,7,3,0,f,t,f,f,13.29524603,52.49774229
213140,1,6,13,5,3,5,t,t,f,f,13.37358884,52.52075254
213139,7,6,9,4,3,5,t,t,f,f,13.39028065,52.39872624
213138,3,6,7,3,3,5,f,t,f,f,13.39838677,52.59244467
213137,1,6,12,5,3,5,f,t,f,t,13.33433218,52.55737212
213136,9,6,20,7,2,1,f,t,f,f,13.47659713,52.46013996
213135,8,6,16,3,3,5,f,t,f,f,13.49011944,52.41999488
213134,7,6,12,4,2,5,t,t,f,f,13.34488309,52.48898337
213133,1,6,17,2,2,5,t,t,f,f,13.34303901,52.52621082
213132,4,6,14,7,3,0,f,f,f,t,13.24862947,52.52423174
213131,8,7,12,7,2,2,f,t,f,t,13.40527125,52.42778942
213130,8,6,16,1,3,1,f,t,f,f,13.43714387,52.43954844
213129,4,5,16,3,3,3,f,t,f,f,13.31776045,52.49959046
213128,2,7,15,5,3,0,t,f,f,f,13.44449271,52.49974709
213127,4,7,21,4,3,1,t,t,f,f,13.25291912,52.51586169
213126,3,7,19,4,3,5,t,f,f,t,13.46196405,52.5588927
213125,3,6,22,2,2,0,t,f,f,f,13.41414798,52.54271038
213124,3,6,8,5,3,3,t,t,f,f,13.40823985,52.55148161
213123,9,5,16,2,3,8,f,f,f,t,13.62434165,52.44693932
213122,7,6,14,5,3,1,t,t,f,f,13.34094969,52.48869811
213121,12,6,13,5,2,1,f,t,f,f,13.22900917,52.58523184
213120,5,6,8,3,3,2,f,t,f,t,13.26722356,52.53144807
213119,8,6,17,2,3,2,t,f,f,f,13.45553784,52.47401834
213118,1,6,17,2,3,2,t,t,f,f,13.34954409,52.52448571
213117,9,5,21,5,2,5,f,t,f,f,13.48129175,52.46082534
213116,1,6,17,4,3,3,t,f,f,f,13.34756552,52.52059513
213115,7,5,15,1,3,1,f,t,f,f,13.37081012,52.45918162
213114,9,6,17,3,3,6,t,f,t,f,13.58650459,52.45147729
213113,12,7,23,2,2,5,f,t,f,f,13.32179065,52.56055976
213112,12,7,16,6,3,2,f,t,f,f,13.31506992,52.5764031
213111,1,7,19,6,3,3,f,t,f,f,13.38352807,52.55609081
213110,1,6,19,5,3,1,t,t,f,f,13.3442906,52.55103007
213109,9,6,21,5,3,5,t,t,f,f,13.53276384,52.41672944
213108,1,6,18,2,3,2,f,t,f,t,13.33867022,52.54325868
213107,7,5,14,2,3,0,f,t,f,t,13.40004461,52.45852201
213106,2,6,19,6,3,5,t,t,f,f,13.45617287,52.50986175
213105,1,6,15,6,3,1,t,f,f,f,13.39424572,52.54574272
213104,5,6,7,4,3,5,f,t,f,f,13.18615192,52.53424093
213103,4,6,14,6,3,2,f,t,f,f,13.29275651,52.47004362
213102,6,5,8,6,3,5,t,t,f,f,13.33759947,52.46017032
213101,12,6,13,4,3,2,f,t,f,f,13.35701299,52.56916308
213100,3,7,13,1,3,5,t,t,f,f,13.41338974,52.54869286
213099,11,5,18,3,3,3,f,t,f,t,13.52717211,52.48779055
213098,2,6,8,3,3,5,f,t,f,f,13.39455945,52.49169773
213097,9,7,8,2,2,2,f,t,f,f,13.50376005,52.46078464
213096,12,7,10,3,3,6,f,t,t,f,13.29571134,52.5970252
213095,1,7,16,7,2,2,t,t,f,f,13.39711341,52.54621093
213094,5,6,14,2,3,5,f,t,f,f,13.19186369,52.56755635
213093,7,6,12,6,3,5,t,t,f,f,13.34376695,52.47115633
213092,10,6,18,3,3,5,f,t,f,f,13.6062217,52.52456934
213091,12,6,11,3,3,5,f,t,f,f,13.29208427,52.59056625
213090,10,6,14,7,3,6,f,t,t,f,13.59216749,52.54640161
213089,4,6,12,6,3,2,f,t,f,f,13.33575273,52.51364823
213088,4,7,11,7,3,5,f,t,f,f,13.272397,52.51867727
213087,7,6,17,6,3,5,f,t,f,t,13.34886422,52.45901535
213086,12,5,17,4,3,5,f,t,f,f,13.33549867,52.56520695
213085,6,6,16,4,3,2,f,t,f,f,13.35460864,52.42950364
213084,3,7,16,3,2,5,t,t,f,f,13.44263339,52.55112034
213083,6,7,8,4,3,5,f,t,f,f,13.27752943,52.46124449
213082,3,6,17,4,3,5,t,t,f,f,13.46547446,52.5234104
213081,3,6,16,2,3,6,f,t,t,f,13.48974989,52.61727467
213080,8,5,13,6,3,6,f,t,t,f,13.42535477,52.49327742
213079,3,6,10,5,3,5,t,t,f,f,13.41019042,52.52987877
213078,8,6,17,4,2,0,t,f,f,f,13.41581278,52.48059624
213077,1,6,9,4,3,6,f,t,t,f,13.42195378,52.50504575
213076,1,6,17,7,3,1,t,t,f,f,13.33631844,52.52672281
213075,12,6,17,3,3,2,f,t,f,f,13.34195916,52.58853648
213074,1,6,16,4,3,1,t,t,f,f,13.37554795,52.54329224
213073,11,6,17,2,3,6,t,f,t,f,13.49779572,52.54686237
213072,4,6,3,1,2,0,t,f,f,f,13.28311918,52.49760488
213071,4,7,9,1,3,5,f,t,f,f,13.3309096,52.4873787
213070,8,6,13,7,3,3,t,f,f,f,13.45579152,52.47399688
213069,1,7,9,5,3,5,t,t,f,f,13.37697703,52.51077499
213068,4,7,17,5,3,5,f,t,f,t,13.31851149,52.49745237
213067,3,6,13,5,3,5,t,f,f,f,13.47870447,52.60735544
213066,6,6,7,5,3,6,f,t,t,f,13.34247577,52.44699303
213065,11,5,19,1,3,1,t,t,f,f,13.49040122,52.49855279
213064,4,6,13,6,3,5,f,t,f,f,13.29987935,52.5097593
213063,9,6,12,5,3,5,t,f,f,f,13.57763263,52.44405808
213062,12,6,10,3,3,2,f,t,f,t,13.22903487,52.62555333
213061,3,6,8,2,3,1,t,t,f,f,13.43113532,52.54430124
213060,7,5,15,5,3,5,f,t,f,f,13.40321333,52.46343017
213059,5,6,18,4,3,1,f,t,f,t,13.2177585,52.54785307
213058,1,5,16,2,3,5,t,f,f,t,13.34708046,52.52022426
213057,7,6,22,2,3,1,f,t,f,f,13.34617324,52.49806183
213056,2,7,20,2,2,6,f,t,t,f,13.45071356,52.50167943
213055,9,7,6,6,3,6,f,f,t,f,13.57545698,52.44445752
213054,10,7,22,6,3,5,f,t,f,f,13.53719405,52.53448497
213053,10,6,9,6,2,0,f,t,f,f,13.6124259,52.53841215
213052,4,6,17,5,3,6,f,t,t,f,13.32312275,52.51127188
213051,3,6,14,2,3,6,t,f,t,f,13.45834253,52.54999247
213050,5,5,18,2,3,0,f,t,f,f,13.20040778,52.53658882
213049,6,6,12,6,3,1,f,t,f,f,13.33012399,52.45530807
213048,2,6,15,6,3,2,f,t,f,f,13.45329133,52.51580921
213047,3,7,19,6,3,5,t,t,f,f,13.42755351,52.5530249
213046,7,6,8,4,3,5,f,t,f,f,13.40678035,52.39376836
213045,1,6,14,6,3,5,f,t,f,t,13.36310662,52.54873964
213044,6,5,14,1,2,5,t,t,f,f,13.2938923,52.4455306
213043,7,6,8,6,3,6,f,t,t,f,13.39170073,52.44551173
213042,12,6,18,5,3,6,f,t,t,f,13.28104859,52.57568335
213041,1,6,9,3,3,5,f,t,f,f,13.3771303,52.53880287
213040,8,6,17,2,3,0,t,f,f,f,13.43489293,52.45060398
213039,6,6,19,2,3,1,t,t,f,f,13.34458881,52.43272515
213038,1,5,18,5,3,0,f,f,f,t,13.36384235,52.52475021
213037,5,6,15,4,3,5,t,t,f,f,13.22002376,52.53702745
213036,11,5,18,1,2,2,f,t,t,t,13.50387663,52.5741821
213035,11,6,16,2,3,2,f,t,f,f,13.47476259,52.52297228
213034,7,7,11,2,2,5,f,t,f,f,13.39002203,52.43434986
213033,10,7,8,6,3,5,f,t,f,f,13.59624564,52.51925332
213032,1,7,8,6,3,5,t,t,f,f,13.38720966,52.55986408
213031,1,6,18,5,3,0,t,f,f,f,13.32652295,52.54221562
213030,12,6,10,2,3,2,f,t,f,f,13.32961709,52.60198878
213029,5,5,14,2,3,5,t,f,f,t,13.2016721,52.54851234
213028,10,6,19,6,3,0,f,f,f,f,13.60665038,52.53448488
213027,12,6,13,6,3,5,f,t,f,t,13.29153573,52.60717042
213026,9,7,19,6,3,2,f,t,f,f,13.49378322,52.46086246
213025,6,6,18,3,3,1,t,t,f,f,13.20883736,52.43581864
213024,6,6,7,6,3,2,f,t,f,f,13.27324795,52.40977689
213023,1,5,13,6,3,0,t,t,f,f,13.32744758,52.5275169
213022,4,6,12,4,3,2,f,t,f,f,13.31364456,52.50472516
213021,8,7,10,1,3,0,f,f,f,t,13.48312469,52.42566887
213020,8,5,6,3,3,5,f,t,f,f,13.44041937,52.41760973
213019,1,6,13,3,3,5,f,t,f,f,13.39516458,52.51724576
213018,10,7,16,2,3,6,f,t,t,f,13.56344378,52.49807944
213017,4,7,15,3,3,5,t,t,f,f,13.31503146,52.51464968
213016,8,5,11,6,3,1,f,t,f,f,13.43693732,52.48169336
213015,2,6,8,5,3,6,f,f,t,f,13.42387934,52.48831452
213014,7,7,19,7,3,5,f,t,f,t,13.40678369,52.39376843
213013,3,6,15,2,3,2,f,f,f,t,13.4161513,52.57230719
213012,7,6,16,6,2,5,t,t,f,f,13.37532173,52.45551174
213011,10,6,11,3,2,5,t,t,f,f,13.55953489,52.47776554
213010,8,6,14,3,3,6,f,f,t,t,13.43492776,52.48121148
213009,7,6,16,2,3,5,t,t,f,f,13.37498516,52.43710343
213008,3,6,9,6,3,5,f,t,f,t,13.47472511,52.60433261
213007,8,7,6,7,3,4,f,t,f,f,13.47033889,52.43514426
213006,4,6,17,7,3,1,t,t,f,f,13.31842877,52.47172213
213005,11,5,8,3,3,9,f,f,f,t,13.49095205,52.50138474
213004,12,6,13,4,3,2,f,t,f,f,13.30428095,52.60105664
213003,12,7,8,3,3,2,t,t,f,f,13.27442376,52.59881627
213002,11,7,4,4,3,5,f,t,f,t,13.49774434,52.53602655
213001,8,6,23,4,3,1,t,t,f,f,13.42809006,52.48117957
213000,5,6,17,2,3,5,f,t,f,t,13.15043308,52.55395548
212999,11,5,17,6,3,5,f,t,f,f,13.49174349,52.53410308
212998,7,6,13,5,3,2,t,t,f,f,13.33735788,52.47338002
212997,9,6,17,5,3,5,t,t,f,f,13.55146034,52.42866594
212996,12,6,8,3,3,0,t,t,f,f,13.3778788,52.56405434
212995,8,6,14,1,3,5,t,t,f,f,13.43559345,52.46686614
212994,4,6,18,3,3,5,t,t,f,f,13.31651076,52.49946602
212993,6,6,15,4,3,2,f,t,f,f,13.35947442,52.44776917
212992,12,6,9,2,3,5,f,t,f,f,13.29020148,52.65583623
212991,3,7,1,1,3,5,f,t,f,t,13.50623847,52.63756191
212990,6,6,10,1,3,5,f,f,f,t,13.19095739,52.43357514
212989,2,7,19,5,2,3,t,f,f,f,13.44580365,52.50187462
212988,1,7,13,5,3,5,t,t,f,f,13.39114469,52.53621086
212987,1,6,7,5,3,2,f,t,f,t,13.37680701,52.55363466
212986,1,5,6,2,3,1,f,f,f,f,13.33545034,52.54794704
212985,12,6,20,5,3,0,f,t,f,f,13.35205237,52.56763535
212984,1,6,18,6,3,3,t,t,f,t,13.38116246,52.51106314
212983,3,6,11,2,3,0,f,t,f,f,13.45767156,52.52890654
212982,8,6,8,2,3,5,t,f,f,f,13.45847328,52.47267801
212981,10,5,14,5,3,5,f,t,f,f,13.55271056,52.50746582
212980,9,6,17,4,3,5,f,t,f,f,13.48114581,52.46080039
212979,1,5,18,2,3,1,f,f,f,t,13.35081122,52.50440649
212978,7,6,7,2,3,5,f,t,f,f,13.37810829,52.46635798
212977,4,7,11,2,3,9,f,f,f,f,13.24460577,52.52414072
212976,1,7,21,5,3,2,f,t,f,f,13.40580945,52.52953936
212975,1,6,9,6,3,5,f,t,f,f,13.37744215,52.52215224
212974,1,6,15,5,3,5,f,t,f,f,13.3498683,52.50303773
212973,6,6,17,2,2,5,f,t,f,f,13.30316357,52.42912341
212972,8,5,9,2,3,2,t,t,f,f,13.42541665,52.47968887
212971,4,6,13,6,3,5,f,t,f,f,13.27982376,52.52115289
212970,8,6,15,7,3,6,f,t,t,f,13.43346382,52.4822194
212969,2,7,15,6,3,2,f,t,f,f,13.38786036,52.49991489
212968,8,6,14,3,3,5,t,t,f,f,13.4540695,52.48249756
212967,2,6,19,6,3,1,t,t,f,f,13.4371142,52.49316115
212966,1,5,8,6,3,5,t,t,f,f,13.38895845,52.51562282
212965,12,6,16,4,3,5,f,t,f,f,13.28390453,52.57871543
212964,5,7,20,7,3,2,f,t,f,f,13.1620342,52.52021096
212963,1,5,17,3,3,2,f,t,f,f,13.37795228,52.55653782
212962,5,6,14,3,3,2,f,t,f,f,13.20271608,52.55545639
212961,9,7,8,2,3,0,t,f,f,f,13.53937873,52.45085182
212960,3,7,12,3,3,0,t,f,f,f,13.44053536,52.55376966
212959,8,5,10,7,3,6,f,f,t,f,13.49441548,52.42116937
212958,11,6,9,5,2,5,f,t,f,f,13.49629237,52.50016932
212957,7,6,14,4,3,5,f,t,f,t,13.39290211,52.46686116
212956,4,7,9,7,3,0,f,t,f,t,13.30205679,52.5077849
212955,8,6,16,2,3,5,f,t,f,t,13.48351149,52.43122275
212954,3,6,14,6,3,5,t,t,f,f,13.37092513,52.59069029
212953,5,6,19,3,3,2,f,t,f,f,13.15132709,52.55378613
212952,4,6,18,3,3,5,t,t,f,f,13.29751507,52.5394494
212951,1,6,17,7,3,0,t,f,f,f,13.34668473,52.54022427
212950,8,6,17,2,3,2,f,t,f,f,13.42422908,52.45235421
212949,10,7,12,7,2,5,f,t,f,t,13.53810733,52.53448144
212948,7,6,14,7,3,3,f,t,f,t,13.39157077,52.39870029
212947,7,5,19,4,2,0,f,t,f,t,13.37778703,52.46544155
212946,12,6,17,4,3,1,f,t,t,f,13.36373728,52.59707942
212945,8,7,22,3,3,2,f,t,f,t,13.42416282,52.48574816
212944,3,7,20,4,3,7,f,f,f,t,13.45462609,52.55056052
212943,1,6,12,5,3,2,f,t,f,f,13.33219357,52.54029019
212942,1,5,12,1,3,0,t,f,f,f,13.37937725,52.54020404
212941,5,6,17,5,3,3,f,t,f,f,13.18356638,52.51387221
212940,3,6,17,5,3,3,f,t,f,f,13.41381884,52.56669892
212939,12,5,18,6,3,5,f,t,f,f,13.35224146,52.61712987
212938,1,6,13,5,2,0,f,t,f,t,13.38764415,52.5604059
212937,8,7,15,2,3,3,f,f,f,f,13.43502579,52.42725684
212936,9,5,8,3,3,5,f,t,f,f,13.51425372,52.44646539
212935,5,6,16,3,3,6,f,t,t,f,13.2561799,52.53756326
212934,12,7,12,2,3,1,t,t,f,f,13.31474843,52.57462777
212933,1,7,18,3,2,0,t,f,f,f,13.35141622,52.51539461
212932,1,5,12,6,3,5,f,t,f,f,13.3936793,52.54113182
212931,10,6,12,5,3,0,f,t,f,f,13.5696517,52.54079767
212930,4,7,21,7,2,5,f,t,t,f,13.28110295,52.53526434
212929,3,6,10,2,2,1,t,t,f,f,13.49369502,52.63273243
212928,8,6,11,6,3,5,t,t,f,f,13.43338898,52.46404189
212927,1,6,15,2,3,5,t,t,f,f,13.39107632,52.53624623
212926,2,6,12,3,2,0,t,f,f,f,13.38642941,52.49302631
212925,8,6,10,7,3,0,f,t,f,f,13.49657848,52.41575935
212924,3,6,5,7,2,5,f,t,f,f,13.43043924,52.55124267
212923,6,7,14,6,2,5,t,f,f,f,13.36060828,52.44669695
212922,3,6,17,7,3,2,f,t,f,f,13.41489034,52.55355194
212921,11,5,20,4,3,0,f,f,f,f,13.48240596,52.51895871
212920,5,6,15,4,3,2,f,t,f,f,13.20923737,52.5521874
212919,2,7,23,3,3,0,t,f,f,f,13.45829449,52.50938742
212918,11,7,13,4,3,0,f,f,f,t,13.47682489,52.52298276
212917,4,6,11,4,3,2,t,f,f,f,13.31393962,52.50083013
212916,8,5,11,6,3,1,t,t,f,f,13.43697835,52.48531922
212915,12,6,16,5,3,2,f,t,f,f,13.32490804,52.6022869
212914,2,6,10,5,3,0,t,f,f,f,13.39608667,52.49837971
212913,4,6,19,3,3,5,f,f,f,t,13.30086138,52.47389943
212912,1,6,11,6,3,6,f,f,t,f,13.40044683,52.52215155
212911,2,6,18,7,2,8,f,t,f,f,13.37673987,52.49146928
212910,3,6,13,1,3,5,f,t,f,f,13.40964065,52.53359567
212909,1,6,3,4,3,3,f,t,f,f,13.34087142,52.51980493
212908,8,6,17,4,2,5,f,f,f,t,13.44810157,52.43696382
212907,3,6,20,2,3,0,t,f,f,f,13.42093371,52.53340371
212906,5,7,12,7,3,2,f,t,f,f,13.21763994,52.53770637
212905,1,6,7,7,3,5,f,t,f,f,13.4159282,52.52704483
212904,4,7,10,5,3,5,f,t,f,f,13.33108841,52.49539907
212903,8,7,14,5,3,2,f,t,f,t,13.46661825,52.42688315
212902,5,6,18,5,2,2,t,t,f,f,13.1835079,52.51198933
212901,8,5,19,2,3,0,f,t,f,t,13.45016362,52.47673183
212900,9,6,18,5,3,4,f,t,f,f,13.58627511,52.39393989
212899,3,6,15,6,3,5,t,t,f,f,13.41381744,52.58293581
212898,1,6,10,3,3,5,f,t,f,f,13.34899989,52.51476969
212897,7,6,18,2,3,5,t,t,f,f,13.32395663,52.4715713
212896,3,5,10,5,3,5,t,t,f,f,13.42887497,52.55140366
212895,3,6,9,4,3,2,f,t,f,t,13.38102976,52.57430915
212894,1,7,19,7,3,5,f,t,f,t,13.40963452,52.52400079
212893,1,5,18,1,3,6,f,t,t,f,13.34543392,52.52990551
212892,9,6,14,3,3,5,f,t,f,f,13.52974055,52.42249272
212891,5,7,7,3,3,3,t,t,f,f,13.16288748,52.4652126
212890,2,7,15,5,3,5,t,f,f,f,13.41026413,52.50302975
212889,10,6,14,2,3,5,t,f,f,f,13.53285445,52.55555187
212888,8,6,7,6,3,6,f,t,t,f,13.49624783,52.41561056
212887,6,6,21,5,2,0,f,f,f,f,13.34553411,52.43644516
212886,5,6,17,2,3,6,f,f,t,f,13.15996257,52.51604909
212885,10,6,18,3,2,1,f,t,f,f,13.56368181,52.52925869
212884,1,6,13,6,3,1,t,t,f,f,13.40710852,52.51146943
212883,1,6,22,7,3,2,f,f,f,f,13.3563315,52.54481489
212882,1,7,22,6,3,5,t,t,f,f,13.38833032,52.55007173
212881,8,6,9,4,3,5,t,t,f,f,13.43797604,52.48799967
212880,12,6,14,6,2,3,t,f,f,f,13.27212927,52.57671114
212879,7,6,12,4,2,5,f,t,f,f,13.40120577,52.41460989
212878,4,5,23,3,3,5,f,t,f,f,13.30660375,52.5181216
212877,2,6,14,4,3,6,f,f,t,f,13.44038667,52.51632081
212876,5,7,14,2,3,5,f,t,f,f,13.24637471,52.5374488
212875,8,7,10,4,3,2,f,t,f,f,13.43316089,52.44402167
212874,1,6,18,4,3,1,t,t,f,f,13.35620656,52.54203969
212873,7,5,17,7,3,5,f,t,f,f,13.37307092,52.45209924
212872,6,6,15,5,3,0,f,f,f,f,13.3453102,52.43670146
212871,1,6,21,4,3,5,t,t,f,f,13.37931467,52.54053173
212870,1,7,10,7,3,1,t,t,f,f,13.39953167,52.53179965
212869,7,6,0,4,3,6,f,f,t,t,13.38451364,52.47157128
212868,1,6,23,7,3,5,t,t,f,f,13.38043481,52.51810961
212867,10,6,8,4,3,5,f,t,f,f,13.54505562,52.55353157
212866,6,6,7,4,3,5,t,f,f,t,13.27405786,52.41856
212865,10,6,7,2,3,6,f,t,t,f,13.58739331,52.53931007
212864,3,6,13,1,3,5,t,t,f,f,13.45737761,52.55829199
212863,3,7,20,1,2,5,t,t,f,f,13.43532693,52.56283432
212862,1,6,23,7,3,5,f,f,f,f,13.4013665,52.52958651
212861,2,5,12,3,3,1,t,t,f,f,13.41699242,52.50192274
212860,8,6,12,4,3,2,f,t,f,f,13.50334271,52.41172678
212859,1,7,15,3,3,3,f,t,f,f,13.38633731,52.54933885
212858,2,7,2,5,3,5,t,t,f,f,13.4180237,52.49882261
212857,9,6,15,5,3,5,f,t,f,f,13.58355941,52.45160411
212856,3,5,20,1,3,0,t,t,f,f,13.40363906,52.55163362
212855,4,6,17,5,3,5,t,t,f,f,13.30463482,52.51734632
212854,5,6,12,5,3,6,t,f,t,f,13.15276265,52.54989718
212853,3,6,10,3,3,3,f,t,f,f,13.4669836,52.54857705
212852,1,6,22,1,3,2,f,t,f,f,13.42453739,52.51337327
212851,12,5,16,5,3,2,f,t,f,f,13.33934311,52.60975221
212850,4,6,18,4,2,5,f,t,f,t,13.27039022,52.54859976
212849,5,5,21,1,3,5,f,t,f,f,13.22583903,52.5551293
212848,8,6,17,2,3,2,t,t,f,f,13.43647707,52.49078281
212847,1,7,23,3,2,5,f,t,f,t,13.38130594,52.55228697
212846,1,6,14,5,3,0,t,f,f,f,13.37056108,52.49986925
212845,1,7,16,6,2,5,t,t,f,f,13.39373257,52.52861105
212844,2,7,8,4,3,5,t,t,f,f,13.42217462,52.49299491
212843,1,7,15,6,3,5,f,t,f,t,13.33926308,52.52583583
212842,12,6,13,6,3,3,f,t,f,f,13.33064852,52.56263304
212841,5,6,13,5,3,5,f,t,f,f,13.21308097,52.53043255
212840,4,6,23,2,2,1,f,t,f,t,13.29590491,52.49564708
212839,7,5,17,2,3,1,t,t,f,f,13.36464534,52.44857237
212838,2,6,17,6,3,5,f,t,f,t,13.38022501,52.498736
212837,1,6,18,5,3,1,t,t,f,f,13.33700257,52.52845533
212836,10,6,22,3,3,0,t,f,f,f,13.59115105,52.48977995
212835,7,6,7,6,3,0,f,f,f,t,13.3925983,52.39685351
212834,5,5,15,6,3,6,t,f,t,f,13.20127985,52.51216331
212833,1,6,11,4,3,1,t,t,f,f,13.40867279,52.52425976
212832,7,7,19,1,2,5,f,t,f,f,13.37827167,52.46701617
212831,7,5,14,3,3,5,f,t,f,t,13.40303183,52.48332436
212830,4,6,9,3,3,6,t,f,t,f,13.2950803,52.53962096
212829,8,7,15,3,3,0,f,f,f,f,13.43558193,52.48090502
212828,3,6,23,3,3,2,f,t,f,f,13.46227853,52.55885087
212827,6,6,9,7,3,1,f,t,f,t,13.21581136,52.43767418
212826,2,6,0,3,3,5,f,t,f,f,13.40363212,52.50329016
212825,6,6,21,4,3,1,f,t,f,f,13.32087744,52.41739636
212824,1,6,14,2,3,6,f,t,t,f,13.34337575,52.53193911
212823,4,7,19,2,3,0,t,t,f,f,13.33613723,52.49146592
212822,1,6,10,7,3,0,t,f,f,f,13.39855136,52.53255365
212821,4,6,18,4,3,3,f,t,f,f,13.28506918,52.51286235
212820,6,7,16,5,3,0,f,f,f,t,13.27345688,52.40984642
212819,10,6,15,6,2,6,f,t,t,f,13.60900337,52.5007862
212818,12,6,17,2,3,0,f,f,f,t,13.34027487,52.58813056
212817,2,5,11,2,3,6,f,t,t,f,13.46366014,52.51076192
212816,3,6,15,6,2,1,t,t,f,f,13.40789042,52.5731905
212815,9,6,19,6,3,5,f,t,f,f,13.54654618,52.42636389
212814,9,6,9,3,3,1,f,t,f,t,13.54152525,52.43724121
212813,8,6,20,6,3,6,f,t,t,f,13.43618874,52.46221252
212812,1,6,23,1,2,0,f,f,f,f,13.37918939,52.55301076
212811,4,6,9,2,3,5,t,t,f,f,13.30172981,52.50973842
212810,1,5,14,5,3,0,t,t,f,f,13.33908457,52.55392855
212809,5,6,15,4,3,5,t,t,f,f,13.19572262,52.52958254
212808,5,7,11,1,3,0,f,f,f,t,13.16996177,52.51855871
212807,3,5,12,2,3,5,t,t,f,f,13.4226102,52.54458336
212806,9,6,15,3,3,5,t,t,f,f,13.58463426,52.46624037
212805,1,7,8,3,3,0,f,t,f,f,13.35245771,52.53345249
212804,9,7,15,6,3,5,t,t,f,f,13.51168132,52.44535002
212803,12,6,11,2,3,0,t,f,f,f,13.31369125,52.58577029
212802,1,6,18,6,3,0,f,t,t,f,13.41817253,52.51237556
212801,7,6,19,5,2,1,t,t,f,f,13.34966485,52.49042914
212800,2,6,19,3,3,3,f,t,f,t,13.40287352,52.49397791
212799,1,6,6,3,3,0,f,t,f,f,13.38643133,52.55892201
212798,12,6,17,1,2,5,f,t,f,f,13.22924629,52.57327696
212797,4,6,17,7,3,2,f,t,f,f,13.32632986,52.50264807
212796,3,7,10,6,3,5,t,t,f,f,13.40055034,52.58041342
212795,9,6,16,4,3,0,t,f,f,f,13.56769076,52.44485628
212794,10,6,14,6,3,5,f,t,f,f,13.53967248,52.53981117
212793,9,6,10,2,3,6,f,t,t,f,13.48881132,52.46413198
212792,9,5,7,4,2,0,t,f,f,f,13.56889955,52.39823869
212791,3,6,10,4,3,6,f,t,t,f,13.43059025,52.61053879
212790,7,7,18,2,3,5,f,t,f,t,13.40106155,52.41457017
212789,4,7,14,4,2,5,t,t,f,f,13.27239675,52.51867731
212788,2,6,13,4,3,5,f,t,f,f,13.39942972,52.49828786
212787,6,5,15,7,3,5,t,f,f,f,13.26354984,52.41659856
212786,6,6,13,5,3,5,t,t,f,f,13.17595798,52.41956308
212785,5,6,15,4,3,5,t,f,f,f,13.20576871,52.54172416
212784,9,6,6,4,3,1,f,t,f,t,13.58998416,52.40876616
212783,3,6,11,7,3,0,f,t,f,f,13.42145687,52.57541653
212782,11,6,5,4,2,5,f,t,f,t,13.51348098,52.5511464
212781,9,6,11,4,3,5,t,t,f,f,13.6248062,52.45161939
212780,6,6,8,2,3,1,f,t,f,f,13.31077355,52.43260032
212779,7,6,21,7,3,1,t,f,f,f,13.4086649,52.40491024
212778,9,7,14,1,3,2,f,t,f,f,13.56240815,52.45679101
212777,1,6,22,7,3,1,f,t,f,f,13.36286251,52.55006428
212776,5,6,12,1,3,0,t,f,f,f,13.21101712,52.52759063
212775,5,7,18,5,3,1,t,t,f,f,13.2024357,52.53799797
212774,12,7,13,3,3,2,f,t,f,f,13.23620787,52.62093842
212773,7,7,15,5,2,5,t,t,f,f,13.33115222,52.46955985
212772,10,6,13,5,3,5,t,t,f,f,13.59255422,52.54746268
212771,8,5,16,2,3,5,t,t,f,f,13.4869648,52.42289153
212770,1,6,8,6,2,0,t,f,f,f,13.37107304,52.54574732
212769,3,6,15,5,3,2,t,t,f,f,13.44892552,52.5290177
212768,4,6,13,2,3,5,t,t,f,f,13.29120399,52.53969728
212767,7,6,16,2,3,0,t,f,f,f,13.33734708,52.47026606
212766,1,5,13,5,3,5,f,t,f,f,13.35646907,52.52556871
212765,2,6,9,4,3,3,t,f,f,f,13.39425364,52.49090563
212764,9,5,17,1,2,4,f,t,f,f,13.55405782,52.46720538
212763,8,6,17,3,3,5,t,f,f,f,13.43893109,52.48750092
212762,2,7,11,2,2,5,t,f,f,f,13.42210007,52.49904121
212761,8,6,0,4,3,5,f,t,f,f,13.43600825,52.46855093
212760,5,7,9,6,3,1,f,t,f,f,13.27147779,52.53492309
212759,10,7,15,6,3,5,t,t,f,f,13.52914869,52.52623874
212758,2,6,18,5,3,5,t,t,f,f,13.42631268,52.51592904
212757,3,6,11,5,2,0,t,f,f,f,13.43193271,52.60394839
212756,11,6,20,2,3,5,f,t,f,f,13.51894684,52.55382008
212755,3,5,9,2,3,0,t,f,f,f,13.40050491,52.54855535
212754,7,6,18,6,3,5,f,t,f,f,13.40660348,52.39376468
212753,9,6,13,6,3,0,t,f,f,f,13.54245987,52.43586366
212752,2,7,16,6,3,5,t,t,f,f,13.38635744,52.4900768
212751,3,6,7,4,3,5,t,t,f,f,13.4405205,52.56106016
212750,4,6,18,6,3,5,t,t,f,f,13.32623028,52.53805455
212749,7,5,16,6,2,0,t,f,f,t,13.39164313,52.45754437
212748,5,6,14,4,3,2,f,t,f,t,13.18239612,52.53845167
212747,7,7,15,1,3,5,t,t,f,f,13.38921707,52.46573503
212746,7,5,12,3,3,5,t,t,f,f,13.37788452,52.4658472
212745,4,6,20,3,3,5,t,t,f,f,13.33577723,52.51369279
212744,6,7,12,2,2,5,f,t,f,f,13.31197985,52.4200512
212743,1,7,19,3,3,1,f,t,f,t,13.38280491,52.51132495
212742,9,7,20,7,3,1,t,t,f,f,13.45965454,52.49436212
212741,5,6,15,3,3,2,t,t,f,f,13.20319537,52.51970055
212740,4,6,13,7,3,2,f,t,f,f,13.28104776,52.50209446
212739,9,6,7,2,3,5,t,t,f,f,13.57641159,52.45454109
212738,1,6,9,3,3,5,f,f,f,t,13.34472455,52.50648286
212737,6,6,13,7,3,6,f,t,t,f,13.31017413,52.46704286
212736,3,6,16,7,3,5,t,f,f,f,13.47704372,52.56688942
212735,2,7,15,7,3,0,f,f,f,f,13.43804739,52.50036661
212734,9,6,6,6,3,5,f,t,f,f,13.52234756,52.42842864
212733,11,6,10,2,2,2,f,t,f,t,13.48492903,52.53349278
212732,7,5,6,4,3,0,t,t,f,f,13.4065672,52.45573062
212731,9,6,14,4,3,5,t,t,f,f,13.51429606,52.44636486
212730,1,7,18,3,3,5,t,t,f,f,13.35102391,52.52438981
212729,9,7,16,3,3,5,f,t,f,f,13.59241614,52.43855095
212728,2,6,15,4,3,2,t,t,f,f,13.38940297,52.48973614
212727,3,5,18,7,3,5,t,t,f,f,13.41320634,52.5476787
212726,10,6,16,5,2,5,t,f,f,f,13.57177298,52.48272487
212725,1,6,9,4,3,4,t,f,f,f,13.39647221,52.52845391
212724,12,6,12,3,3,3,f,t,f,t,13.36270858,52.57112211
212723,4,6,13,7,3,2,f,t,f,f,13.30186244,52.48831209
212722,3,7,7,6,3,5,f,t,f,f,13.49579987,52.62604747
212721,5,6,14,2,2,5,t,t,f,f,13.2722185,52.53830015
212720,8,6,5,6,3,5,f,t,f,t,13.42902948,52.47190409
212719,4,6,14,2,2,0,f,f,f,f,13.32242527,52.4847612
212718,6,6,13,3,3,5,f,t,f,f,13.31556562,52.45875155
212717,2,6,14,7,3,5,t,t,f,f,13.4109603,52.50383454
212716,2,6,18,7,2,1,t,t,f,f,13.4563896,52.50986159
212715,1,7,19,7,3,0,t,f,f,f,13.40495247,52.53382524
212714,1,6,9,4,3,0,t,f,f,f,13.39854998,52.53255357
212713,5,6,17,7,3,6,f,t,t,f,13.21185186,52.55383154
212712,10,6,10,2,3,5,f,t,f,f,13.57186861,52.56833416
212711,4,5,8,3,3,5,f,f,f,t,13.26631433,52.51306814
212710,9,6,9,4,2,7,t,f,f,f,13.53888189,52.45921049
212709,4,7,15,2,3,2,f,t,f,f,13.26589279,52.48320769
212708,4,7,18,3,3,6,f,f,t,f,13.33052698,52.5126245
212707,12,6,20,4,3,3,f,t,f,t,13.31182347,52.57129142
212706,11,5,15,7,3,5,f,t,f,f,13.52466324,52.56484722
212705,4,6,16,5,3,2,t,t,f,f,13.29582741,52.49783254
212704,1,6,16,4,2,5,t,f,f,f,13.36132834,52.55510781
212703,8,6,20,3,2,5,t,t,f,f,13.47807555,52.44213958
212702,8,6,0,7,3,0,t,t,f,f,13.43322568,52.4849568
212701,4,6,16,3,3,2,t,t,f,f,13.31806907,52.51835518
212700,8,6,13,4,3,3,t,t,f,f,13.42617519,52.47752582
212699,7,6,9,2,3,2,f,t,f,f,13.39744604,52.44224101
212698,8,6,15,1,3,8,f,t,f,f,13.43639631,52.44883776
212697,1,7,18,1,2,0,t,f,f,f,13.40268637,52.5165389
212696,12,6,1,1,2,1,f,t,f,f,13.30743989,52.6189227
212695,11,7,15,5,2,5,f,t,f,t,13.50311322,52.55405342
212694,7,7,19,3,3,5,t,f,f,f,13.32945362,52.47157707
212693,11,7,17,5,3,2,f,t,f,f,13.47266918,52.50506265
212692,6,6,17,5,3,5,f,t,f,f,13.2337655,52.44744355
212691,4,5,10,2,3,6,f,t,t,f,13.3111582,52.53945287
212690,4,6,12,6,3,0,f,f,f,t,13.33115759,52.49626748
212689,4,6,7,5,3,2,f,t,f,f,13.31205704,52.48006827
212688,4,6,16,3,3,2,f,t,f,f,13.32608369,52.53853846
212687,8,6,23,1,3,1,t,t,f,f,13.42411529,52.48610997
212686,9,6,13,1,3,1,t,t,f,f,13.57471463,52.44596208
212685,4,5,11,5,3,8,f,t,f,f,13.24777253,52.51885898
212684,4,6,18,4,3,5,t,t,f,f,13.32717869,52.49499759
212683,6,5,13,2,2,0,t,f,f,f,13.13257757,52.42564535
212682,7,6,11,2,3,5,f,t,f,f,13.38587191,52.44557276
212681,2,7,18,2,3,5,t,t,f,f,13.38663723,52.50102562
212680,1,7,8,5,3,5,t,t,f,f,13.38875826,52.56692446
212679,5,7,9,6,2,9,f,t,f,f,13.14150231,52.5324905
212678,7,6,13,6,3,5,t,t,f,f,13.36426009,52.4939368
212677,2,6,15,5,3,2,t,t,f,f,13.41042528,52.50378274
212676,1,6,6,2,2,5,f,t,f,t,13.42198457,52.51092951
212675,8,5,16,2,3,5,t,t,f,f,13.43763267,52.47883503
212674,9,6,18,6,3,0,t,f,f,t,13.52774377,52.42441791
212673,4,6,16,6,3,2,t,t,f,f,13.33311627,52.48713837
212672,1,7,16,6,3,5,t,t,f,f,13.40308771,52.53370581
212671,3,6,7,4,2,5,t,t,f,f,13.4526956,52.53912368
212670,3,6,12,6,3,5,f,t,f,t,13.39095269,52.58387114
212669,2,5,7,6,3,5,t,t,f,f,13.42381112,52.50120648
212668,2,6,16,5,3,5,t,f,f,f,13.39967778,52.4982898
212667,1,7,18,7,3,0,t,t,f,f,13.41822379,52.51737235
212666,8,5,20,3,3,6,f,t,t,f,13.43347718,52.48221106
212665,4,6,15,3,3,2,f,t,f,f,13.28017895,52.51832127
212664,5,7,12,2,3,5,f,t,f,f,13.1982327,52.55693389
212663,1,7,12,3,3,5,f,t,f,f,13.33942085,52.55402543
212662,4,5,17,6,3,2,f,t,f,f,13.32098555,52.51299761
212661,6,6,8,4,3,5,t,t,f,f,13.31541379,52.44796567
212660,4,7,11,7,2,1,f,t,f,t,13.32229428,52.49307321
212659,8,6,13,2,3,3,t,t,f,f,13.49576017,52.43215095
212658,2,6,18,6,3,5,t,t,f,f,13.43189253,52.50566069
212657,4,6,13,3,3,3,f,t,f,f,13.33321087,52.5065644
212656,4,6,17,3,3,2,t,t,f,f,13.3211445,52.48851979
212655,7,6,11,7,3,6,t,f,t,f,13.38745584,52.46466743
212654,12,6,10,6,2,5,f,t,f,f,13.35130468,52.56744388
212653,12,7,17,7,3,5,t,t,f,f,13.28949387,52.58261381
212652,8,6,15,6,3,5,t,t,f,f,13.47387026,52.43809655
212651,11,5,18,3,3,2,f,t,f,f,13.50510644,52.53454041
212650,3,6,14,4,3,6,f,f,t,f,13.38822148,52.5887129
212649,9,7,14,3,3,5,t,f,f,f,13.57533232,52.44749739
212648,3,7,19,4,3,1,t,t,f,f,13.47144577,52.61019992
212647,10,6,0,5,2,6,f,f,t,f,13.57212477,52.56473255
212646,1,5,22,7,3,5,f,t,f,f,13.37112706,52.55869642
212645,4,6,16,5,3,2,t,t,f,f,13.29909366,52.50797638
212644,5,6,15,4,3,6,f,t,t,f,13.22572783,52.55585709
212643,3,6,17,3,3,5,t,t,f,f,13.42215708,52.55275764
212642,7,6,18,1,3,1,t,t,f,f,13.35322959,52.48094862
212641,3,6,15,3,3,5,t,t,f,f,13.4565997,52.53492002
212640,1,6,14,4,3,5,t,t,f,f,13.36041464,52.50560089
212639,2,6,9,1,3,1,t,t,f,f,13.42007677,52.50238314
212638,9,7,22,1,3,6,t,f,t,f,13.44572258,52.49392276
212637,2,6,2,7,3,5,f,t,f,f,13.4454241,52.5127416
212636,3,7,8,5,3,2,f,t,f,f,13.41432153,52.55389733
212635,11,7,15,5,3,5,t,t,f,f,13.54008318,52.56528271
212634,10,6,8,5,3,5,t,t,f,f,13.55372209,52.51925778
212633,1,5,10,2,3,5,t,t,f,f,13.36421026,52.52791622
212632,5,6,17,5,2,1,t,t,f,f,13.1958252,52.521022
212631,8,6,9,5,3,5,f,t,f,f,13.4452295,52.47917593
212630,11,6,8,3,3,5,t,t,f,f,13.48542773,52.52318829
212629,8,6,17,2,3,5,f,t,f,f,13.44993045,52.44559952
212628,7,5,8,4,3,5,f,t,f,f,13.32180647,52.47353944
212627,1,6,7,4,3,1,f,t,t,f,13.41631487,52.51705227
212626,4,5,16,2,3,5,t,t,f,f,13.30064658,52.51731417
212625,4,6,15,2,3,1,f,t,f,f,13.31503357,52.49394151
212624,10,7,12,2,3,5,t,t,f,f,13.61424107,52.53025771
212623,7,6,14,3,3,5,t,t,f,f,13.3459796,52.4972628
212622,1,6,3,4,3,9,f,t,f,f,13.34939531,52.50856752
212621,8,6,16,1,3,5,f,t,f,f,13.4986301,52.41047113
212620,2,7,13,7,3,0,t,f,f,f,13.42253229,52.48897758
212619,1,6,16,1,3,0,f,f,f,t,13.34568327,52.54487701
212618,2,7,10,5,3,2,f,t,f,f,13.37665627,52.48792127
212617,4,7,6,5,3,5,f,t,f,t,13.31962677,52.50284358
212616,3,6,3,5,3,3,f,t,f,f,13.41617742,52.55341381
212615,9,5,18,1,3,0,t,f,f,f,13.52635573,52.43742657
212614,2,6,14,6,3,0,t,t,f,f,13.45696738,52.51305327
212613,4,6,18,4,3,1,t,t,f,f,13.30312196,52.50682512
212612,2,6,18,3,3,5,t,t,f,f,13.38629605,52.49007698
212611,9,6,19,1,3,3,t,t,f,f,13.62718897,52.44662272
212610,1,5,16,4,3,2,f,t,f,f,13.41474344,52.5157677
212609,2,6,18,4,3,5,t,t,f,f,13.40522036,52.50518513
212608,5,5,0,2,2,0,f,f,f,f,13.17798138,52.55088222
212607,2,6,21,2,3,0,t,f,f,f,13.4662828,52.49698542
212606,4,7,18,2,3,5,t,t,f,f,13.3158436,52.48183187
212605,1,7,18,6,3,5,t,t,f,f,13.34320004,52.53191841
212604,2,7,16,6,3,0,f,t,f,f,13.41836284,52.49878718
212603,4,6,15,6,3,5,t,t,f,f,13.21849928,52.50887259
212602,2,6,7,5,3,5,t,f,f,f,13.47036326,52.50626213
212601,3,6,11,2,3,0,t,f,f,f,13.42771664,52.6268388
212600,8,5,18,2,3,6,t,f,t,f,13.4668563,52.46832325
212599,2,6,18,6,3,2,t,t,f,f,13.41878619,52.50141907
212598,1,6,7,6,3,5,t,f,f,f,13.3658146,52.50306466
212597,12,7,20,6,3,5,f,t,f,f,13.28432686,52.59446091
212596,5,6,8,4,2,5,t,t,f,f,13.19428118,52.54585118
212595,4,6,18,6,3,2,f,t,f,f,13.28155017,52.51277769
212594,7,5,9,6,3,5,t,t,f,f,13.32799166,52.47335713
212593,10,6,13,5,3,0,f,f,f,t,13.52436729,52.53627511
212592,7,7,1,1,3,0,f,f,f,f,13.40692121,52.39377725
212591,1,5,18,3,3,2,f,t,f,t,13.34333894,52.5285205
212590,3,6,15,3,3,0,f,f,f,t,13.40665066,52.57562125
212589,6,7,19,2,3,5,t,t,f,f,13.30981921,52.466588
212588,11,7,19,3,3,1,t,t,f,f,13.49723942,52.50480241
212587,6,5,15,1,3,1,t,t,f,f,13.35497134,52.42800112
212586,7,6,12,4,3,6,t,f,t,f,13.35008828,52.47946045
212585,7,6,12,4,3,5,f,t,f,f,13.34294603,52.47592877
212584,6,7,18,7,3,5,f,t,f,f,13.24264632,52.43373526
212583,9,6,14,3,3,5,t,t,f,f,13.52666156,52.42458864
212582,5,6,21,6,2,5,f,t,f,f,13.20942699,52.56533682
212581,4,6,18,3,3,0,t,f,f,f,13.33590669,52.5139283
212580,10,6,17,3,3,5,t,t,f,f,13.60403835,52.5396418
212579,9,6,16,7,3,0,f,t,f,f,13.55666098,52.46426141
212578,9,6,14,2,3,5,t,t,f,f,13.59028505,52.43513675
212577,3,7,1,1,3,0,t,f,f,f,13.40118022,52.54683655
212576,1,6,12,7,3,5,t,t,f,f,13.39030315,52.50859412
212575,6,5,12,4,3,2,f,t,f,t,13.30937932,52.46743268
212574,12,6,16,4,3,8,f,t,f,f,13.35926528,52.57439132
212573,6,7,13,3,3,6,f,t,t,f,13.28230488,52.42118484
212572,1,7,0,4,3,5,t,f,f,f,13.37181786,52.50927518
212571,2,6,1,5,3,0,t,f,f,f,13.39712369,52.50530785
212570,9,5,20,2,3,5,t,t,f,f,13.55328499,52.46957556
212569,2,6,19,5,3,1,t,t,f,f,13.42893076,52.49417473
212568,8,6,14,4,3,6,f,t,t,f,13.44619961,52.42839268
212567,1,6,17,3,3,9,f,f,f,f,13.34918081,52.55203426
212566,7,6,19,1,3,5,t,t,f,f,13.37088768,52.40909509
212565,10,6,14,3,3,5,f,t,f,t,13.53737366,52.54031682
212564,6,6,17,4,3,5,t,t,f,f,13.1890328,52.4190992
212563,11,6,13,2,3,0,f,f,f,t,13.48011585,52.51904606
212562,10,7,16,2,3,5,t,t,f,f,13.60215536,52.5360893
212561,6,6,12,7,3,2,f,t,f,f,13.34890585,52.456137
212560,6,7,14,5,2,0,t,f,f,t,13.29637139,52.44339469
212559,6,7,11,5,3,0,f,f,t,t,13.33673202,52.46576026
212558,3,6,15,6,3,5,t,f,f,f,13.40892954,52.57107826
212557,3,6,15,2,2,2,f,t,f,f,13.47501029,52.54974153
212556,10,6,12,2,2,2,f,t,f,f,13.56124564,52.49291911
212555,7,5,18,2,3,2,f,t,f,f,13.35663779,52.49390643
212554,4,6,11,6,3,6,f,t,t,f,13.30048862,52.51704237
212553,9,6,17,6,3,5,f,t,f,t,13.52243167,52.42838462
212552,4,6,4,3,3,0,f,t,f,t,13.31859316,52.51756786
212551,2,6,7,6,3,5,t,t,f,f,13.43103101,52.50466895
212550,4,6,16,2,3,5,f,t,f,t,13.3055033,52.49963581
212549,4,5,18,5,3,3,t,t,f,f,13.32585791,52.50569231
212548,4,6,17,4,2,5,t,t,f,f,13.31242959,52.49925077
212547,3,7,13,1,3,5,f,t,f,t,13.45756428,52.55419429
212546,7,5,20,2,3,2,t,t,f,f,13.34600962,52.47080913
212545,1,6,21,3,3,5,t,t,f,f,13.37710419,52.55622746
212544,7,7,20,3,3,1,t,t,f,f,13.35358319,52.48990201
212543,6,7,20,5,2,6,f,t,t,f,13.31728914,52.44320394
212542,7,6,14,2,3,1,t,t,f,f,13.39064449,52.40606842
212541,2,6,19,6,3,5,f,t,f,f,13.43006976,52.50354016
212540,8,6,17,5,3,1,t,t,f,f,13.44596138,52.45674716
212539,12,6,11,3,3,1,t,t,f,f,13.32920512,52.59102287
212538,4,6,15,3,2,5,t,f,f,f,13.3236426,52.49359709
212537,8,6,20,6,3,2,t,t,f,f,13.42686455,52.47593208
212536,4,6,14,7,2,5,t,t,f,f,13.2233455,52.51008395
212535,2,7,17,7,2,6,f,t,t,f,13.42715247,52.51154187
212534,2,6,7,4,3,3,f,t,f,t,13.40710849,52.49335469
212533,5,6,16,6,3,2,f,t,f,f,13.208776,52.51068602
212532,11,6,8,4,2,6,f,f,t,f,13.51191654,52.55465325
212531,5,5,17,3,3,2,f,t,f,f,13.17851647,52.51676566
212530,1,6,8,4,3,2,t,t,f,f,13.38746347,52.55270534
212529,6,7,8,2,3,0,f,f,f,t,13.31543025,52.44844252
212528,1,7,13,4,3,0,f,t,f,t,13.41712346,52.51924295
212527,11,6,13,4,2,5,f,t,f,f,13.5140004,52.53960222
212526,2,5,14,7,3,0,f,t,f,t,13.42783261,52.49879182
212525,9,6,5,5,3,5,t,t,f,f,13.51627971,52.45581727
212524,9,6,14,4,3,4,f,t,t,f,13.55237643,52.41456936
212523,1,7,1,7,3,1,t,t,f,f,13.34071167,52.52643285
212522,1,6,23,3,2,0,f,f,f,t,13.33002574,52.52269005
212521,8,6,20,7,3,1,t,t,f,f,13.43074996,52.48661132
212520,12,6,13,3,2,0,f,t,f,f,13.30807388,52.57322851
212519,4,6,12,4,2,1,t,t,f,f,13.30340474,52.5037189
212518,6,6,16,2,3,5,t,t,f,f,13.25603205,52.43582659
212517,6,6,11,1,3,5,t,f,f,f,13.35017534,52.43421626
212516,9,7,19,7,3,5,t,t,f,f,13.5563454,52.43376196
212515,4,7,10,6,3,0,t,t,f,f,13.29428158,52.49150722
212514,12,6,15,6,3,5,f,f,f,f,13.31672303,52.58686592
212513,8,6,19,5,3,5,t,f,f,f,13.447819,52.48290255
212512,9,6,16,2,3,0,t,t,f,f,13.58250689,52.4426533
212511,1,5,11,2,3,5,f,t,f,f,13.35214098,52.50553314
212510,2,6,23,6,3,1,t,t,f,f,13.39080166,52.50497834
212509,1,6,20,7,3,0,t,f,f,f,13.40243676,52.53115924
212508,2,7,6,7,3,6,f,f,t,f,13.41844256,52.50010034
212507,5,6,17,4,2,6,f,t,t,f,13.19817164,52.53282288
212506,6,6,17,6,3,5,t,t,f,f,13.30092853,52.44820855
212505,11,5,10,6,3,6,f,t,t,f,13.49067751,52.52655899
212504,4,6,9,5,3,2,t,f,f,f,13.31949738,52.48703714
212503,7,7,15,1,3,5,t,t,f,f,13.36682061,52.44967029
212502,2,5,13,2,3,5,f,t,f,f,13.40513027,52.5049852
212501,2,6,18,3,3,0,t,f,f,f,13.40529469,52.49364008
212500,2,7,9,3,2,5,f,t,f,f,13.43968236,52.51387417
212499,3,7,20,3,2,5,t,t,f,f,13.43677955,52.54873181
212498,1,5,8,7,2,0,f,f,f,t,13.36024296,52.54716307
212497,4,6,15,5,3,1,t,t,f,f,13.3058953,52.50160772
212496,9,6,13,4,3,5,t,t,f,f,13.53457089,52.43268303
212495,3,7,1,7,3,6,f,t,t,f,13.39582427,52.56595381
212494,4,6,9,2,3,5,t,t,f,f,13.3169623,52.50307346
212493,4,6,18,6,2,5,f,t,f,t,13.30445901,52.50361671
212492,4,6,8,3,3,5,f,t,f,f,13.2725432,52.51933578
212491,1,6,7,3,2,5,t,t,f,f,13.3800668,52.54053495
212490,2,6,21,1,3,1,t,t,f,f,13.42427597,52.49990015
212489,6,6,17,1,3,6,f,t,t,f,13.33229063,52.42525997
212488,3,7,16,1,2,5,f,t,f,t,13.4325621,52.55757856
212487,8,6,14,1,3,2,f,t,f,f,13.47414359,52.42570564
212486,9,6,12,1,3,5,f,t,f,f,13.53137363,52.4050958
212485,3,5,15,3,3,5,t,t,f,f,13.39741614,52.57124434
212484,8,6,11,4,3,2,f,t,f,f,13.4562225,52.47378015
212483,2,7,17,3,3,5,f,t,f,f,13.40204907,52.49256801
212482,3,7,10,4,3,2,f,t,f,f,13.44304779,52.61461622
212481,10,6,6,5,3,2,t,f,f,f,13.56157812,52.50235788
212480,5,6,16,2,3,1,f,t,f,f,13.18971754,52.52812349
212479,8,5,23,1,2,5,f,t,f,t,13.43367912,52.48192761
212478,8,6,17,5,3,6,f,f,t,t,13.4371279,52.45015274
212477,11,6,16,4,3,5,t,t,f,f,13.49784767,52.53627388
212476,5,6,17,3,3,5,t,t,f,f,13.20710563,52.55407969
212475,9,6,20,7,2,0,f,f,f,t,13.62478533,52.45145096
212474,7,5,18,5,2,0,f,t,f,f,13.3854601,52.46712334
212473,1,6,8,4,3,5,f,t,f,t,13.37851691,52.5447131
212472,5,5,16,1,3,5,f,t,f,f,13.19154325,52.5462662
212471,1,6,15,2,3,5,f,t,f,f,13.37026938,52.54467769
212470,9,7,19,2,3,5,t,t,f,f,13.52687827,52.40143353
212469,1,6,20,4,2,5,f,t,f,t,13.36829015,52.55009462
212468,5,7,7,6,3,6,t,f,t,f,13.21250181,52.57342333
212467,4,7,13,5,3,6,f,t,t,f,13.31692127,52.5011354
212466,2,6,11,6,3,5,t,t,f,f,13.37675212,52.49143154
212465,2,6,8,5,2,2,f,t,f,f,13.44689358,52.52625591
212464,9,6,16,2,3,2,f,t,f,t,13.54698437,52.43147823
212463,4,6,9,3,3,5,t,t,f,f,13.28807092,52.48816485
212462,12,6,19,6,3,5,t,t,f,f,13.29173543,52.59604427
212461,1,6,16,6,3,4,t,t,f,f,13.37886934,52.52681419
212460,11,6,16,4,3,0,t,t,f,f,13.53656968,52.58673509
212459,4,6,12,6,3,5,f,t,f,f,13.26116302,52.51791757
212458,4,6,15,2,3,0,f,t,f,t,13.30035752,52.52230096
212457,4,5,4,6,2,8,f,t,f,f,13.32685708,52.51976573
212456,4,6,12,4,3,2,f,f,f,t,13.24487984,52.51327828
212455,8,7,14,1,3,0,f,t,f,t,13.41328059,52.4393654
212454,1,5,15,3,3,5,f,t,f,f,13.35126509,52.52971526
212453,3,6,11,3,3,3,t,t,f,f,13.42481285,52.55277135
212452,3,7,19,3,3,0,t,f,f,f,13.41372312,52.54231707
212451,9,7,15,6,3,6,f,f,t,t,13.55185895,52.43929052
212450,1,6,14,2,3,1,t,t,f,f,13.38270688,52.53148547
212449,8,6,18,6,3,5,t,t,f,f,13.45583748,52.47382348
212448,12,6,20,3,3,3,f,t,f,f,13.32226245,52.6088355
212447,12,6,11,3,3,5,t,t,f,f,13.3019116,52.63560047
212446,4,6,15,1,3,3,f,t,f,t,13.30900382,52.49098734
212445,1,6,14,7,3,6,f,t,t,f,13.3451102,52.5390663
212444,6,7,19,7,2,2,t,t,f,f,13.22707605,52.42411737
212443,1,6,12,4,3,0,t,f,f,f,13.39872314,52.53257804
212442,1,6,2,6,3,9,f,f,f,t,13.41557535,52.52709936
212441,1,6,6,2,3,6,f,t,t,f,13.3961544,52.53830822
212440,4,5,16,4,3,2,f,t,f,f,13.26740725,52.52045072
212439,2,6,8,4,3,0,t,t,f,f,13.39780494,52.49528904
212438,8,7,11,2,3,2,f,t,f,f,13.4695131,52.42860031
212437,10,7,13,4,3,5,t,t,f,f,13.61390469,52.51647112
212436,4,6,8,4,3,6,f,t,t,f,13.31761878,52.47392725
212435,7,5,11,7,3,2,f,t,f,t,13.40422316,52.42739882
212434,7,6,14,5,3,6,f,f,t,t,13.35260341,52.48973214
212433,3,6,15,4,3,5,f,t,f,f,13.47946982,52.64368285
212432,9,6,18,3,3,0,t,f,f,f,13.51754941,52.44438367
212431,2,6,3,7,3,0,f,f,f,t,13.40110898,52.49313366
212430,1,6,16,3,3,5,t,t,f,f,13.36421254,52.55794966
212429,7,6,22,4,3,5,t,t,f,f,13.38968589,52.43935986
212428,4,6,8,2,3,2,f,t,f,f,13.2925879,52.53426405
212427,4,6,23,1,3,3,t,t,f,f,13.31540348,52.5010576
212426,3,7,0,1,3,1,f,f,f,t,13.42973002,52.57180584
212425,4,6,22,1,3,3,f,t,f,f,13.3075621,52.50013413
212424,1,6,20,4,3,0,t,f,f,t,13.41775184,52.50660508
212423,9,7,21,4,2,0,t,f,f,f,13.68233949,52.37063366
212422,1,7,8,5,3,5,t,t,f,f,13.34169931,52.53484119
212421,2,6,7,5,3,5,t,f,f,f,13.37675774,52.49141423
212420,8,5,11,1,3,6,f,t,t,f,13.43672539,52.4571189
212419,3,6,6,6,3,5,f,t,f,t,13.41471371,52.55386983
212418,12,6,6,4,3,3,f,t,f,t,13.33202804,52.56183792
212417,3,6,15,3,3,5,t,f,f,f,13.39821344,52.56455744
212416,7,6,10,6,3,5,t,t,f,f,13.4016414,52.39449122
212415,6,6,15,2,3,2,f,t,f,f,13.27711978,52.46432836
212414,5,6,18,1,3,6,f,t,t,f,13.21079583,52.56746187
212413,5,5,14,5,3,5,f,t,f,f,13.19840733,52.54283785
212412,1,6,17,4,3,6,f,t,t,f,13.39255561,52.56409392
212411,1,5,20,1,3,5,t,t,f,f,13.40022311,52.53944963
212410,7,6,7,3,3,5,f,t,f,t,13.35336721,52.48987586
212409,3,7,11,2,3,0,f,t,f,f,13.42860072,52.58159293
212408,3,6,13,5,3,2,t,f,f,f,13.4078588,52.53679155
212407,8,7,18,6,3,1,t,t,f,f,13.44425897,52.47850446
212406,6,7,15,6,3,5,f,t,f,f,13.25099221,52.45004581
212405,5,6,13,6,3,0,f,f,f,t,13.20263193,52.54046233
212404,1,6,22,5,3,5,t,f,f,t,13.33321436,52.56091056
212403,2,6,22,1,3,6,f,f,t,t,13.43964399,52.52382523
212402,4,5,11,4,3,5,f,t,f,f,13.27390367,52.50968098
212401,1,7,14,5,3,3,f,t,f,t,13.35179809,52.50561475
212400,4,7,16,3,3,5,t,t,f,f,13.25794438,52.51818638
212399,1,7,11,5,3,0,t,f,f,f,13.39225893,52.53682907
212398,11,6,11,5,3,5,f,t,f,f,13.48535792,52.52667922
212397,7,5,21,1,3,5,f,t,f,f,13.34068785,52.49937678
212396,3,6,8,6,2,0,f,t,f,f,13.44063203,52.55069104
212395,3,6,12,5,3,5,t,t,f,f,13.43585459,52.55098665
212394,1,6,15,3,3,5,t,f,f,f,13.40828354,52.52540599
212393,4,6,17,2,3,5,t,t,f,f,13.31869955,52.49809894
212392,5,5,16,5,3,8,f,f,f,t,13.26626049,52.53388831
212391,7,6,9,4,2,5,f,t,f,f,13.40676053,52.39376795
212390,4,5,21,1,3,0,f,t,f,f,13.31507179,52.51463695
212389,8,6,13,2,3,5,t,f,f,f,13.45485983,52.4757569
212388,4,7,17,2,3,5,t,t,f,f,13.32239296,52.48637455
212387,2,6,16,5,3,6,f,t,t,f,13.43396909,52.50186615
212386,2,7,18,6,3,1,t,t,f,f,13.41867295,52.50041824
212385,11,7,4,5,3,5,t,t,f,f,13.48490503,52.53363832
212384,3,6,8,5,3,2,f,t,f,t,13.39417371,52.56495715
212383,5,6,13,4,3,6,f,f,t,f,13.26432747,52.53770938
212382,4,6,16,2,3,4,t,f,f,f,13.32400556,52.53834004
212381,6,5,14,2,2,5,f,t,f,t,13.35511447,52.42769578
212380,2,6,18,6,3,5,t,t,f,f,13.41096869,52.50390498
212379,9,6,15,5,3,2,t,t,f,f,13.55901301,52.4235606
212378,8,6,13,3,3,6,f,t,t,f,13.43027993,52.46927137
212377,3,6,19,6,3,2,f,t,f,f,13.43090195,52.55106105
212376,3,5,15,6,2,5,f,t,f,t,13.45588316,52.53082561
212375,4,6,13,4,3,2,t,f,f,f,13.31366332,52.5048464
212374,6,7,15,1,3,6,t,f,t,f,13.34302627,52.45883156
212373,7,5,12,3,3,5,t,t,f,f,13.34179871,52.49449483
212372,5,6,16,3,3,2,f,t,f,f,13.17972448,52.50304865
212371,1,7,9,3,3,2,t,t,f,f,13.39706805,52.51333938
212370,9,7,1,7,3,9,f,t,f,f,13.52220791,52.46356352
212369,7,6,12,2,3,2,t,f,f,f,13.32831462,52.46709044
212368,4,6,19,6,3,0,t,f,f,f,13.31331464,52.50252407
212367,3,6,11,3,3,2,f,t,f,t,13.40841052,52.60380811
212366,5,6,19,3,3,5,t,t,f,f,13.1230692,52.4719467
212365,5,6,0,7,2,0,f,f,f,f,13.17080238,52.53367348
212364,8,6,13,6,2,5,f,t,f,t,13.42799659,52.47340569
212363,1,7,22,6,3,2,f,t,f,t,13.40276829,52.52969199
212362,7,6,16,6,3,3,f,t,f,f,13.35285481,52.48975693
212361,9,6,13,2,3,5,f,t,f,f,13.51410882,52.44650191
212360,6,5,9,4,3,5,t,t,f,f,13.25993034,52.42926107
212359,5,6,14,4,3,2,f,t,f,f,13.18855351,52.55654181
212358,6,7,18,3,3,5,t,t,f,f,13.25679687,52.42647616
212357,1,7,10,4,3,2,f,t,f,f,13.38934626,52.53171246
212356,4,6,11,4,3,5,t,t,f,f,13.3279276,52.50545454
212355,3,5,14,7,3,9,f,t,f,f,13.48693177,52.65596567
212354,8,6,16,5,3,5,t,t,f,f,13.44283824,52.4650306
212353,11,6,17,4,3,5,t,t,f,f,13.48051288,52.49900866
212352,4,6,16,3,2,5,t,f,f,f,13.31359565,52.5153336
212351,8,6,21,7,3,5,t,t,f,f,13.44539081,52.47918271
212350,4,6,10,3,3,5,t,t,f,f,13.28933521,52.47069661
212349,12,6,15,4,3,5,f,t,f,f,13.31744224,52.56665834
212348,4,6,17,2,2,5,t,t,f,f,13.33050527,52.49540102
212347,5,6,20,2,3,5,f,t,f,t,13.2392779,52.54497654
212346,8,7,23,1,3,9,f,t,f,f,13.4955435,52.43155043
212345,1,6,21,7,3,5,f,t,f,t,13.34537593,52.52987652
212344,6,7,9,5,3,5,f,t,f,f,13.25486388,52.42779722
212343,3,7,23,4,3,2,t,t,f,f,13.42123187,52.55034615
212342,5,6,13,5,3,6,f,f,t,f,13.15577132,52.52162918
212341,1,5,14,1,3,6,f,f,t,f,13.39546486,52.53908465
212340,9,6,10,6,3,1,t,t,f,f,13.49033878,52.46829501
212339,3,6,14,4,3,0,t,f,f,f,13.40727365,52.54622999
212338,2,6,10,3,3,5,t,t,f,f,13.39965947,52.49847516
212337,1,6,7,2,3,5,t,t,f,f,13.37691854,52.51181584
212336,2,5,13,5,3,3,t,t,f,f,13.39361929,52.49751175
212335,4,6,18,4,3,5,t,f,f,f,13.32433116,52.49791742
212334,2,5,12,2,3,1,t,t,f,f,13.45549826,52.51356038
212333,2,6,21,2,3,5,t,t,f,f,13.42493942,52.50206141
212332,5,7,12,2,3,5,f,t,f,f,13.20250293,52.53863513
212331,6,7,8,6,3,2,f,t,f,f,13.29891075,52.42216955
212330,4,7,11,6,3,3,f,t,f,f,13.27438231,52.50803422
212329,5,6,12,6,3,2,f,t,f,f,13.19780692,52.51936601
212328,10,6,6,5,3,3,f,t,f,f,13.57145678,52.5459734
212327,1,6,14,2,3,5,t,t,f,f,13.39707239,52.51438512
212326,2,5,18,2,3,0,t,f,f,f,13.44978583,52.51024888
212325,5,6,12,6,3,0,f,t,f,f,13.20078036,52.53848602
212324,12,6,9,5,3,5,f,t,f,f,13.29445879,52.62953622
212323,7,7,8,6,2,5,t,f,f,f,13.36298742,52.47603396
212322,5,6,9,4,2,6,f,t,t,f,13.17997851,52.53882613
212321,4,6,2,1,2,0,f,t,f,f,13.3370109,52.50392673
212320,8,5,7,6,3,0,f,f,f,t,13.45152352,52.43660352
212319,7,6,7,5,3,2,f,t,f,f,13.38404219,52.4570067
212318,9,7,15,2,3,0,t,f,f,f,13.62497315,52.45304182
212317,12,5,22,2,2,0,f,f,f,f,13.27543926,52.57848364
212316,3,6,8,3,3,1,t,f,f,f,13.40283368,52.56284395
212315,1,7,13,2,3,5,t,t,f,f,13.38014759,52.5328141
212314,4,7,16,3,2,0,f,f,t,t,13.31433931,52.49022433
212313,12,5,18,6,3,3,t,t,f,f,13.32628371,52.56172483
212312,8,6,15,4,3,2,f,t,f,t,13.45775205,52.48538883
212311,11,7,22,7,3,2,f,t,f,f,13.51876948,52.50969862
212310,1,6,21,2,3,0,f,f,t,t,13.39010457,52.50916434
212309,7,6,7,6,3,5,t,t,f,f,13.3662145,52.47172985
212308,7,6,15,3,3,3,t,t,f,f,13.34620182,52.49742441
212307,9,6,16,3,3,2,f,t,f,f,13.53794971,52.43489989
212306,1,6,16,2,2,2,f,t,f,f,13.38875078,52.54752799
212305,3,6,11,7,2,5,t,t,f,f,13.44191061,52.55026429
212304,3,7,12,6,3,5,f,t,f,f,13.41227513,52.53115658
212303,3,6,16,7,3,5,t,t,f,f,13.40836979,52.58442591
212302,7,6,11,2,3,2,t,t,f,f,13.38094135,52.47472498
212301,2,5,18,2,3,5,t,t,f,f,13.45867934,52.52054901
212300,6,6,19,6,3,0,t,f,f,f,13.21469364,52.44015683
212299,12,6,7,6,2,5,f,f,f,t,13.36165749,52.57805057
212298,3,7,16,6,3,5,t,t,f,f,13.38271856,52.62973226
212297,2,6,6,4,3,5,t,t,f,f,13.44036889,52.52296144
212296,1,6,1,6,3,2,f,t,f,f,13.4162035,52.52694021
212295,12,6,12,2,3,5,f,t,f,f,13.29793323,52.57818207
212294,12,5,13,6,3,0,f,t,f,t,13.36173457,52.60472573
212293,10,6,15,4,3,5,f,t,f,f,13.55671283,52.55713512
212292,4,7,22,1,3,6,f,f,t,f,13.33850174,52.5033371
212291,3,5,17,3,3,2,f,t,f,f,13.419515,52.55305555
212290,9,6,22,3,3,4,t,t,f,f,13.4540461,52.49404849
212289,11,7,15,2,3,1,f,t,f,f,13.4825701,52.51895588
212288,8,7,11,3,2,6,f,t,t,f,13.43335311,52.46496628
212287,4,7,14,6,3,0,t,t,f,f,13.3075271,52.50659738
212286,9,6,9,3,3,5,t,t,f,f,13.4505648,52.48921815
212285,11,6,5,6,3,2,f,t,f,f,13.52609513,52.48439908
212284,2,6,9,3,3,6,f,t,t,f,13.44781213,52.51324957
212283,6,6,4,3,3,1,f,t,f,f,13.27528799,52.46113381
212282,3,6,16,2,3,1,f,t,f,t,13.39404707,52.61767968
212281,12,6,18,7,3,6,f,t,t,f,13.36242995,52.56724339
212280,4,7,11,6,3,2,f,t,f,f,13.27866264,52.47328404
212279,4,6,11,7,3,5,t,t,f,f,13.2896297,52.48644387
212278,4,6,6,2,3,5,t,t,f,f,13.28043299,52.51849503
212277,4,5,18,4,3,5,f,t,f,t,13.26853018,52.51755211
212276,1,6,16,4,3,3,f,t,f,t,13.37249599,52.5566663
212275,11,7,16,3,3,5,t,t,f,f,13.50486522,52.5633875
212274,12,7,9,4,3,5,t,t,f,f,13.27155508,52.57637954
212273,8,6,8,4,3,5,t,t,f,f,13.42115526,52.48010084
212272,7,5,14,1,3,5,t,t,f,f,13.35390045,52.49988143
212271,1,6,12,5,3,3,f,t,f,f,13.37611219,52.55483146
212270,3,6,6,4,3,5,f,t,f,f,13.42959067,52.54487853
212269,1,6,17,3,3,0,t,f,f,f,13.36493994,52.52607303
212268,9,6,21,7,3,5,f,t,f,f,13.55814914,52.4065912
212267,8,6,16,3,3,3,t,t,f,f,13.42924872,52.48131058
212266,9,6,12,4,3,0,t,f,f,f,13.68584698,52.43990873
212265,12,6,18,2,3,5,t,t,f,f,13.23657117,52.62074922
212264,6,7,12,7,3,5,t,t,f,f,13.26638292,52.45574423
212263,4,6,16,1,3,5,f,t,f,t,13.29654382,52.52934842
212262,3,7,5,5,3,6,f,t,t,f,13.41832518,52.61911485
212261,4,7,16,5,3,1,t,t,f,f,13.32459202,52.49870439
212260,6,6,7,5,3,5,t,t,f,f,13.29026798,52.45805691
212259,6,5,5,2,2,1,f,t,f,t,13.32226993,52.45061434
212258,11,6,17,5,2,4,t,f,f,f,13.51147634,52.4842575
212257,8,6,18,6,2,6,f,t,t,f,13.43780462,52.42179396
212256,9,6,8,3,3,2,f,t,f,f,13.534458,52.43192673
212255,9,6,8,2,2,4,f,t,f,f,13.46080694,52.48415309
212254,4,6,13,1,3,1,t,t,f,f,13.28696903,52.49749997
212253,12,5,13,5,2,0,f,f,f,t,13.30356142,52.58106439
212252,2,6,16,4,3,5,f,t,f,t,13.41627926,52.49101294
212251,1,5,1,2,3,5,f,t,f,f,13.41554899,52.52707728
212250,2,6,11,2,3,0,t,f,f,f,13.42212951,52.49904162
212249,10,7,15,2,3,0,f,f,t,f,13.58903982,52.53752669
212248,4,7,10,6,3,2,f,t,f,f,13.31099605,52.54755042
212247,8,7,21,6,3,5,f,t,f,f,13.47781468,52.41778931
212246,6,6,13,5,2,1,t,f,f,f,13.33471842,52.45070275
212245,7,6,12,5,3,1,f,t,f,t,13.36017119,52.47796563
212244,10,6,12,2,3,5,f,t,f,f,13.54419789,52.52583409
212243,6,5,17,2,3,6,t,f,t,f,13.18673873,52.43218291
212242,6,6,21,6,3,5,f,t,f,f,13.31452727,52.46506928
212241,2,6,19,7,3,5,t,t,f,f,13.41646123,52.5020344
212240,2,7,16,6,2,6,t,f,t,f,13.44202446,52.50092186
212239,2,6,0,4,2,1,t,t,f,f,13.41213698,52.50323215
212238,1,6,7,6,3,2,f,f,f,t,13.35969741,52.55466114
212237,8,6,8,2,2,2,f,t,f,f,13.43500679,52.43917071
212236,2,5,13,5,3,5,t,t,f,f,13.41030067,52.50378271
212235,4,6,13,5,3,1,t,t,f,f,13.29561763,52.49335913
212234,2,7,1,2,3,5,t,t,f,f,13.44672477,52.50262501
212233,7,5,15,3,3,5,f,t,f,f,13.41446565,52.4566275
212232,5,6,18,3,3,2,f,t,f,f,13.18000979,52.50435382
212231,5,7,13,2,2,5,f,f,t,t,13.23109072,52.54150186
212230,1,7,11,3,3,2,t,f,f,f,13.34172815,52.52640121
212229,9,5,6,6,3,2,f,t,f,f,13.50984594,52.45346689
212228,6,6,9,5,3,0,f,t,f,f,13.25611558,52.43256112
212227,9,6,7,4,3,2,f,t,f,f,13.50733268,52.4480221
212226,11,7,6,7,2,5,f,t,f,f,13.47942239,52.52041702
212225,8,6,10,3,3,5,t,f,f,f,13.44018922,52.4815843
212224,1,6,6,6,3,0,f,f,f,f,13.3898511,52.51211928
212223,8,6,12,3,3,2,f,t,f,f,13.45585197,52.47384414
212222,1,6,9,3,3,3,f,t,f,f,13.33008138,52.53322627
212221,3,6,13,1,2,5,t,t,t,f,13.42784899,52.56792799
212220,4,6,17,1,3,6,f,f,t,f,13.28676357,52.53637939
212219,4,7,12,7,3,0,f,t,f,t,13.34072127,52.50452552
212218,10,6,13,7,3,2,f,t,f,f,13.60359155,52.48535114
212217,7,5,13,4,3,0,t,t,f,f,13.35371349,52.40202519
212216,8,6,0,4,3,1,f,t,f,f,13.48573579,52.42250968
212215,5,7,13,3,3,3,f,t,f,f,13.24732152,52.54191527
212214,4,7,19,4,3,5,f,t,f,t,13.32509493,52.48279306
212213,10,6,17,5,3,5,f,t,f,f,13.53836747,52.55430662
212212,5,5,19,1,2,5,f,f,f,f,13.17923269,52.52485188
212211,9,6,18,5,3,0,t,f,f,f,13.52924622,52.45988305
212210,3,6,8,4,3,5,t,t,f,f,13.40175702,52.58733315
212209,1,6,0,3,2,0,t,f,f,f,13.41682029,52.51091247
212208,8,6,13,1,3,5,t,f,f,f,13.43608579,52.47879346
212207,3,6,20,1,2,5,t,t,f,f,13.4302382,52.62089788
212206,9,6,8,4,3,5,t,t,f,f,13.64202345,52.44779074
212205,3,6,16,4,3,0,t,f,f,f,13.45974495,52.52921517
212204,1,6,14,2,3,1,f,t,f,f,13.32233922,52.52565314
212203,3,7,10,2,2,0,f,t,f,f,13.47305254,52.61692805
212202,1,6,5,7,3,5,t,t,f,f,13.37940792,52.52942861
212201,7,7,8,5,3,1,f,t,f,f,13.37728591,52.4760739
212200,7,7,19,5,2,6,f,t,t,f,13.34311789,52.47881585
212199,5,6,14,6,3,1,f,t,f,f,13.20600033,52.53568648
212198,12,6,10,2,3,5,t,t,f,f,13.31791768,52.5708237
212197,4,6,10,3,3,5,t,t,f,f,13.21845453,52.50888128
212196,12,6,15,6,3,5,t,t,f,f,13.31675756,52.60611276
212195,4,6,15,6,3,5,f,t,f,t,13.30244227,52.50673831
212194,4,5,8,4,3,5,t,t,f,f,13.3319066,52.49076955
212193,8,6,9,4,3,5,f,t,f,f,13.43458346,52.47250595
212192,1,7,14,3,3,5,t,t,f,f,13.41509517,52.52668472
212191,11,7,8,4,3,5,f,t,f,t,13.51131791,52.55065757
212190,10,6,17,4,3,5,f,t,f,t,13.56037168,52.4865949
212189,9,5,22,7,3,1,t,t,f,f,13.6122501,52.45449253
212188,8,6,17,5,3,5,f,t,f,f,13.42893576,52.48652935
212187,2,6,9,5,3,0,f,t,f,f,13.43952996,52.52396546
212186,9,6,17,3,3,2,f,t,f,f,13.59341601,52.44957908
212185,1,6,21,7,2,5,t,t,f,f,13.35094696,52.504367
212184,12,6,15,3,3,5,t,t,f,f,13.32973922,52.56315611
212183,2,6,19,4,2,5,f,t,f,t,13.45653339,52.51320307
212182,5,6,15,7,2,5,f,t,f,f,13.19072951,52.53640721
212181,10,7,17,2,3,0,f,t,f,f,13.59500689,52.48729763
212180,7,6,14,7,3,6,f,f,t,f,13.34170319,52.5020498
212179,3,7,15,5,2,5,f,t,f,f,13.35954412,52.58539276
212178,9,7,16,5,3,2,t,t,f,f,13.56269523,52.45662801
212177,1,6,13,5,3,2,t,t,f,f,13.38061663,52.53253105
212176,3,5,7,2,3,6,f,t,t,f,13.49957068,52.63540916
212175,4,6,13,5,3,1,t,t,f,f,13.32475235,52.5030417
212174,3,6,15,5,3,5,t,t,f,f,13.43285988,52.55598564
212173,11,6,17,3,3,5,t,t,f,f,13.48465588,52.51397133
212172,2,6,9,6,3,1,t,t,f,f,13.38298264,52.49203562
212171,2,6,21,1,2,5,t,t,f,f,13.43899753,52.4949957
212170,8,5,8,5,3,6,t,f,t,f,13.43471661,52.44006491
212169,5,6,17,4,3,6,f,f,t,f,13.18827307,52.52777798
212168,1,5,21,2,3,2,f,t,f,t,13.3322618,52.52699296
212167,2,6,14,2,2,5,t,t,f,f,13.458199,52.4996004
212166,3,7,15,2,3,4,t,f,f,f,13.50510552,52.6368984
212165,1,7,22,6,3,2,f,t,f,f,13.41008511,52.52874599
212164,1,6,8,6,3,5,t,t,f,f,13.34369305,52.54630119
212163,8,6,16,5,2,5,f,t,f,f,13.47396971,52.42575277
212162,4,6,11,2,3,2,f,t,f,f,13.27029282,52.52846858
212161,4,6,11,3,2,5,t,t,f,f,13.300193,52.48780835
212160,3,6,11,6,3,1,f,t,f,f,13.44045819,52.55379189
212159,4,6,8,6,3,5,t,t,f,f,13.3357596,52.51347297
212158,6,7,13,6,3,5,t,t,f,f,13.18938656,52.43380555
212157,3,6,9,3,3,5,t,f,f,f,13.4423801,52.5908927
212156,4,6,13,6,3,0,f,f,t,t,13.28002575,52.52005051
212155,1,6,8,2,3,3,t,t,f,f,13.40064432,52.52959972
212154,7,6,12,4,3,5,t,t,f,f,13.40692283,52.3937774
212153,2,5,17,2,3,6,t,f,t,f,13.4011958,52.49540992
212152,1,6,6,4,3,5,f,t,f,f,13.4118064,52.52396714
212151,12,7,11,3,2,2,f,t,f,t,13.30942434,52.55760687
212150,9,7,11,4,3,6,f,t,t,f,13.57266373,52.47078455
212149,3,6,15,4,3,0,t,t,f,f,13.4828742,52.6116236
212148,8,5,14,7,3,2,t,t,f,f,13.43631809,52.48102256
212147,12,6,14,5,3,5,f,t,f,f,13.35255022,52.56442404
212146,12,6,7,4,2,4,f,t,f,f,13.27593598,52.58449295
212145,7,7,15,7,3,2,f,t,f,f,13.3705046,52.46894782
212144,2,6,4,3,2,3,t,t,f,f,13.43607204,52.49210312
212143,4,6,17,7,3,2,t,t,f,f,13.30663747,52.49983956
212142,7,6,8,4,3,5,f,t,f,f,13.38267712,52.46703131
212141,9,6,17,3,3,5,t,t,f,f,13.58054814,52.44305998
212140,7,6,9,2,3,6,f,f,t,f,13.3708286,52.49162796
212139,2,6,18,1,3,0,t,f,f,f,13.46832998,52.50709513
212138,6,7,12,1,3,1,f,t,f,f,13.29363256,52.41959494
212137,12,6,14,7,3,1,t,t,f,f,13.27760909,52.57486228
212136,1,5,8,4,3,5,t,t,f,f,13.37633301,52.51008642
212135,11,7,15,5,2,4,f,f,f,t,13.49133714,52.52654604
212134,4,7,20,4,3,2,f,t,f,f,13.32782557,52.50313341
212133,10,7,11,5,3,0,f,t,f,t,13.56118109,52.50717214
212132,2,6,15,5,3,5,f,f,f,t,13.44732285,52.5132606
212131,12,5,16,1,3,1,f,t,f,t,13.36111598,52.57722781
212130,3,6,7,6,3,5,t,t,f,f,13.42780342,52.56059195
212129,12,6,12,5,3,6,f,t,t,f,13.28076178,52.58667728
212128,9,6,7,3,3,5,t,t,f,f,13.54984713,52.43805834
212127,3,6,8,2,3,1,t,t,f,f,13.42435721,52.55619247
212126,1,5,21,5,2,5,t,t,f,f,13.3594003,52.52323673
212125,5,6,15,4,3,3,f,t,f,f,13.23250705,52.5405082
212124,2,5,19,1,3,5,f,t,f,f,13.45678844,52.50240798
212123,4,6,10,2,3,3,t,t,f,f,13.33102734,52.49489867
212122,3,7,11,2,3,5,t,t,f,f,13.45796726,52.52882994
212121,2,6,16,5,3,2,t,t,f,f,13.38557027,52.4996569
212120,2,7,18,6,3,5,f,t,f,t,13.39574524,52.49836387
212119,2,7,23,5,3,1,t,t,f,f,13.42111762,52.49219208
212118,3,6,9,6,3,6,t,f,t,f,13.45437822,52.54695329
212117,5,6,21,5,3,6,t,f,t,f,13.18728441,52.53676919
212116,9,6,16,2,3,5,f,t,f,t,13.53516474,52.43230337
212115,11,5,18,2,3,2,f,f,f,t,13.51124971,52.50421365
212114,4,6,19,6,3,1,f,t,f,t,13.29667845,52.51938855
212113,2,6,17,6,3,5,t,t,f,f,13.39103059,52.50418892
212112,6,6,14,3,3,5,f,t,f,t,13.26649622,52.43063763
212111,4,6,14,6,3,5,f,t,f,t,13.27538901,52.51277967
212110,1,5,15,6,3,5,t,t,f,f,13.37862737,52.52858078
212109,2,6,12,4,3,0,f,t,t,f,13.39234283,52.48724131
212108,7,7,17,1,3,5,f,t,f,f,13.36294315,52.49751598
212107,12,5,12,3,2,0,f,t,f,t,13.25967202,52.57080281
212106,1,6,13,3,3,6,t,f,t,f,13.41821345,52.51179823
212105,3,7,16,3,3,3,t,f,f,f,13.41970842,52.53178584
212104,11,7,13,7,3,5,t,t,f,f,13.52177245,52.56710947
212103,9,6,16,2,3,5,t,t,f,f,13.55093066,52.42901307
212102,5,6,7,6,3,6,f,f,t,f,13.14613524,52.54571676
212101,2,6,21,3,3,0,t,t,f,f,13.41325331,52.50293352
212100,4,6,8,3,2,0,t,f,f,f,13.30383926,52.50198748
212099,2,6,0,7,3,4,f,t,f,f,13.41787433,52.50167511
212098,3,6,15,7,3,5,t,t,f,f,13.40811643,52.54150689
212097,4,7,16,6,3,5,f,t,f,f,13.32610463,52.53837732
212096,2,6,15,4,2,5,f,t,f,t,13.3969782,52.50532446
212095,4,6,13,6,3,5,f,f,f,t,13.32034457,52.48142668
212094,9,6,8,2,3,5,f,t,f,f,13.50086702,52.44577795
212093,7,5,16,4,3,0,f,t,f,f,13.36062896,52.48637618
212092,3,6,9,4,3,5,t,f,f,f,13.41764675,52.54597309
212091,1,7,15,2,2,5,f,t,f,f,13.33564154,52.54200972
212090,4,7,20,4,3,2,f,t,f,t,13.33575122,52.51364549
212089,3,6,14,4,3,4,t,f,f,t,13.4179143,52.539697
212088,2,6,20,3,2,0,t,f,f,f,13.46084285,52.50878676
212087,12,6,17,6,3,6,t,f,t,f,13.32811893,52.56386986
212086,2,6,18,2,3,2,f,t,f,f,13.44099977,52.52449361
212085,12,5,21,5,3,5,f,t,f,f,13.31429197,52.57668461
212084,12,6,17,4,3,5,t,t,f,f,13.31893916,52.5662353
212083,7,7,14,1,3,2,f,t,f,f,13.34853564,52.45933604
212082,11,5,18,1,2,5,t,f,f,f,13.5084928,52.5485351
212081,6,6,15,3,3,1,t,t,f,f,13.28642325,52.44988329
212080,7,7,16,3,3,2,f,t,f,f,13.4010027,52.41455397
212079,10,7,14,6,3,0,f,t,f,t,13.60780704,52.49121622
212078,5,6,11,2,3,5,t,t,f,f,13.17462455,52.51381813
212077,2,6,21,6,3,0,t,t,f,f,13.40295958,52.49409301
212076,3,6,19,5,3,5,t,t,f,f,13.45599432,52.54826466
212075,1,6,19,3,3,5,f,t,f,t,13.37691163,52.56023787
212074,1,6,12,3,2,3,t,t,f,f,13.38151752,52.53180496
212073,11,6,15,1,3,1,f,t,f,f,13.51985589,52.49477064
212072,1,6,20,7,3,0,t,t,f,f,13.39941972,52.52417164
212071,1,7,18,7,3,6,t,f,t,f,13.35414543,52.55137551
212070,7,6,9,4,3,1,f,t,f,f,13.3405734,52.49747138
212069,11,6,14,6,3,5,t,f,f,f,13.46827447,52.54654499
212068,2,6,8,4,3,5,t,t,f,f,13.39840237,52.50704944
212067,4,5,14,3,3,5,t,t,f,f,13.33797774,52.50186595
212066,10,6,10,4,3,2,f,f,f,f,13.61391376,52.51648078
212065,10,7,9,2,3,5,f,t,f,f,13.55112999,52.51611937
212064,6,7,18,4,3,5,t,f,f,f,13.22773311,52.42098404
212063,1,6,14,4,3,5,t,t,f,f,13.35271235,52.51615818
212062,3,5,11,7,3,5,t,t,f,f,13.49794192,52.62826241
212061,4,6,9,5,2,6,f,t,t,f,13.32458289,52.4979491
212060,12,6,15,4,3,5,f,t,f,f,13.30767134,52.57734081
212059,2,6,17,3,3,2,t,t,f,f,13.45022115,52.52227319
212058,11,6,14,7,3,5,t,t,f,f,13.53071946,52.51018237
212057,4,6,15,3,3,0,f,f,f,t,13.27993636,52.50615989
212056,10,6,12,4,3,5,t,t,f,f,13.59967207,52.54202217
212055,11,6,8,2,3,0,t,f,f,f,13.47369305,52.53615777
212054,4,6,2,1,3,5,f,t,f,f,13.30620338,52.52564671
212053,10,7,12,7,3,5,t,t,f,f,13.56795885,52.57358294
212052,3,6,17,1,3,2,f,t,f,t,13.46456872,52.5501295
212051,8,6,11,1,3,6,f,t,t,f,13.43240743,52.48005422
212050,8,5,21,4,3,2,f,t,f,f,13.42732827,52.47492261
212049,4,7,14,5,3,0,t,f,f,f,13.33832531,52.49942101
212048,9,7,7,3,2,5,t,t,f,f,13.57717329,52.45577167
212047,10,7,15,5,3,5,f,t,f,f,13.61333074,52.50880293
212046,1,6,9,5,2,0,t,f,f,f,13.34431562,52.53778054
212045,8,5,16,2,3,2,f,t,f,t,13.43340135,52.47846248
212044,12,6,7,6,3,2,f,t,f,t,13.32088756,52.60959733
212043,8,6,13,5,3,1,t,t,f,f,13.42532231,52.47997122
212042,12,6,12,3,3,5,f,t,f,f,13.28610906,52.59201023
212041,1,6,19,2,3,5,t,t,f,f,13.35678584,52.52358055
212040,10,5,12,5,3,2,f,t,f,f,13.5168766,52.53531531
212039,9,6,11,4,2,5,t,t,f,f,13.53110319,52.41555878
212038,4,5,12,2,3,3,f,t,f,f,13.27200772,52.51942799
212037,3,6,17,3,3,0,t,t,f,f,13.41252836,52.54524873
212036,4,7,9,2,3,0,f,t,f,f,13.32158739,52.50017843
212035,8,6,15,5,3,5,t,t,f,f,13.46491255,52.47030999
212034,6,7,17,6,3,3,f,t,f,f,13.32107499,52.42967844
212033,1,7,12,6,3,5,f,t,f,f,13.37707053,52.55639513
212032,3,6,21,5,3,1,f,t,f,f,13.44343748,52.53947759
212031,3,6,18,4,3,5,t,t,f,f,13.42268721,52.54464137
212030,12,6,14,2,3,5,f,t,f,f,13.30030986,52.56984214
212029,1,5,8,2,3,6,f,t,t,f,13.3791459,52.52539451
212028,7,6,16,6,3,6,f,t,t,f,13.34450763,52.46475238
212027,6,6,5,6,2,0,f,t,f,t,13.33624372,52.43066382
212026,10,6,14,3,3,5,t,t,f,f,13.59195107,52.5458258
212025,11,6,16,6,3,5,f,t,f,f,13.49479795,52.55958043
212024,1,5,16,6,3,2,f,t,f,f,13.38312283,52.55412326
212023,9,6,14,4,3,2,f,t,f,f,13.56203095,52.43738377
212022,2,7,16,1,3,5,f,f,f,f,13.39859325,52.49631172
212021,9,5,19,3,2,5,f,t,f,f,13.55053309,52.42907393
212020,2,6,9,3,3,0,t,f,f,f,13.45599307,52.51338958
212019,1,7,11,2,3,1,t,t,f,f,13.38443759,52.55066982
212018,8,7,5,3,3,0,f,f,f,t,13.45923491,52.47231971
212017,2,7,9,7,2,0,f,f,f,t,13.42831257,52.518929
212016,3,6,15,3,3,0,t,t,f,f,13.43939568,52.55541209
212015,11,6,10,7,3,2,f,t,f,f,13.49227266,52.53407443
212014,6,6,15,2,3,2,f,t,f,f,13.31459669,52.42414311
212013,7,6,14,3,3,6,f,t,t,f,13.34602617,52.49603964
212012,9,6,18,1,3,5,t,t,f,f,13.5139838,52.46258992
212011,4,6,10,6,3,6,f,t,t,f,13.28012574,52.51977159
212010,7,7,18,7,3,0,t,f,f,f,13.39892533,52.38233005
212009,7,6,16,6,3,2,f,t,f,t,13.36612369,52.41074176
212008,2,5,13,4,3,1,t,t,f,f,13.46395075,52.50804244
212007,6,6,16,4,3,2,f,t,f,f,13.31625195,52.43073282
212006,1,7,6,3,3,2,f,t,f,f,13.41588748,52.5270019
212005,1,7,18,4,3,2,f,t,f,t,13.37365548,52.53779886
212004,9,6,9,4,3,0,t,f,f,f,13.57515122,52.45269511
212003,10,5,6,6,3,5,t,f,f,f,13.51940763,52.52582169
212002,3,6,15,5,3,1,f,t,f,t,13.42936482,52.60041572
212001,4,6,12,4,3,6,f,t,t,f,13.2635803,52.51484618
212000,1,6,19,4,3,2,f,t,f,f,13.37158366,52.50477602
211999,8,6,20,1,3,4,t,f,f,f,13.43419101,52.49151384
211998,2,6,13,3,3,6,f,t,t,f,13.40616918,52.49781176
211997,8,6,12,3,3,0,t,f,f,f,13.42621289,52.44472859
211996,1,6,19,2,3,6,f,f,t,f,13.3949293,52.53658858
211995,4,7,20,1,2,0,t,f,f,f,13.30623799,52.52081164
211994,11,6,19,7,3,2,f,t,f,f,13.48227916,52.49841987
211993,6,7,9,5,3,5,t,t,f,f,13.32693155,52.45797898
211992,1,7,18,5,3,1,t,t,f,f,13.40303092,52.53182483
211991,7,6,1,5,3,1,t,t,f,f,13.3632593,52.45593149
211990,3,5,16,1,2,5,t,t,f,f,13.41834426,52.55970618
211989,6,6,10,6,3,5,t,t,f,f,13.26215463,52.43955412
211988,10,6,5,4,3,8,f,t,f,f,13.58946923,52.523204
211987,11,6,17,3,2,5,f,t,f,f,13.49985391,52.49891216
211986,2,6,8,2,3,4,t,f,f,f,13.38403993,52.4937383
211985,11,5,18,7,3,2,f,t,f,t,13.52491572,52.49554963
211984,4,6,14,5,3,2,f,t,f,f,13.33241271,52.47869349
211983,11,6,15,4,3,2,f,t,f,f,13.52507035,52.49531113
211982,1,6,19,3,3,1,t,f,f,t,13.42165832,52.50554007
211981,3,6,20,7,3,0,f,f,f,t,13.42332108,52.63190684
211980,4,6,14,3,2,4,f,f,f,f,13.31808571,52.50612334
211979,4,6,18,3,3,5,t,f,f,f,13.33101344,52.49261578
211978,1,6,10,2,3,5,t,t,f,f,13.3930542,52.51499578
211977,9,6,12,7,3,8,f,t,f,f,13.62714696,52.46345001
211976,8,7,22,7,3,2,t,t,f,f,13.42889504,52.48345796
211975,4,6,19,1,2,0,t,f,f,f,13.29768897,52.52555668
211974,6,6,11,1,2,0,f,t,f,t,13.17794245,52.42142728
211973,6,7,6,5,3,0,f,f,f,t,13.3145129,52.46499554
211972,2,7,15,3,3,0,t,f,f,f,13.45483556,52.51017762
211971,9,7,9,5,3,3,f,t,f,f,13.48621874,52.4648815
211970,2,6,15,5,3,2,f,t,f,f,13.38777323,52.50316004
211969,4,5,1,2,3,0,f,t,f,f,13.33847492,52.50334783
211968,7,6,12,6,3,5,t,t,f,f,13.34528795,52.48687322
211967,2,6,20,4,3,5,t,t,f,f,13.41629921,52.50171649
211966,2,6,8,3,3,5,t,t,f,f,13.41093929,52.49401121
211965,2,6,6,1,3,0,f,f,f,t,13.37662455,52.49153971
211964,8,5,15,5,3,6,f,t,t,f,13.44794738,52.47604107
211963,7,6,17,4,3,1,t,t,f,f,13.34019676,52.46651578
211962,6,5,17,1,2,5,t,f,f,t,13.34324972,52.43967011
211961,2,6,14,2,3,6,f,f,t,t,13.40611596,52.49774404
211960,4,7,22,2,3,0,t,f,f,f,13.30939189,52.49178798
211959,1,7,17,6,3,5,t,t,f,f,13.37201996,52.51118601
211958,1,7,9,6,3,5,t,t,f,f,13.39893117,52.50822643
211957,3,6,8,5,3,0,t,f,f,f,13.45385247,52.53282339
211956,1,6,19,5,3,5,t,f,f,f,13.41109861,52.52594022
211955,9,6,19,2,3,2,f,t,f,f,13.62562083,52.45696119
211954,7,5,12,2,3,0,f,t,f,t,13.34730017,52.4109961
211953,2,6,16,6,3,6,f,t,t,f,13.42112407,52.49220164
211952,1,6,15,6,3,5,t,t,f,f,13.35501474,52.54402758
211951,8,7,6,6,3,5,f,t,f,f,13.42284084,52.47563448
211950,6,6,13,3,3,5,f,t,f,f,13.29078576,52.44819412
211949,8,5,13,6,2,5,f,t,f,f,13.47246344,52.46174716
211948,6,6,17,4,2,4,f,t,f,f,13.31552423,52.46469375
211947,5,7,20,1,2,5,f,t,f,f,13.17656202,52.54914673
211946,7,5,11,3,3,1,f,t,f,f,13.37906392,52.44813057
211945,12,6,15,3,3,1,f,t,f,f,13.32461479,52.60169544
211944,4,7,18,2,3,6,f,t,t,f,13.29606071,52.49680094
211943,3,7,13,3,3,1,f,t,f,t,13.36692305,52.5856597
211942,1,5,16,6,3,1,t,t,f,f,13.37181325,52.54866766
211941,12,6,14,4,3,5,t,t,f,f,13.2995532,52.57917524
211940,3,7,8,7,3,2,t,t,f,f,13.43131537,52.55211899
211939,1,6,15,2,3,2,t,t,f,f,13.39208781,52.53011752
211938,4,6,22,6,3,5,t,t,f,f,13.3327161,52.47869341
211937,5,6,9,3,3,5,f,t,f,t,13.2151508,52.56075015
211936,4,6,17,3,2,0,f,t,f,f,13.27951799,52.53671944
211935,4,6,16,2,3,5,t,t,f,f,13.33361769,52.50695564
211934,3,6,20,7,2,1,f,t,f,t,13.3822839,52.57336552
211933,2,7,15,7,3,5,f,t,f,f,13.40501228,52.50085064
211932,2,6,11,7,3,0,t,f,f,f,13.43048188,52.51135833
211931,3,5,9,4,3,1,t,t,f,f,13.43610328,52.53317449
211930,1,6,14,4,3,2,f,t,f,f,13.39528143,52.55478149
211929,1,7,18,3,3,5,f,t,f,t,13.38607499,52.55848879
211928,1,7,8,4,3,5,f,t,f,f,13.41363238,52.51128743
211927,8,6,0,4,2,5,t,f,f,t,13.44812997,52.47765295
211926,3,5,11,6,3,5,f,t,f,f,13.46264526,52.56005567
211925,7,6,15,5,3,3,t,t,f,f,13.34491869,52.489926
211924,9,6,7,5,3,5,f,t,f,f,13.5532683,52.43399794
211923,4,6,12,3,3,5,f,t,f,f,13.30221778,52.51865588
211922,4,6,20,1,3,1,t,t,f,f,13.31168464,52.46720664
211921,2,6,13,3,3,0,f,t,f,f,13.43061808,52.49590021
211920,8,6,9,4,3,6,t,f,t,f,13.44063232,52.47950234
211919,7,6,10,2,3,6,f,t,t,f,13.40103326,52.41506449
211918,2,7,10,1,3,6,f,t,t,f,13.38088442,52.49435783
211917,4,6,10,1,3,5,t,t,f,f,13.28259106,52.53388594
211916,5,7,12,5,3,0,f,t,f,t,13.19339551,52.55567422
211915,1,7,10,5,3,1,t,f,f,f,13.35319871,52.50814621
211914,8,6,16,5,3,5,f,t,f,f,13.46059817,52.46218934
211913,4,5,6,2,3,0,f,f,f,t,13.29729938,52.52651374
211912,12,6,14,6,2,5,f,t,f,f,13.24027762,52.61862071
211911,12,6,16,5,3,3,f,t,f,f,13.35543897,52.59665769
211910,5,6,8,3,3,2,t,t,f,f,13.12043154,52.46639745
211909,5,6,18,2,3,2,f,t,f,t,13.26704511,52.53678188
211908,11,6,12,2,3,4,t,t,f,f,13.53985354,52.49370034
211907,2,5,14,5,3,2,f,t,f,f,13.38423071,52.50307417
211906,11,6,9,4,3,5,t,t,f,f,13.50200362,52.50701999
211905,9,5,19,1,3,5,t,t,f,f,13.5173245,52.45446449
211904,8,6,14,2,3,3,t,f,f,f,13.4480022,52.47771618
211903,11,7,19,2,2,6,f,t,t,f,13.50697891,52.49685689
211902,11,7,6,6,2,5,t,t,f,f,13.50949526,52.5465367
211901,9,6,11,6,3,0,t,f,f,f,13.58499142,52.44169471
211900,9,6,12,5,3,0,t,t,f,f,13.52608202,52.42359161
211899,1,6,23,2,3,2,t,t,f,f,13.33068187,52.52835867
211898,8,5,17,2,3,5,f,t,f,f,13.43667771,52.45341548
211897,3,6,21,6,3,2,t,t,f,f,13.41528488,52.55029502
211896,6,6,13,7,2,2,t,f,f,f,13.12960682,52.42668725
211895,3,7,0,7,2,3,t,t,f,f,13.40810882,52.5370303
211894,1,6,16,4,3,5,f,t,f,t,13.38147853,52.51513328
211893,1,6,19,6,2,3,t,t,f,f,13.3517825,52.55870727
211892,12,6,7,2,3,5,f,t,f,f,13.31057901,52.56799401
211891,1,5,7,6,2,5,t,t,f,f,13.40955285,52.52890299
211890,3,6,11,4,3,6,f,f,t,t,13.43033558,52.55128335
211889,9,7,10,1,3,5,f,t,f,f,13.59156491,52.43228105
211888,10,5,6,3,3,0,f,f,f,t,13.55057364,52.55993064
211887,6,6,18,3,3,5,t,t,f,f,13.33504063,52.42102395
211886,6,7,9,3,3,5,t,t,f,f,13.3279133,52.42419303
211885,7,7,14,3,3,0,t,f,t,f,13.36061087,52.49445055
211884,8,5,11,7,3,4,t,f,f,f,13.42120833,52.46658412
211883,5,6,13,5,3,0,f,t,f,f,13.20021868,52.5359109
211882,4,6,19,4,3,6,t,f,t,f,13.28346511,52.5063975
211881,3,4,18,3,3,5,f,t,f,f,13.41365974,52.54763939
211880,5,3,17,2,2,5,t,t,f,f,13.18478266,52.54760943
211879,12,4,16,5,3,0,f,f,f,f,13.35679099,52.60518141
211878,4,5,14,3,3,1,f,t,f,f,13.28944525,52.47623163
211877,3,5,19,3,3,1,t,t,f,f,13.41622235,52.53659725
211876,7,4,11,5,2,6,f,t,t,f,13.3775386,52.44261345
211875,7,5,10,7,3,3,f,t,f,t,13.37611694,52.45875966
211874,11,4,21,1,3,2,f,t,f,f,13.47566698,52.50140872
211873,1,5,6,5,3,0,f,t,f,t,13.40229524,52.52983992
211872,6,4,11,3,3,6,t,f,t,f,13.34114052,52.46410383
211871,3,3,4,3,3,2,f,t,f,f,13.45735813,52.52869779
211870,5,5,17,6,2,5,f,t,f,f,13.1663239,52.52395331
211869,6,4,9,4,3,1,f,t,f,f,13.24032273,52.44304976
211868,8,3,12,2,3,6,f,t,t,f,13.4516555,52.48079011
211867,3,4,17,1,3,1,f,t,f,f,13.41460354,52.56715641
211866,8,3,14,6,3,2,f,t,f,f,13.4336371,52.44419849
211865,5,5,16,2,3,5,t,t,f,f,13.20959597,52.54756669
211864,9,5,16,5,3,2,f,t,f,f,13.61900818,52.45561147
211863,12,5,0,4,3,5,f,t,f,f,13.32180944,52.56056233
211862,2,4,14,5,3,6,t,f,t,f,13.47309576,52.51532116
211861,8,4,11,6,3,4,t,f,f,f,13.42398555,52.48653384
211860,2,4,15,3,3,0,t,f,f,f,13.42039386,52.48743985
211859,7,3,20,4,3,5,f,t,f,f,13.37291906,52.43691348
211858,1,4,11,6,3,0,t,f,f,f,13.37405547,52.55653653
211857,6,5,16,7,3,1,t,t,f,f,13.35103584,52.44948809
211856,3,4,10,3,3,5,t,t,f,f,13.48319433,52.55488658
211855,7,5,5,3,3,0,t,f,f,f,13.40016206,52.48372758
211854,2,5,17,6,3,5,t,t,f,f,13.37967633,52.49261261
211853,5,5,13,5,3,2,f,t,f,f,13.18353517,52.54180671
211852,8,4,8,1,3,0,f,f,f,t,13.43989743,52.48961461
211851,7,3,13,4,3,5,t,f,f,f,13.34960482,52.48738581
211850,10,5,11,3,3,2,f,t,f,f,13.59230256,52.54852159
211849,4,3,18,2,3,0,t,t,f,f,13.33459134,52.49508103
211848,4,4,6,4,3,5,t,t,f,f,13.31625689,52.46714062
211847,1,3,18,5,3,5,f,t,f,f,13.42346314,52.52381741
211846,1,5,12,3,3,2,t,f,f,f,13.32997448,52.52378397
211845,9,4,20,1,3,5,t,t,f,f,13.49572252,52.4489696
211844,6,5,15,2,3,5,f,t,f,f,13.25925313,52.43266235
211843,3,4,10,5,3,2,f,t,f,f,13.42430674,52.5395947
211842,5,5,12,1,3,0,f,f,f,f,13.20362505,52.53992137
211841,5,5,12,6,3,0,f,t,f,f,13.20769844,52.55586198
211840,10,4,7,2,3,5,t,t,f,f,13.56380196,52.51876312
211839,12,4,12,6,2,6,f,t,t,f,13.32422691,52.56089852
211838,12,4,15,4,3,5,f,t,f,f,13.32949581,52.56237079
211837,6,5,14,5,3,5,t,t,f,f,13.30958178,52.43125232
211836,1,4,16,3,3,5,t,t,f,f,13.39293291,52.51500182
211835,6,3,13,3,3,5,f,t,f,f,13.23003217,52.43090694
211834,6,4,13,6,2,6,f,t,t,f,13.32381265,52.41863358
211833,2,3,19,7,3,0,t,t,f,f,13.45740002,52.51290392
211832,12,5,21,4,2,6,f,t,t,f,13.34681446,52.56707186
211831,6,5,13,2,2,0,f,t,f,f,13.31544691,52.44887384
211830,10,4,16,5,3,2,f,t,f,f,13.52262913,52.52569401
211829,6,4,10,3,3,7,t,f,f,f,13.33932193,52.45892118
211828,4,4,6,3,3,5,f,t,f,f,13.31279641,52.48047329
211827,2,5,1,7,3,0,t,f,f,f,13.45320272,52.51047603
211826,2,4,13,4,3,5,t,f,f,f,13.39469678,52.49167019
211825,6,3,9,3,3,2,f,t,f,f,13.31671167,52.42582092
211824,6,4,14,6,3,5,t,t,f,f,13.32078468,52.45181449
211823,8,5,20,6,3,5,f,t,f,f,13.48527368,52.43255181
211822,1,5,17,6,3,5,f,t,f,f,13.40987822,52.52432426
211821,6,3,18,4,3,6,f,f,t,f,13.31488632,52.43060043
211820,2,4,13,7,3,1,t,t,f,f,13.45014143,52.50976768
211819,2,3,12,7,3,2,f,t,f,f,13.44631984,52.50279215
211818,9,5,13,2,2,0,t,t,f,f,13.68691518,52.44065785
211817,3,5,12,6,2,5,f,t,f,f,13.44720746,52.58365524
211816,2,5,7,4,3,5,f,t,f,f,13.39953762,52.49831463
211815,7,4,14,7,3,0,f,t,f,f,13.3831879,52.46097647
211814,7,5,15,7,3,5,t,f,f,t,13.37532173,52.45551174
211813,12,4,15,4,3,6,f,t,t,f,13.35915941,52.57422963
211812,5,3,17,4,3,1,f,t,f,t,13.18637223,52.53777194
211811,2,4,9,2,3,5,t,f,f,f,13.39718447,52.50047781
211810,7,4,16,2,3,2,f,t,f,f,13.38769533,52.44793379
211809,11,5,14,7,3,5,t,f,f,f,13.52360189,52.56555825
211808,8,5,11,7,3,1,t,t,f,f,13.42585885,52.47833133
211807,9,4,22,2,3,2,t,t,f,f,13.51946903,52.45413109
211806,10,5,18,3,3,5,t,t,f,f,13.5874744,52.52365691
211805,4,5,17,7,3,5,t,t,f,f,13.29182238,52.50667743
211804,11,5,7,5,3,6,t,f,t,f,13.49319036,52.56812495
211803,6,4,8,2,3,5,t,t,f,f,13.34600163,52.43459557
211802,8,3,13,4,2,5,f,t,f,f,13.47740048,52.42572095
211801,1,4,11,3,3,5,f,t,f,f,13.38434961,52.55589665
211800,2,5,20,3,3,5,f,t,f,f,13.40634959,52.50260082
211799,7,4,8,3,3,5,t,t,f,f,13.37030412,52.46716542
211798,2,3,16,2,2,5,t,t,f,f,13.43193747,52.51512276
211797,2,4,23,5,2,6,f,t,t,f,13.3894543,52.49595052
211796,12,3,11,5,3,5,t,t,f,f,13.33589601,52.56494231
211795,1,5,6,3,3,5,t,t,f,f,13.36911004,52.54621369
211794,7,5,17,7,3,1,t,t,f,f,13.3562091,52.4880637
211793,9,4,12,3,3,0,f,t,f,f,13.59664841,52.44150051
211792,11,3,19,4,3,0,f,t,f,t,13.52513325,52.49521499
211791,2,4,13,5,3,5,t,t,f,f,13.39833301,52.50706829
211790,3,4,14,2,3,0,t,f,f,f,13.42595531,52.5423736
211789,3,5,1,1,2,1,t,t,f,f,13.42743127,52.56055503
211788,9,5,21,7,2,6,f,t,t,f,13.49597168,52.43747817
211787,4,4,0,1,3,2,t,f,f,f,13.31079301,52.5257543
211786,1,5,1,3,3,0,f,f,f,f,13.35786397,52.54467741
211785,3,5,13,6,3,6,f,t,t,f,13.46188983,52.60939496
211784,3,5,8,5,3,5,t,t,f,f,13.39594445,52.56597877
211783,1,4,23,1,3,0,f,t,f,f,13.35633724,52.55540244
211782,8,3,15,4,3,3,t,f,f,f,13.43490879,52.42845958
211781,4,4,17,3,3,5,t,f,f,f,13.32358636,52.49149495
211780,9,5,18,3,3,2,f,t,f,f,13.73027787,52.43020555
211779,6,3,13,2,2,5,f,t,f,f,13.34080368,52.44327937
211778,1,4,9,4,3,5,t,t,f,f,13.37199963,52.53888736
211777,3,3,18,5,3,5,t,t,f,f,13.40252594,52.55430063
211776,12,5,17,2,3,1,f,t,f,f,13.36142135,52.56765041
211775,4,4,13,1,3,0,t,f,f,f,13.28377263,52.49781642
211774,10,5,7,2,3,5,t,t,f,f,13.5645969,52.54286913
211773,9,4,14,4,3,2,f,t,f,f,13.50945919,52.47266448
211772,5,5,14,7,3,5,t,f,f,f,13.19702836,52.53137584
211771,3,4,10,3,3,5,f,t,f,t,13.41090633,52.53061994
211770,1,4,13,7,3,2,f,t,f,f,13.38250349,52.55192975
211769,5,5,12,6,2,5,f,t,f,t,13.15783984,52.54306902
211768,11,4,9,3,3,0,f,t,f,f,13.49323226,52.51442259
211767,5,4,16,6,2,5,f,t,f,t,13.14159926,52.53245201
211766,1,4,17,3,2,6,f,t,t,f,13.39133729,52.55037614
211765,11,5,14,4,3,0,t,t,f,f,13.52184891,52.50073658
211764,5,4,10,4,2,5,f,f,f,f,13.19867703,52.53278942
211763,1,3,15,3,3,5,t,t,f,f,13.36033767,52.53724679
211762,7,4,18,6,3,2,f,t,f,t,13.35665098,52.49023829
211761,3,3,11,6,2,5,t,t,f,f,13.48713242,52.61746729
211760,1,5,15,4,3,5,f,t,f,f,13.34605931,52.54485383
211759,4,5,15,3,2,5,t,t,f,f,13.32437488,52.48743695
211758,5,4,9,6,3,5,t,t,f,f,13.17720198,52.54888451
211757,11,4,7,3,3,6,f,t,t,f,13.47767801,52.53085994
211756,4,5,9,7,3,5,f,t,f,t,13.30240199,52.50673864
211755,8,4,19,3,3,1,t,t,f,f,13.4559771,52.48232386
211754,1,3,10,3,3,0,t,t,f,f,13.33249864,52.54556742
211753,7,4,16,5,3,2,f,t,f,t,13.37453042,52.46841153
211752,2,5,10,6,3,5,f,t,f,f,13.46575137,52.49920772
211751,9,5,22,6,3,5,f,t,f,t,13.50021136,52.45990054
211750,10,3,18,4,3,5,t,t,f,f,13.56102023,52.54747538
211749,8,4,23,3,3,0,f,f,f,f,13.45031667,52.4708423
211748,12,3,8,7,3,5,t,t,f,f,13.30029808,52.57006258
211747,9,5,18,2,3,2,f,t,f,f,13.56197181,52.45651395
211746,12,5,15,5,3,5,f,t,f,f,13.29250506,52.58107554
211745,5,5,6,4,2,5,f,f,f,t,13.23467464,52.52930477
211744,8,4,22,6,3,5,f,t,f,f,13.44525039,52.47919061
211743,9,5,16,1,3,0,t,f,f,f,13.51986159,52.46112067
211742,8,4,17,4,3,5,t,t,f,f,13.43787194,52.47314376
211741,6,3,11,4,3,0,f,t,f,f,13.34608176,52.43609567
211740,3,4,20,6,3,6,t,f,t,f,13.39961849,52.56650508
211739,5,4,18,2,3,1,f,t,f,f,13.15396135,52.46277947
211738,10,5,16,2,3,5,f,t,f,t,13.53370741,52.55536837
211737,5,5,13,7,3,2,f,t,f,f,13.19548353,52.52905121
211736,4,5,14,3,3,5,t,t,f,f,13.29277039,52.50673296
211735,11,5,7,6,3,6,t,f,t,f,13.51019905,52.49621196
211734,1,4,8,3,3,2,t,t,f,f,13.38936883,52.51476313
211733,9,5,15,5,3,5,t,t,f,f,13.50917052,52.47342773
211732,3,4,17,1,3,2,f,t,f,f,13.45256693,52.55791037
211731,5,4,11,5,3,6,f,t,t,f,13.18674135,52.5376919
211730,1,4,15,3,3,0,t,f,t,f,13.33581696,52.5157258
211729,6,5,20,5,2,2,f,t,f,f,13.33199518,52.44250956
211728,7,4,21,3,3,1,f,f,f,t,13.36026748,52.48232325
211727,12,3,13,1,2,9,f,t,f,f,13.36031944,52.561917
211726,11,4,13,6,3,2,f,t,f,f,13.51608058,52.56577139
211725,1,3,15,5,3,1,t,t,f,f,13.37580014,52.54261118
211724,2,5,12,2,3,5,t,f,f,f,13.43204078,52.49933259
211723,1,4,20,2,3,2,f,t,f,f,13.40562585,52.51122478
211722,10,5,18,2,3,5,f,t,f,f,13.58900804,52.54127559
211721,9,4,17,4,3,2,f,t,f,f,13.55603926,52.43356737
211720,6,5,15,1,3,5,f,t,f,t,13.13898343,52.41720975
211719,6,5,18,5,3,0,t,f,f,f,13.34300522,52.45044179
211718,12,4,8,3,3,6,f,t,t,f,13.35227919,52.56930991
211717,9,4,17,5,2,9,f,f,f,t,13.50931982,52.47272339
211716,11,4,15,3,3,5,f,t,f,t,13.52180955,52.56708074
211715,12,4,17,3,2,5,t,f,f,t,13.34772349,52.57583415
211714,12,5,14,6,3,5,t,t,f,f,13.29260823,52.57869006
211713,6,4,0,5,2,1,f,t,f,f,13.34645572,52.43124172
211712,5,3,13,2,2,5,f,f,f,f,13.22597069,52.55504204
211711,8,4,19,7,3,0,f,t,f,f,13.42635647,52.42428545
211710,2,3,8,6,3,5,f,t,f,t,13.39607229,52.50706281
211709,12,5,22,3,3,5,f,t,f,t,13.35137312,52.57809901
211708,1,5,14,3,3,6,f,t,t,f,13.3479208,52.50350426
211707,2,4,18,5,3,5,t,t,f,f,13.3950138,52.49762908
211706,12,4,17,2,3,5,f,t,f,t,13.28125756,52.58541274
211705,4,5,13,2,3,5,t,f,f,f,13.26716746,52.49642667
211704,3,4,8,4,2,5,t,t,f,f,13.43804747,52.54619123
211703,8,5,12,7,2,6,t,f,t,f,13.44874252,52.47321813
211702,1,4,16,1,3,0,f,f,f,t,13.36729382,52.52403269
211701,1,5,13,6,3,5,t,t,f,f,13.3905488,52.5630245
211700,3,4,12,2,3,5,t,f,f,f,13.42022521,52.53814972
211699,1,4,9,7,3,5,t,t,f,f,13.38010374,52.53279773
211698,10,5,15,5,3,9,f,t,f,f,13.5724811,52.50550926
211697,7,4,10,4,3,5,f,t,f,f,13.40196058,52.39047407
211696,1,3,16,3,3,5,f,t,f,t,13.36781263,52.52609486
211695,4,4,10,1,3,5,f,t,f,f,13.30934782,52.49207382
211694,4,3,10,6,3,5,t,t,f,f,13.28082185,52.47696018
211693,2,5,16,4,3,5,t,t,f,f,13.42196273,52.4930238
211692,11,5,15,3,3,6,t,t,t,f,13.46949862,52.50236829
211691,10,4,18,6,3,5,f,t,f,f,13.59294865,52.54840913
211690,1,5,15,6,3,5,t,f,f,t,13.41343721,52.50672825
211689,8,4,12,4,3,4,t,t,f,f,13.499183,52.40860486
211688,9,3,11,3,3,2,f,t,f,f,13.55912695,52.44842248
211687,5,4,12,6,3,8,f,f,f,t,13.20342776,52.55551779
211686,1,4,12,3,3,4,t,t,f,f,13.4044399,52.52884895
211685,2,5,18,7,3,5,f,t,f,t,13.39070837,52.50556348
211684,1,5,15,6,3,1,f,t,f,t,13.38628925,52.54931323
211683,10,3,15,4,3,5,t,f,f,f,13.51726149,52.53528918
211682,9,4,13,2,3,5,t,f,f,f,13.45404352,52.48891343
211681,4,5,15,2,3,5,t,t,f,f,13.26912732,52.48508185
211680,7,5,9,5,3,0,f,f,f,t,13.37894017,52.44901224
211679,6,5,18,4,3,5,f,t,f,f,13.34957527,52.44913401
211678,4,4,2,7,3,2,t,t,f,f,13.30015538,52.50492285
211677,2,3,8,3,3,5,t,t,f,f,13.42491378,52.50208727
211676,5,5,5,2,2,5,t,t,f,f,13.27736274,52.5351849
211675,4,5,7,4,2,5,t,t,f,f,13.30073648,52.50683807
211674,8,4,8,4,2,0,t,f,f,f,13.47059148,52.43534392
211673,7,3,9,4,3,0,f,f,f,f,13.36198534,52.49770631
211672,11,5,16,7,3,6,t,f,t,f,13.51498728,52.5673143
211671,6,4,13,1,3,3,t,t,f,f,13.31043464,52.42109875
211670,3,5,8,2,3,5,f,t,f,f,13.36052676,52.58537385
211669,3,5,12,2,3,0,f,t,f,f,13.41284621,52.54675716
211668,1,5,10,6,3,1,t,t,f,f,13.42518009,52.51617866
211667,7,5,10,5,3,2,f,t,f,f,13.34598257,52.4971813
211666,3,4,13,3,3,5,f,t,f,f,13.50733601,52.63572805
211665,8,4,12,1,3,2,f,t,f,f,13.44618562,52.46816492
211664,3,4,11,6,3,5,f,t,f,f,13.46769477,52.55393326
211663,6,4,13,4,2,5,f,t,f,f,13.2037921,52.42764706
211662,2,5,17,4,3,5,f,t,f,t,13.42805701,52.50125419
211661,1,4,12,3,2,1,t,t,f,f,13.40960769,52.52821006
211660,7,3,19,2,2,5,t,t,f,f,13.37314729,52.48787424
211659,9,4,12,5,3,5,t,t,f,f,13.5755225,52.44748242
211658,6,3,12,5,3,5,f,t,f,f,13.29360595,52.44579397
211657,1,5,19,4,3,0,f,t,f,t,13.35130439,52.52435548
211656,3,5,19,3,3,2,t,t,f,f,13.41399048,52.55362871
211655,4,4,9,5,3,2,f,t,f,f,13.27094141,52.51039534
211654,12,5,15,1,3,2,f,t,f,f,13.25973317,52.57091047
211653,8,4,17,7,3,6,t,f,t,f,13.43941182,52.45276072
211652,10,5,18,5,3,6,f,f,t,t,13.62217121,52.53292906
211651,7,4,18,2,3,5,t,t,f,f,13.38025093,52.48188827
211650,8,3,13,3,3,1,t,t,f,f,13.43710469,52.47298514
211649,1,4,18,4,2,1,f,t,f,f,13.36893601,52.55244926
211648,7,5,14,6,2,0,f,t,f,f,13.41545502,52.45146109
211647,12,4,17,5,3,5,f,t,f,f,13.36778735,52.60272708
211646,8,3,9,2,3,3,t,t,f,f,13.42816257,52.49343641
211645,4,4,19,7,3,5,t,t,f,f,13.32305618,52.50566947
211644,9,3,15,6,2,6,f,t,t,f,13.54229453,52.39977463
211643,9,5,7,2,2,5,t,t,f,f,13.53087359,52.415674
211642,3,5,12,5,3,5,f,t,f,f,13.4526474,52.53920809
211641,2,5,17,4,2,5,f,t,f,f,13.39946018,52.49828858
211640,9,4,14,5,2,6,f,f,t,t,13.51130031,52.46423023
211639,7,4,11,6,3,5,t,t,f,f,13.35221893,52.49670323
211638,7,4,19,3,3,1,f,t,f,f,13.38400988,52.47157597
211637,7,3,9,4,3,2,t,t,f,f,13.35411406,52.48816576
211636,7,4,21,6,2,5,t,f,f,t,13.33779171,52.47372792
211635,9,5,17,1,3,1,f,t,f,f,13.48962619,52.4732389
211634,6,3,17,4,3,1,t,t,f,f,13.20511402,52.43406488
211633,11,4,10,2,3,1,f,t,f,f,13.49204146,52.57228405
211632,3,5,12,2,3,5,f,t,f,f,13.43891222,52.56865355
211631,1,5,7,6,3,6,f,t,t,f,13.33138964,52.53097769
211630,9,5,12,4,2,6,f,f,t,f,13.58080779,52.46002567
211629,1,5,16,5,3,2,t,t,f,f,13.34498673,52.5389204
211628,7,4,12,6,3,5,t,t,f,f,13.36343594,52.47863736
211627,1,4,15,5,2,5,t,t,f,f,13.35286552,52.50400097
211626,10,5,19,3,3,5,t,t,f,f,13.56744779,52.57332232
211625,3,3,18,2,3,0,f,f,f,t,13.46025249,52.52932499
211624,7,4,8,5,3,6,f,t,t,f,13.36250968,52.49352374
211623,12,3,11,5,3,5,t,t,f,f,13.35880919,52.59682572
211622,7,5,15,3,3,5,f,t,f,f,13.38792759,52.42073805
211621,5,4,17,1,2,0,f,f,f,t,13.22672296,52.55027372
211620,4,5,12,2,3,2,f,t,f,f,13.27920821,52.50317221
211619,4,4,16,4,3,5,t,t,f,f,13.29387069,52.4963628
211618,9,3,6,3,3,5,f,t,f,f,13.57881812,52.41938226
211617,3,4,6,6,3,3,f,t,f,t,13.45567002,52.62321573
211616,8,5,14,7,3,5,f,t,f,t,13.429927,52.46992699
211615,2,5,14,7,3,5,t,t,f,f,13.42249886,52.49918205
211614,9,3,18,3,3,2,f,t,f,f,13.56222543,52.43710586
211613,8,4,20,2,3,0,t,f,f,f,13.47316505,52.46454543
211612,7,5,20,2,2,5,t,f,f,f,13.32208602,52.47348581
211611,3,5,6,5,3,5,f,t,f,f,13.44477772,52.61533224
211610,4,5,8,4,3,1,t,f,f,f,13.30380275,52.50317426
211609,2,4,14,6,3,5,t,t,f,f,13.43065848,52.51109551
211608,5,4,13,5,3,5,t,t,f,f,13.20068223,52.53872447
211607,6,4,9,6,3,6,f,t,t,f,13.33264288,52.45590006
211606,3,5,20,3,2,2,f,f,f,t,13.49142984,52.63759046
211605,11,4,16,4,3,5,t,t,f,f,13.52455102,52.55968746
211604,3,3,7,4,3,0,t,f,f,f,13.39083032,52.58377227
211603,6,5,11,3,3,5,f,t,f,f,13.33131018,52.42004052
211602,2,4,19,2,3,5,t,t,f,f,13.46342135,52.50817349
211601,8,5,16,2,3,0,f,f,f,t,13.48985837,52.43147192
211600,1,5,23,2,3,1,f,t,f,f,13.34203843,52.54502973
211599,2,5,20,6,3,2,t,t,f,f,13.46024228,52.50893091
211598,4,5,16,5,3,5,t,t,f,f,13.31579729,52.50611231
211597,1,4,8,2,3,0,t,t,f,f,13.41753239,52.5132005
211596,1,4,17,5,3,5,f,t,f,f,13.36572578,52.55683316
211595,12,5,14,4,3,3,f,t,f,t,13.29704053,52.5774424
211594,12,4,13,3,3,5,f,t,f,t,13.33605319,52.61847695
211593,5,3,15,1,3,5,f,t,f,f,13.22720379,52.54945951
211592,3,4,7,5,2,6,f,t,t,f,13.4144856,52.60891033
211591,10,3,11,5,3,2,f,t,f,f,13.57285013,52.55036053
211590,12,5,9,4,3,5,f,t,f,f,13.34591626,52.5743434
211589,3,5,11,3,3,0,t,t,f,f,13.414899,52.53893181
211588,5,4,7,5,3,0,f,t,f,t,13.13361158,52.46161224
211587,8,5,14,1,3,2,f,t,f,f,13.45295499,52.44561625
211586,2,4,11,2,3,5,f,t,f,f,13.39438557,52.50702055
211585,10,5,9,6,3,0,t,t,f,f,13.56561682,52.52920528
211584,8,4,15,3,3,2,f,t,f,f,13.46484703,52.42960278
211583,9,3,13,3,3,5,f,t,f,f,13.48553559,52.46431819
211582,5,4,4,3,2,9,f,t,f,f,13.21724059,52.53784931
211581,2,5,17,6,3,3,f,t,f,t,13.40907684,52.48891801
211580,11,4,13,4,2,0,f,t,f,f,13.52536383,52.48112819
211579,2,3,18,3,3,5,t,t,f,f,13.37207762,52.48500996
211578,6,4,13,6,2,2,f,t,f,t,13.29933565,52.44785187
211577,1,3,11,7,3,2,f,t,f,f,13.38691049,52.55950415
211576,1,5,10,2,3,2,f,t,f,f,13.40999887,52.51614799
211575,2,5,17,5,3,5,t,t,f,f,13.39502834,52.4976281
211574,12,5,19,4,3,5,f,t,f,f,13.29835361,52.57978996
211573,1,4,18,6,3,5,f,t,f,f,13.39211035,52.50779519
211572,6,5,14,7,3,5,f,t,f,f,13.28597377,52.45301643
211571,4,4,13,4,2,5,f,t,f,t,13.31398584,52.50692885
211570,7,3,12,4,3,1,f,t,f,f,13.40902018,52.38708693
211569,2,4,13,5,3,5,t,t,f,f,13.44333771,52.51196561
211568,3,5,9,7,3,5,t,t,f,f,13.41208744,52.54314154
211567,11,5,18,7,3,5,f,t,f,f,13.4854491,52.52667713
211566,4,4,12,2,3,6,f,f,t,f,13.26154339,52.51593923
211565,5,5,17,3,2,6,f,t,t,f,13.19720578,52.52425006
211564,1,5,23,6,3,0,t,t,f,f,13.3392563,52.52585483
211563,11,5,17,4,3,0,f,t,f,f,13.53344612,52.49169072
211562,1,4,20,4,3,0,f,f,f,t,13.38988524,52.53527464
211561,12,4,18,1,3,2,f,t,f,f,13.32207709,52.5605982
211560,1,3,14,4,3,0,t,f,f,f,13.39636016,52.51972246
211559,2,5,11,3,3,1,t,f,f,f,13.44103945,52.49895701
211558,5,3,11,1,2,6,f,t,t,f,13.15985439,52.52186019
211557,8,4,12,5,3,3,f,t,f,t,13.44169584,52.46970088
211556,3,3,8,5,3,5,f,t,f,f,13.47954076,52.64368729
211555,4,5,8,3,3,3,f,t,f,t,13.31179254,52.49755715
211554,12,4,10,2,3,5,t,f,f,f,13.29193313,52.59054982
211553,1,5,8,2,3,5,f,f,f,f,13.34133073,52.50519585
211552,4,4,19,4,2,5,t,t,f,f,13.2843511,52.48672128
211551,3,5,13,7,3,6,t,f,t,f,13.39816443,52.56757065
211550,3,5,13,5,3,5,f,t,f,f,13.41720305,52.54340241
211549,12,4,11,3,3,6,t,f,t,f,13.30825408,52.61564096
211548,4,4,14,6,3,5,f,t,f,f,13.27924671,52.5035184
211547,6,4,13,4,3,5,f,t,f,f,13.25530839,52.44063175
211546,4,5,13,4,3,2,f,t,f,t,13.28092725,52.51836505
211545,2,4,13,3,3,6,f,t,t,f,13.46545637,52.51632005
211544,1,3,15,3,3,2,f,t,f,f,13.35121537,52.52896551
211543,2,4,16,5,3,5,t,f,f,f,13.39837056,52.48889072
211542,12,3,17,7,3,6,f,t,t,f,13.35806053,52.59678691
211541,11,5,16,4,3,2,f,t,f,f,13.50144479,52.48300665
211540,3,5,15,3,3,6,f,t,t,f,13.44125684,52.54956383
211539,2,4,6,6,3,6,t,f,t,f,13.40795446,52.48917882
211538,6,4,7,3,2,5,t,t,f,f,13.28592537,52.4497301
211537,8,5,7,7,3,5,f,t,f,f,13.4778069,52.41778287
211536,1,4,10,4,3,5,t,t,f,f,13.34370646,52.54630824
211535,1,3,18,2,3,0,t,f,f,f,13.40266161,52.52351492
211534,12,4,10,5,3,5,f,t,f,f,13.34766538,52.58284782
211533,9,5,13,7,2,5,t,t,f,f,13.5783087,52.45926031
211532,7,5,14,6,3,5,f,t,f,f,13.38579489,52.39141872
211531,4,4,17,1,3,1,t,t,f,f,13.28517291,52.48395424
211530,1,4,11,6,3,5,f,t,f,f,13.35901932,52.54639136
211529,7,5,9,5,3,0,f,t,f,t,13.38746426,52.48457575
211528,11,4,17,3,3,5,f,t,f,t,13.50906725,52.54215922
211527,3,3,11,3,3,0,f,t,f,f,13.4959227,52.64096485
211526,7,4,9,6,3,5,f,t,f,f,13.37884093,52.43766205
211525,5,3,17,6,3,6,f,f,t,f,13.13440275,52.55052948
211524,1,5,18,4,3,5,t,t,f,f,13.41365536,52.51129546
211523,9,5,17,3,3,5,t,t,f,f,13.58038795,52.41760805
211522,4,4,11,6,3,0,f,f,t,f,13.29527357,52.49774661
211521,10,4,14,3,2,6,f,t,t,f,13.57352891,52.55228384
211520,12,5,17,6,3,2,f,t,f,t,13.28658075,52.57560101
211519,6,4,13,3,3,5,f,t,f,t,13.3394278,52.46037484
211518,5,3,16,2,3,2,f,t,f,f,13.18466963,52.51543212
211517,7,4,12,5,3,5,t,t,f,f,13.3409307,52.49930274
211516,11,5,18,6,3,1,t,t,f,f,13.50171561,52.50666748
211515,4,3,17,4,3,5,t,f,f,f,13.28809637,52.50296879
211514,1,4,18,6,3,0,f,t,f,f,13.37501802,52.54343172
211513,2,3,16,7,3,6,f,t,t,f,13.46997306,52.51240728
211512,7,5,19,2,3,5,t,t,f,f,13.37051781,52.46893873
211511,1,5,19,5,3,5,f,t,f,f,13.38233268,52.52302296
211510,7,5,21,4,3,1,t,t,f,f,13.40140321,52.38455211
211509,5,4,15,6,3,2,f,t,f,f,13.18896737,52.52159615
211508,11,5,22,7,3,5,t,t,f,f,13.49522531,52.50486612
211507,11,4,13,4,3,5,t,t,f,f,13.52761195,52.49093233
211506,3,3,23,4,3,5,t,t,f,f,13.41441569,52.55389239
211505,6,4,12,7,3,1,f,t,f,f,13.35991552,52.4465178
211504,7,5,17,1,3,5,t,t,f,f,13.37193623,52.46989494
211503,3,5,22,7,3,5,f,t,f,f,13.42212774,52.53542746
211502,8,4,8,3,3,2,f,t,f,f,13.50338843,52.41168321
211501,9,5,6,3,3,0,f,f,f,t,13.51098923,52.47190108
211500,1,5,10,6,3,5,f,t,f,t,13.3286483,52.52853893
211499,1,4,8,4,3,5,t,f,f,f,13.4097959,52.52401449
211498,5,5,10,5,3,3,t,f,f,f,13.12986717,52.45283908
211497,6,4,8,2,3,6,f,t,t,f,13.31040751,52.43096323
211496,2,4,12,5,3,2,t,t,f,f,13.4570388,52.5029349
211495,8,5,19,4,3,1,t,t,f,f,13.42655463,52.47664266
211494,1,4,18,3,3,3,f,t,f,f,13.41797529,52.51556726
211493,2,3,14,2,3,3,t,t,f,f,13.39918668,52.50413846
211492,8,4,15,5,3,1,f,t,f,f,13.44368207,52.4856523
211491,5,3,12,5,2,6,t,f,t,f,13.19676825,52.53142126
211490,1,5,15,2,3,0,f,f,t,t,13.37920353,52.5528853
211489,8,4,10,2,3,5,f,t,f,f,13.4617461,52.43080325
211488,7,5,19,2,3,1,t,f,f,f,13.36198201,52.48583918
211487,1,4,20,4,3,4,t,f,f,f,13.40100053,52.53002757
211486,2,5,16,7,3,5,f,t,f,f,13.43536287,52.5216576
211485,4,4,19,1,3,5,f,t,f,f,13.28297035,52.51865001
211484,4,5,11,6,3,0,t,f,f,f,13.28721486,52.49601456
211483,7,4,15,2,3,1,f,t,f,t,13.35790024,52.49444643
211482,6,4,14,6,3,2,f,t,f,f,13.27484591,52.46067377
211481,1,4,7,3,2,5,f,t,f,t,13.32927356,52.53899663
211480,7,5,11,4,3,2,f,t,f,f,13.35499443,52.41328717
211479,6,4,9,4,3,2,f,t,f,f,13.34438887,52.43804696
211478,10,3,14,3,3,2,f,t,f,f,13.5636707,52.51728837
211477,1,4,19,1,3,3,t,t,f,f,13.34314045,52.52662925
211476,9,3,9,6,3,5,t,t,f,f,13.50385174,52.46082287
211475,10,5,15,4,3,3,f,f,f,t,13.58393548,52.51514124
211474,4,5,14,3,3,5,f,t,f,f,13.27797911,52.50338944
211473,11,4,19,5,3,0,f,f,f,t,13.49991838,52.53421862
211472,12,5,18,6,3,5,f,t,f,f,13.33063875,52.56257787
211471,1,4,19,3,3,0,f,t,f,f,13.37675775,52.50987801
211470,6,3,12,3,3,5,f,t,f,t,13.32055697,52.4298626
211469,9,4,14,6,3,5,t,t,f,f,13.56461894,52.4386241
211468,1,5,17,6,3,5,f,t,f,f,13.38149975,52.552418
211467,12,5,7,6,2,5,t,t,f,f,13.24003187,52.61875228
211466,9,3,8,4,3,1,t,t,f,f,13.53011603,52.45693587
211465,1,4,16,2,3,0,t,f,f,f,13.36850282,52.55234797
211464,2,5,15,2,3,1,t,t,f,f,13.43976416,52.51922605
211463,11,5,14,5,3,5,t,f,f,f,13.47782433,52.51017754
211462,2,5,8,4,3,2,t,t,f,f,13.45489562,52.50785963
211461,1,4,8,6,3,0,f,t,f,f,13.38529405,52.55033794
211460,11,4,5,6,3,6,f,t,t,f,13.5016837,52.51300965
211459,4,4,8,4,3,2,f,t,f,t,13.29515612,52.47565809
211458,2,3,17,4,3,5,t,t,f,f,13.43209359,52.50941811
211457,3,5,14,7,2,5,t,f,f,f,13.43787274,52.52988216
211456,1,4,5,1,2,6,f,f,t,f,13.38473287,52.52922287
211455,2,5,6,1,3,9,f,t,f,f,13.41861251,52.49922716
211454,11,5,18,7,2,6,f,t,t,f,13.4971204,52.53919271
211453,10,5,7,3,2,2,f,t,f,f,13.60969484,52.53276834
211452,12,5,15,7,3,0,t,f,t,f,13.32596918,52.5874409
211451,4,4,18,6,2,3,t,f,f,f,13.31888895,52.51925737
211450,6,4,7,3,3,5,t,t,f,f,13.303497,52.43229965
211449,8,5,20,5,2,0,t,f,f,f,13.49591083,52.43226405
211448,7,5,6,6,3,5,f,t,f,t,13.37534039,52.45538398
211447,9,3,17,3,3,0,t,t,f,f,13.45448623,52.49405501
211446,8,4,21,7,3,6,f,t,t,f,13.4644828,52.4700889
211445,1,3,11,1,3,9,f,f,f,t,13.34140261,52.50549498
211444,2,5,11,2,3,6,f,t,t,f,13.45203319,52.52776273
211443,3,5,15,6,3,5,t,f,f,f,13.44432109,52.57366447
211442,1,5,21,4,3,1,t,t,f,f,13.4054194,52.53432479
211441,12,4,16,5,3,6,f,f,t,f,13.3029514,52.64523651
211440,6,5,15,1,3,5,t,t,f,f,13.30378325,52.45872763
211439,8,4,11,3,3,5,f,t,f,f,13.43592505,52.4172202
211438,4,4,11,5,2,5,f,t,f,t,13.31440019,52.50954706
211437,8,3,15,4,3,0,t,t,f,f,13.44101657,52.47926868
211436,1,4,19,1,3,5,t,t,f,f,13.38373363,52.55500228
211435,10,5,15,2,2,0,t,f,f,f,13.59914122,52.52831314
211434,12,5,13,7,2,0,f,f,f,f,13.33016413,52.56401803
211433,5,4,18,2,3,6,f,t,t,f,13.16516935,52.53331486
211432,12,5,12,2,3,5,f,t,f,t,13.31241468,52.57694811
211431,2,5,14,7,3,5,t,t,f,f,13.41728093,52.49900702
211430,2,4,13,4,3,5,t,t,f,f,13.40788524,52.50431568
211429,3,5,10,5,3,6,f,t,t,f,13.42784899,52.56792799
211428,2,4,10,2,3,0,t,f,f,f,13.43375869,52.49677259
211427,9,3,14,4,3,1,t,t,f,f,13.66257957,52.41157561
211426,7,4,15,4,3,0,t,t,f,f,13.39157424,52.45752799
211425,7,5,11,4,3,6,t,f,t,f,13.39574086,52.38667295
211424,8,4,15,3,3,6,f,t,t,f,13.46733525,52.42983128
211423,5,3,17,2,3,6,f,t,t,f,13.19749065,52.5242933
211422,5,4,8,6,2,5,t,t,f,f,13.19155943,52.54613821
211421,2,3,17,6,3,2,f,t,f,f,13.43764162,52.50015016
211420,12,5,8,2,3,5,f,t,f,f,13.32856608,52.56242388
211419,5,5,17,2,3,0,f,t,f,f,13.1551364,52.53305464
211418,2,4,15,4,3,5,t,t,f,f,13.40149779,52.50619698
211417,4,5,0,7,3,0,f,t,f,f,13.32756937,52.50380491
211416,11,4,3,2,3,5,f,t,f,f,13.49786613,52.4995672
211415,9,5,13,6,2,5,f,t,f,f,13.51954899,52.42830437
211414,5,4,12,3,2,0,f,t,f,f,13.19828072,52.53301711
211413,1,4,12,7,3,1,t,t,f,f,13.37944051,52.55112444
211412,1,4,16,3,3,2,f,t,f,t,13.41557938,52.52724447
211411,8,5,18,5,3,0,t,t,f,f,13.4528546,52.47531226
211410,12,4,9,5,3,2,f,t,f,f,13.32543546,52.58970283
211409,11,3,8,2,3,5,t,t,f,f,13.47996186,52.52662642
211408,5,4,14,1,2,5,f,t,f,f,13.19847814,52.54284567
211407,9,3,22,6,3,3,f,t,f,f,13.48464785,52.44810111
211406,8,5,16,3,3,2,f,t,f,f,13.43510855,52.42856708
211405,3,5,13,3,3,0,t,t,f,f,13.36748421,52.58636334
211404,7,4,14,5,3,5,t,t,f,f,13.4009311,52.41453729
211403,9,5,8,6,3,5,f,t,f,f,13.58542532,52.42707376
211402,1,4,14,4,3,5,t,t,f,f,13.37923161,52.52945131
211401,1,3,11,3,3,2,f,t,f,f,13.39708151,52.53247678
211400,2,4,12,6,3,1,t,t,f,f,13.42982139,52.50666909
211399,4,5,15,2,3,5,t,f,f,f,13.29160128,52.50667107
211398,2,3,16,3,2,1,t,f,f,f,13.40850181,52.50081295
211397,2,4,11,2,3,0,t,f,f,f,13.45466192,52.51582398
211396,4,5,8,2,2,1,f,t,f,f,13.32860063,52.49521025
211395,10,5,6,5,2,5,t,t,f,f,13.57359192,52.54655353
211394,1,5,21,4,3,5,f,t,f,f,13.32445414,52.53221916
211393,7,4,18,4,3,1,t,t,f,f,13.39321366,52.45996768
211392,12,4,17,6,3,3,f,t,f,t,13.34703374,52.59142494
211391,5,4,15,5,3,1,t,t,f,f,13.20780469,52.53995287
211390,10,5,14,2,3,5,t,t,f,f,13.5720494,52.51328414
211389,7,5,19,4,3,0,f,f,f,t,13.3814614,52.46139182
211388,9,4,6,4,2,6,f,f,t,f,13.59398115,52.45318451
211387,4,3,1,4,2,6,f,f,t,f,13.3281828,52.47894018
211386,12,5,11,2,3,2,f,t,f,f,13.32957774,52.58731686
211385,3,4,19,2,3,5,f,t,f,f,13.42764315,52.56794047
211384,5,5,9,2,3,5,f,t,f,f,13.18347719,52.54152612
211383,2,5,19,2,3,2,f,t,f,f,13.39490303,52.49762595
211382,10,5,11,6,3,2,f,t,f,f,13.6005641,52.5355837
211381,12,4,9,3,3,2,f,t,f,f,13.32378726,52.58737161
211380,1,5,14,5,3,1,t,t,f,f,13.3565772,52.52277529
211379,1,4,7,2,3,3,t,f,f,f,13.38537585,52.53119582
211378,5,4,13,6,2,5,t,t,f,f,13.13324983,52.52632606
211377,6,5,20,5,3,2,f,t,f,f,13.25628249,52.42886546
211376,5,4,12,4,3,1,t,t,f,f,13.27187844,52.53710028
211375,12,3,15,2,3,2,f,t,f,t,13.33060714,52.56255929
211374,10,4,17,5,3,5,f,t,f,f,13.60958067,52.53303437
211373,2,3,9,5,3,5,t,t,f,f,13.41334459,52.49191691
211372,12,5,13,4,3,6,f,t,t,f,13.34756307,52.59636546
211371,5,5,14,2,3,5,f,t,f,f,13.22331723,52.53727292
211370,10,4,16,4,3,2,f,t,f,f,13.55050962,52.54309052
211369,7,5,10,7,3,1,t,t,f,f,13.33039819,52.47428573
211368,6,4,19,1,3,2,t,f,f,t,13.1647402,52.43212258
211367,6,5,19,5,3,1,f,t,f,f,13.33932896,52.4509701
211366,3,4,12,2,3,2,f,t,f,f,13.48358547,52.61891249
211365,10,3,22,3,2,3,f,t,f,f,13.52684063,52.53701452
211364,7,4,15,4,3,5,t,t,f,f,13.34574377,52.50069043
211363,7,5,12,6,3,5,t,t,f,f,13.33618464,52.46743143
211362,3,5,13,5,3,0,f,t,f,t,13.46158076,52.57016807
211361,11,4,1,1,3,3,t,t,f,f,13.48246787,52.53349468
211360,2,3,14,4,3,5,f,f,f,t,13.45272356,52.51242901
211359,6,4,15,4,3,5,f,t,f,t,13.30740005,52.41985087
211358,4,5,17,4,3,0,f,f,f,t,13.30281001,52.50595423
211357,1,4,19,3,3,1,f,t,f,f,13.4004836,52.51883251
211356,7,3,17,1,3,5,f,t,f,f,13.40787068,52.45245744
211355,12,4,22,5,3,1,f,t,f,f,13.34680427,52.5932314
211354,1,3,16,5,3,2,f,t,f,f,13.37601889,52.55468306
211353,8,5,18,2,3,6,f,t,t,f,13.49736641,52.41619378
211352,4,5,11,2,3,3,f,t,f,t,13.31024661,52.51634596
211351,7,4,17,4,3,5,t,f,f,f,13.41622764,52.45941279
211350,1,5,20,1,3,5,t,t,f,f,13.37632216,52.54301614
211349,4,5,11,5,3,3,f,t,f,f,13.29327312,52.53415139
211348,5,4,11,3,3,2,f,t,f,f,13.23981169,52.52629933
211347,4,4,7,5,3,5,t,t,f,f,13.28719257,52.49583258
211346,9,4,16,4,3,5,t,t,f,f,13.52386653,52.45963926
211345,9,5,13,6,2,1,t,t,f,f,13.58992731,52.44622414
211344,4,4,12,5,3,5,t,t,f,f,13.2842205,52.48529266
211343,11,3,12,3,3,0,f,t,f,f,13.47758261,52.5199544
211342,3,4,15,6,3,5,t,t,f,f,13.42698987,52.55221287
211341,7,3,13,6,3,1,t,f,f,f,13.37078546,52.49101727
211340,2,5,19,3,3,5,f,t,f,f,13.3946506,52.50526811
211339,3,5,7,3,3,2,t,t,f,f,13.43467597,52.53185803
211338,1,4,8,5,3,3,f,t,f,f,13.32836159,52.53413014
211337,8,4,20,6,3,0,f,t,f,f,13.4556866,52.4739477
211336,3,4,16,3,3,2,f,t,f,f,13.40858413,52.55340149
211335,8,3,14,3,3,1,t,t,f,f,13.44706529,52.42825093
211334,5,4,12,6,3,0,f,t,f,f,13.20078929,52.53850211
211333,5,5,21,7,3,5,t,t,f,f,13.19555983,52.52922967
211332,7,3,18,3,2,5,t,f,f,t,13.34613789,52.49886831
211331,6,4,15,2,3,2,f,t,f,f,13.24192557,52.4418339
211330,2,5,23,1,3,1,t,t,f,f,13.42954047,52.52190878
211329,1,5,10,5,3,5,t,t,f,f,13.33707297,52.51991881
211328,2,5,19,4,2,6,f,t,t,f,13.43486597,52.50836553
211327,2,5,14,5,3,5,t,t,f,f,13.38377269,52.4943576
211326,8,4,18,4,3,5,t,t,f,f,13.44005158,52.48959502
211325,4,4,11,6,3,1,t,f,f,f,13.30297737,52.509848
211324,11,4,15,5,2,5,t,t,f,f,13.4808901,52.51509726
211323,8,5,22,3,3,2,t,t,f,f,13.45396713,52.47966519
211322,11,3,14,2,3,5,f,t,f,f,13.49895172,52.5075401
211321,1,4,13,5,3,5,f,t,f,f,13.35470698,52.55191692
211320,12,3,16,5,3,5,t,f,f,f,13.36467355,52.5627209
211319,4,5,17,2,3,0,t,t,f,f,13.32623315,52.48637939
211318,1,4,13,2,2,5,t,t,f,f,13.38010142,52.53279687
211317,1,5,17,2,3,1,t,t,f,f,13.36397147,52.54377688
211316,2,4,13,5,3,3,f,t,f,f,13.43156458,52.52332734
211315,11,5,10,1,3,2,f,t,f,t,13.51938762,52.50717607
211314,9,5,12,6,3,6,f,t,t,f,13.57828493,52.4571112
211313,3,4,15,2,3,4,t,t,f,f,13.4709214,52.57271916
211312,2,4,12,5,3,0,t,t,f,f,13.38293378,52.49152841
211311,2,5,19,4,3,5,t,t,f,f,13.46478187,52.49762176
211310,4,4,19,3,3,5,f,t,f,t,13.21842747,52.50888653
211309,4,3,12,3,2,5,t,t,f,f,13.2673214,52.52026401
211308,2,4,21,5,2,8,f,t,f,f,13.37674148,52.49154739
211307,3,3,12,6,3,5,t,t,f,f,13.44713941,52.56483885
211306,1,5,12,4,3,5,t,t,f,f,13.35324426,52.54770064
211305,4,5,16,4,3,5,t,f,f,f,13.28226619,52.5337734
211304,2,4,18,5,3,5,f,t,f,f,13.39963952,52.49844923
211303,1,4,14,3,3,6,f,t,t,f,13.3738368,52.54746785
211302,1,5,22,6,3,0,t,f,f,f,13.38143003,52.51522658
211301,9,4,13,2,3,5,f,t,f,f,13.53119254,52.405138
211300,9,3,9,3,3,2,f,t,f,f,13.50857091,52.46372137
211299,6,4,12,3,3,5,f,t,f,f,13.26531915,52.44194169
211298,11,5,18,6,2,6,f,f,t,f,13.50536805,52.54880586
211297,9,4,9,4,2,0,t,f,f,f,13.66646354,52.44859279
211296,6,3,5,4,2,0,t,f,f,f,13.22965388,52.43249214
211295,3,4,17,6,3,5,f,t,f,f,13.43248936,52.54825636
211294,12,3,14,7,3,6,f,t,t,f,13.36026806,52.59868751
211293,2,5,14,2,2,3,f,t,f,t,13.40904282,52.4928674
211292,6,5,18,5,3,5,t,f,f,f,13.24243892,52.42336712
211291,5,5,11,4,3,5,t,f,f,f,13.16530353,52.55101227
211290,1,4,11,7,3,3,f,t,f,t,13.35771818,52.53610527
211289,4,5,15,1,3,5,t,t,f,f,13.30727971,52.49901967
211288,12,4,6,3,3,5,t,t,f,f,13.33314091,52.57891676
211287,7,3,13,4,3,6,f,t,t,f,13.42062797,52.39319419
211286,7,4,18,7,3,5,f,t,f,f,13.40220239,52.4397065
211285,12,5,17,7,2,1,f,t,f,f,13.34288055,52.56658811
211284,2,5,23,7,3,1,t,t,f,f,13.42592552,52.50357432
211283,4,4,17,2,3,5,t,t,f,f,13.31108889,52.50658725
211282,2,5,15,3,3,2,f,t,f,t,13.45482996,52.51565524
211281,7,5,15,7,2,1,t,t,f,f,13.36068412,52.49598463
211280,1,5,8,5,3,1,t,t,f,f,13.4061122,52.53177459
211279,3,4,7,2,3,6,f,t,t,f,13.43276911,52.59629999
211278,3,3,14,4,2,0,t,f,f,f,13.42518638,52.58074704
211277,6,4,13,4,3,2,f,t,f,f,13.35828441,52.44577698
211276,9,3,10,2,3,0,t,t,f,f,13.62630686,52.46037407
211275,12,4,15,7,3,1,f,t,f,t,13.32008103,52.57269396
211274,11,3,14,6,3,0,t,f,t,f,13.49204619,52.50318267
211273,4,5,9,2,2,5,f,t,f,t,13.32034406,52.47879678
211272,11,5,15,5,2,6,f,t,t,t,13.47152214,52.5355251
211271,1,5,9,4,3,5,t,t,f,f,13.39883461,52.53259954
211270,7,4,9,5,2,5,t,t,f,f,13.34066855,52.49933888
211269,6,4,17,5,3,5,f,t,f,f,13.19145672,52.43374519
211268,9,4,0,3,3,3,f,t,f,f,13.56231013,52.42132684
211267,4,3,15,4,2,0,f,t,f,t,13.24966979,52.51557478
211266,1,4,19,6,3,1,t,t,f,f,13.35752033,52.54531863
211265,3,5,15,7,3,2,t,t,f,f,13.3995139,52.54644554
211264,2,3,17,3,3,3,f,f,f,f,13.39373059,52.49812807
211263,7,4,13,2,3,1,t,f,f,f,13.32627059,52.47739714
211262,1,5,6,3,3,1,f,t,f,t,13.36101348,52.54457461
211261,10,5,19,6,3,5,f,t,f,f,13.57401618,52.54408682
211260,4,5,19,4,3,8,f,t,f,f,13.24574635,52.51556118
211259,1,5,12,5,3,5,t,t,f,f,13.34919714,52.55204519
211258,8,4,21,6,3,3,f,t,f,f,13.43363053,52.45210495
211257,5,3,10,4,3,5,f,t,f,f,13.19671763,52.52735835
211256,8,4,21,3,3,2,f,t,f,f,13.47252723,52.46517389
211255,6,4,15,3,3,2,t,t,f,f,13.32762999,52.42265446
211254,5,5,9,3,3,6,t,f,t,f,13.19339643,52.52397852
211253,12,3,18,2,3,3,t,f,f,f,13.23904233,52.61945134
211252,4,4,17,4,2,5,f,t,f,f,13.33771412,52.50516802
211251,3,3,17,5,3,5,f,t,f,f,13.47014089,52.60809303
211250,1,5,8,3,3,5,t,t,f,f,13.39417829,52.50881487
211249,12,4,16,7,3,2,f,t,f,f,13.3174328,52.5799824
211248,8,5,16,2,3,5,f,t,f,f,13.50804272,52.40372272
211247,3,4,10,4,3,5,f,t,f,f,13.38950147,52.58610485
211246,8,5,9,7,3,2,f,t,f,f,13.41133082,52.48156234
211245,1,5,18,6,3,5,t,f,f,f,13.39759399,52.52875341
211244,7,4,15,3,3,3,f,t,f,f,13.3705761,52.49272746
211243,2,4,12,6,2,5,t,f,f,f,13.37674876,52.49144188
211242,12,5,15,4,3,5,f,t,f,f,13.31642575,52.60601273
211241,5,4,11,3,3,2,f,t,f,f,13.20275445,52.54009666
211240,11,3,13,3,3,5,t,t,f,f,13.48960553,52.5120984
211239,9,4,12,6,3,1,t,t,f,f,13.56923633,52.44334269
211238,10,3,14,6,3,5,f,t,f,f,13.59186941,52.50739389
211237,1,5,7,3,3,0,t,t,f,f,13.37705541,52.50859615
211236,11,5,15,3,3,6,f,t,t,f,13.52808471,52.56776796
211235,4,4,15,6,3,0,t,f,f,f,13.29722772,52.51172437
211234,4,4,14,3,3,2,f,t,f,f,13.30580243,52.50678623
211233,3,5,10,6,2,6,f,t,t,f,13.45275547,52.54857438
211232,1,4,8,3,3,5,t,f,f,f,13.41733264,52.51243275
211231,8,3,9,3,3,5,f,t,f,f,13.43473675,52.4620482
211230,4,4,16,4,3,3,f,t,f,f,13.29314291,52.53454382
211229,4,5,22,6,3,2,f,t,f,f,13.32193078,52.50206878
211228,2,3,18,4,3,5,t,t,f,f,13.37928529,52.49220898
211227,8,4,18,7,3,5,t,t,f,f,13.42453285,52.48646203
211226,9,3,11,7,2,5,t,f,f,f,13.50435965,52.46869743
211225,9,5,16,2,3,5,f,t,f,f,13.46610371,52.4804349
211224,4,5,15,6,3,2,f,t,f,f,13.29710068,52.52675888
211223,5,5,14,4,3,5,f,t,f,t,13.13018323,52.53622559
211222,1,4,12,6,3,5,f,t,f,f,13.35669253,52.53563249
211221,9,5,9,1,3,0,f,t,f,f,13.63653647,52.47512795
211220,6,4,19,4,2,0,f,f,f,t,13.29849983,52.43246677
211219,1,3,16,4,2,5,t,t,f,f,13.3500792,52.52092312
211218,11,4,5,2,3,5,t,f,f,f,13.5402375,52.56525565
211217,2,5,13,1,3,5,t,t,f,f,13.39702863,52.50533589
211216,2,5,10,7,3,0,t,f,f,t,13.42155325,52.50448379
211215,10,4,6,2,3,5,f,t,f,f,13.54876651,52.55784088
211214,6,5,9,3,3,2,f,t,f,f,13.32388946,52.4454117
211213,4,5,17,7,3,5,t,t,f,f,13.31118228,52.50650674
211212,8,5,17,5,3,6,f,t,t,f,13.43317192,52.47703663
211211,2,4,16,1,3,6,f,f,t,f,13.44880044,52.5242643
211210,12,4,13,5,3,2,f,t,f,f,13.34843647,52.59627573
211209,12,5,22,4,3,0,f,f,f,t,13.31656072,52.58696212
211208,1,4,16,3,2,3,t,f,f,f,13.41814273,52.51768477
211207,3,3,15,2,3,2,t,t,f,f,13.43208262,52.59393131
211206,1,4,16,5,2,5,t,t,f,f,13.36300384,52.50978474
211205,7,3,5,5,2,5,f,t,f,t,13.35024548,52.41430368
211204,1,5,8,2,3,1,t,t,f,f,13.40159827,52.53323684
211203,1,4,15,1,3,5,f,t,f,f,13.39212441,52.54652411
211202,4,5,10,2,3,5,f,t,f,f,13.28115648,52.48210068
211201,9,4,11,4,3,5,t,t,f,f,13.56935802,52.44470818
211200,4,5,15,1,3,1,f,t,f,f,13.30329369,52.50793606
211199,6,4,18,7,3,5,f,t,f,f,13.20889439,52.42705243
211198,6,5,12,6,3,2,f,t,f,f,13.26495381,52.44172896
211197,4,4,11,2,3,5,t,t,f,f,13.32034405,52.47888462
211196,1,4,9,7,3,2,f,t,f,f,13.37668678,52.55409943
211195,7,4,16,4,3,0,f,f,f,t,13.38125028,52.44109903
211194,1,5,15,4,2,2,f,f,f,t,13.3840665,52.51022771
211193,4,4,12,4,2,0,t,t,f,f,13.31773965,52.4945609
211192,5,3,14,3,3,5,t,t,f,f,13.21357836,52.53858617
211191,1,4,15,6,3,2,f,t,f,t,13.36619239,52.50582854
211190,6,3,10,6,3,5,f,t,f,f,13.27344323,52.45604427
211189,1,5,0,3,3,5,t,t,f,f,13.35611141,52.54325163
211188,4,5,19,3,3,2,t,t,f,f,13.33525481,52.50439892
211187,8,3,20,2,3,5,f,t,f,f,13.43848319,52.45259092
211186,9,4,11,5,3,5,t,t,f,f,13.54129044,52.4353232
211185,10,3,15,5,3,5,f,t,f,f,13.5989784,52.48184768
211184,1,5,12,2,3,5,f,t,f,f,13.37116003,52.51112012
211183,8,4,14,7,2,6,f,t,t,f,13.44381282,52.47978829
211182,6,5,12,2,3,2,f,t,f,f,13.26790041,52.40900657
211181,5,4,13,5,2,6,f,f,t,f,13.20400054,52.56863286
211180,5,5,13,1,3,2,t,t,f,f,13.23141132,52.52775839
211179,5,5,23,5,3,1,f,t,f,f,13.20729249,52.54777778
211178,9,4,14,3,3,5,f,t,f,f,13.5935872,52.44443356
211177,1,4,15,6,3,0,t,f,f,f,13.38986931,52.52572201
211176,11,4,16,4,3,6,f,t,t,f,13.50151461,52.54917061
211175,1,4,7,3,3,0,f,t,f,f,13.31516869,52.52579264
211174,8,5,13,4,3,6,t,f,t,f,13.43003325,52.45462161
211173,12,4,13,3,3,1,t,t,f,f,13.29743225,52.60477309
211172,7,3,11,2,2,5,f,t,f,f,13.40684314,52.39376966
211171,1,4,0,6,3,8,f,t,f,f,13.37539846,52.5207774
211170,1,3,18,6,2,3,f,t,f,t,13.40154269,52.52937496
211169,10,5,15,4,3,6,f,t,t,f,13.56312159,52.54146824
211168,1,5,14,3,3,5,f,t,f,f,13.38134918,52.55213581
211167,12,4,22,5,3,4,f,t,f,f,13.26671065,52.57590821
211166,2,4,19,2,3,5,f,t,f,t,13.39569155,52.50703989
211165,5,5,10,6,3,2,f,t,f,t,13.23651841,52.52706157
211164,12,4,12,4,3,5,f,t,f,f,13.34799395,52.57848243
211163,4,3,17,2,3,5,f,t,f,f,13.31582486,52.48185498
211162,1,4,20,5,3,3,f,t,f,f,13.40482205,52.5135483
211161,3,4,21,3,3,0,t,t,f,f,13.38976021,52.57429667
211160,8,5,9,6,3,5,t,t,f,f,13.42019168,52.47694953
211159,4,5,23,6,3,5,f,t,f,f,13.31958897,52.47172045
211158,2,3,20,4,2,0,t,f,f,f,13.38522478,52.49324994
211157,9,4,12,2,3,8,f,t,f,f,13.48168716,52.44545233
211156,1,3,16,1,3,5,t,t,f,f,13.3989814,52.53263117
211155,2,5,11,2,3,0,f,f,f,t,13.46246345,52.51978876
211154,7,5,10,5,3,5,t,t,f,f,13.33740119,52.47298989
211153,10,5,17,4,3,3,f,t,f,f,13.58960584,52.52817908
211152,7,4,17,6,3,7,f,f,f,t,13.41571689,52.45963385
211151,8,5,15,1,3,2,f,t,f,f,13.42533928,52.47992125
211150,8,4,17,4,2,5,f,t,f,f,13.48209319,52.43012255
211149,11,3,21,4,2,5,f,t,f,f,13.50235503,52.48335526
211148,12,5,16,7,3,0,t,t,f,f,13.29265541,52.57869035
211147,6,4,9,2,3,2,f,t,f,f,13.25979446,52.42947056
211146,9,4,16,2,3,0,t,t,f,f,13.45479374,52.48500478
211145,1,5,16,2,3,5,t,t,f,f,13.38550009,52.50751727
211144,1,5,12,3,3,6,f,t,t,f,13.34080363,52.55499505
211143,1,5,17,7,3,0,t,t,f,f,13.37252234,52.52742445
211142,3,5,21,4,2,9,f,t,f,f,13.44230473,52.59990845
211141,4,4,16,7,3,6,f,t,t,f,13.28046696,52.51833658
211140,1,3,11,4,2,3,t,f,f,f,13.38971285,52.53174677
211139,12,5,18,5,3,5,t,t,f,f,13.28860731,52.63286256
211138,4,4,13,3,3,2,f,t,f,f,13.3263735,52.53770499
211137,11,3,4,2,3,6,f,t,t,f,13.5032088,52.57586768
211136,5,4,11,6,3,5,t,t,f,f,13.12227188,52.45448311
211135,12,3,14,5,3,5,f,t,f,f,13.28533058,52.58775895
211134,3,5,14,2,3,0,f,t,f,t,13.36961227,52.59739566
211133,8,4,19,2,3,2,t,t,f,f,13.44948913,52.4515702
211132,9,5,16,2,3,0,t,f,f,f,13.57530656,52.44752442
211131,7,4,13,4,3,2,f,t,f,f,13.34495989,52.48669197
211130,4,5,9,1,3,9,t,f,f,f,13.26793966,52.48458716
211129,7,4,21,7,3,5,t,f,f,f,13.32949651,52.4682754
211128,1,5,8,5,3,0,f,f,f,f,13.39833382,52.51550303
211127,9,4,9,3,3,5,t,t,f,f,13.57725445,52.45576544
211126,11,4,20,5,3,5,f,t,f,f,13.47522876,52.50155608
211125,2,4,10,4,3,2,f,t,f,f,13.37676682,52.49122037
211124,2,5,8,6,3,5,t,t,f,f,13.43515871,52.50147943
211123,10,4,15,5,3,2,f,t,f,f,13.52651867,52.52550613
211122,9,3,11,3,3,2,f,t,f,f,13.56921324,52.44347567
211121,2,4,9,1,2,0,t,f,f,f,13.42781969,52.5111937
211120,1,3,6,6,3,3,t,t,f,f,13.4049614,52.51465048
211119,4,5,8,4,3,5,f,t,f,f,13.3008635,52.47394458
211118,10,5,17,3,3,2,f,t,f,f,13.55722552,52.53453774
211117,1,4,22,6,3,5,f,t,f,f,13.38884588,52.5169338
211116,4,4,15,4,3,3,f,t,f,t,13.2788569,52.50328403
211115,7,3,15,2,3,5,f,t,f,f,13.41385271,52.39446503
211114,12,4,12,6,2,5,f,t,f,f,13.36781106,52.60273729
211113,1,4,19,3,3,5,t,t,f,f,13.40372787,52.52605861
211112,4,5,19,1,3,6,f,t,t,f,13.3040029,52.49935409
211111,3,3,16,4,3,5,t,t,f,f,13.42696857,52.55221644
211110,8,4,18,2,3,5,t,f,f,f,13.42409798,52.48633376
211109,3,5,9,2,3,5,t,f,f,f,13.42882467,52.57900075
211108,1,5,17,5,3,5,f,t,f,f,13.37545595,52.54031802
211107,5,5,18,4,3,2,f,t,f,t,13.20102675,52.51221251
211106,8,4,14,6,2,6,f,t,t,f,13.45030701,52.4715412
211105,1,4,6,5,2,5,f,t,f,f,13.35937674,52.52330327
211104,8,4,16,6,3,0,f,t,f,f,13.43622167,52.4837227
211103,1,5,11,3,3,1,f,t,f,f,13.3869452,52.51792887
211102,8,5,16,3,3,5,f,t,f,f,13.45207679,52.45274085
211101,7,4,11,6,3,5,f,t,f,f,13.34627229,52.50107391
211100,8,5,15,6,3,2,f,t,f,f,13.46077072,52.46813843
211099,4,4,21,3,2,6,f,t,t,f,13.28516977,52.49425207
211098,6,3,15,2,3,2,t,t,f,f,13.25069417,52.42782055
211097,4,4,13,6,3,5,f,t,f,f,13.26456938,52.51467465
211096,7,4,11,3,3,5,f,t,f,f,13.37822343,52.47746084
211095,7,5,12,6,3,0,f,t,f,t,13.40370059,52.44846914
211094,7,5,12,6,1,6,f,f,t,f,13.38586758,52.46858605
211093,7,3,15,3,3,5,t,t,f,f,13.37866592,52.45085784
211092,4,4,11,2,3,0,t,f,f,f,13.29709299,52.5104021
211091,2,5,13,2,2,5,t,t,f,f,13.45491168,52.51207401
211090,12,5,13,6,3,0,f,t,f,t,13.34030419,52.6067202
211089,6,5,8,4,3,1,t,t,f,f,13.24469281,52.42941474
211088,1,4,13,7,3,5,f,t,f,t,13.34446214,52.53830732
211087,11,5,20,7,3,0,f,t,f,f,13.53538221,52.56133631
211086,8,4,14,4,3,1,t,f,f,f,13.43407678,52.49004862
211085,2,3,8,4,2,3,t,t,f,f,13.39335006,52.49407926
211084,2,5,18,7,3,2,t,t,f,f,13.4226748,52.49918409
211083,10,4,13,2,3,5,t,t,f,f,13.58565555,52.52364433
211082,4,5,15,2,3,5,t,t,f,f,13.28076089,52.47677782
211081,3,5,17,3,3,5,f,t,f,f,13.50307709,52.63658051
211080,1,5,16,7,3,5,f,t,f,f,13.37545722,52.54031809
211079,5,5,15,5,3,5,f,t,f,f,13.15793352,52.53309108
211078,5,4,21,7,2,6,f,t,t,f,13.1989183,52.55395218
211077,1,3,12,4,3,5,t,t,f,f,13.37697388,52.51077478
211076,8,4,15,3,3,3,f,t,f,t,13.43068458,52.46857511
211075,2,5,16,4,3,3,t,t,f,f,13.39300728,52.4974573
211074,10,4,17,3,3,3,t,t,f,f,13.59000788,52.52896688
211073,8,3,16,2,3,6,f,t,t,f,13.46199208,52.42242699
211072,7,4,19,5,3,1,f,t,f,f,13.36022057,52.41269952
211071,12,3,10,5,3,2,f,t,f,f,13.31762056,52.58019994
211070,5,5,17,2,3,2,f,t,f,f,13.24593451,52.52485893
211069,4,5,18,3,3,2,f,t,f,f,13.26429549,52.50876358
211068,4,4,15,4,3,5,t,t,f,f,13.28134779,52.50821492
211067,1,5,9,1,2,5,t,t,f,f,13.40021762,52.50950347
211066,9,4,17,7,3,0,f,f,f,t,13.57803977,52.44731565
211065,1,5,18,6,2,5,f,t,f,t,13.36920456,52.55042333
211064,11,4,11,3,3,2,f,t,f,f,13.50100969,52.54693907
211063,12,3,16,3,3,5,f,t,f,f,13.31728116,52.58817316
211062,10,4,12,3,3,5,f,t,f,f,13.5385137,52.55427592
211061,12,5,13,6,3,0,f,t,f,f,13.30071551,52.57954905
211060,8,4,18,4,3,5,t,t,f,f,13.43469305,52.44032814
211059,1,3,14,3,3,1,t,t,f,f,13.37717137,52.5545669
211058,4,4,17,6,3,1,t,t,f,f,13.30021719,52.49897398
211057,1,3,13,6,3,3,t,t,f,f,13.396311,52.54613947
211056,9,5,18,2,3,1,t,t,f,f,13.53588021,52.45258833
211055,4,5,16,5,3,5,t,t,f,f,13.32942603,52.48173453
211054,3,5,19,4,3,2,t,t,f,f,13.45430209,52.5514317
211053,11,4,14,5,3,2,f,t,f,f,13.45863982,52.5270608
211052,7,4,15,6,3,0,f,f,t,f,13.35060043,52.4077519
211051,8,4,18,3,3,6,f,t,t,f,13.43242704,52.48541088
211050,8,3,9,4,3,3,t,t,f,f,13.43393935,52.48174521
211049,4,4,20,6,3,5,f,t,f,f,13.32365546,52.49378168
211048,8,5,10,7,3,2,f,t,f,f,13.43305671,52.46474608
211047,8,3,17,3,3,0,t,f,f,f,13.47349386,52.4324691
211046,2,4,7,2,3,1,t,t,f,f,13.40468247,52.50449614
211045,2,5,13,2,3,5,f,t,f,t,13.42677942,52.51173744
211044,7,5,19,7,3,5,f,t,f,f,13.38435177,52.48159251
211043,6,5,12,3,3,5,t,t,f,f,13.29860915,52.44122432
211042,4,5,17,5,3,5,t,f,f,f,13.32599623,52.51866557
211041,12,4,7,6,3,1,f,t,f,f,13.32491406,52.56276387
211040,3,4,14,5,3,5,t,t,f,f,13.4787908,52.55571285
211039,5,5,10,3,2,9,f,f,f,f,13.16195464,52.5231228
211038,7,3,18,2,3,1,t,t,f,f,13.32914355,52.46551036
211037,4,4,8,5,3,0,f,t,f,t,13.31424049,52.48125873
211036,4,3,11,4,3,0,t,f,f,f,13.33666301,52.5006324
211035,12,5,16,3,3,2,f,t,f,t,13.34802428,52.6077479
211034,1,4,12,2,3,1,t,t,f,f,13.40079938,52.52893258
211033,10,5,10,2,3,0,f,f,f,t,13.52905137,52.51793068
211032,3,4,14,4,3,5,f,t,f,t,13.41773302,52.58410753
211031,9,5,14,1,3,0,t,f,f,f,13.52038963,52.44245479
211030,9,5,13,6,3,6,f,t,t,f,13.48139808,52.46091322
211029,8,4,18,7,3,6,f,t,t,f,13.50344266,52.40087788
211028,12,4,22,5,3,8,f,f,f,t,13.32546925,52.56975989
211027,8,5,19,4,3,2,t,t,f,f,13.42653112,52.47669659
211026,1,4,17,3,3,5,f,t,f,f,13.34340179,52.54939801
211025,9,3,5,3,2,5,t,t,f,f,13.56227054,52.43734282
211024,6,4,8,6,3,5,f,t,f,f,13.3377125,52.44375803
211023,3,3,17,6,3,5,f,t,f,t,13.42875349,52.58824497
211022,9,5,19,3,3,9,f,t,f,f,13.49227407,52.45803724
211021,12,5,8,3,3,5,f,t,f,f,13.31331741,52.57538388
211020,8,4,14,4,3,0,t,f,t,f,13.43828118,52.48467372
211019,2,3,18,4,2,5,t,t,f,f,13.41212684,52.5031564
211018,8,5,6,3,3,5,f,t,f,f,13.43588394,52.45885093
211017,1,4,5,2,3,2,f,t,f,f,13.34626563,52.54765133
211016,7,5,16,2,3,2,f,t,f,t,13.35988571,52.47538868
211015,1,5,20,2,3,5,t,t,f,f,13.38328572,52.51141625
211014,11,5,14,6,3,0,f,t,f,t,13.47971454,52.52353813
211013,8,5,18,4,3,5,t,t,f,f,13.46081349,52.46816165
211012,1,4,12,1,3,2,f,t,f,f,13.34575842,52.54507541
211011,1,4,21,6,3,1,t,t,f,f,13.40807202,52.52492907
211010,8,5,11,4,3,6,t,f,t,f,13.43521499,52.46047725
211009,1,4,19,3,3,1,f,t,f,f,13.3761124,52.55368758
211008,8,3,18,1,3,6,t,f,t,f,13.42945944,52.46613923
211007,1,4,8,5,3,5,t,t,f,f,13.39028855,52.50859326
211006,6,3,15,5,3,2,f,t,f,t,13.31466322,52.43650577
211005,9,5,6,4,3,5,f,t,f,f,13.47375702,52.47498221
211004,4,5,17,3,3,2,f,t,f,f,13.27342201,52.49998134
211003,2,4,8,5,3,1,t,t,f,f,13.43690437,52.50365156
211002,1,5,12,7,3,5,f,t,f,f,13.39077199,52.51573735
211001,9,4,7,3,3,0,t,f,f,f,13.53481419,52.45182471
211000,8,5,15,6,3,0,f,f,f,f,13.48165878,52.42550259
210999,9,4,10,2,3,5,t,f,f,f,13.54918817,52.43012948
210998,5,3,14,2,3,5,f,t,f,f,13.19947676,52.534764
210997,8,4,18,3,2,6,f,f,t,t,13.50427437,52.41988762
210996,1,5,19,6,3,5,f,t,f,f,13.35003324,52.54508244
210995,5,4,10,4,3,5,f,t,f,f,13.16528697,52.55111946
210994,9,3,9,3,3,5,t,t,f,f,13.57525949,52.45383895
210993,3,4,8,1,3,6,f,t,t,f,13.41355728,52.54965005
210992,1,3,14,6,3,5,t,t,f,f,13.37742846,52.52216094
210991,12,5,9,2,2,0,f,t,f,f,13.33969543,52.58702805
210990,12,5,16,5,3,2,f,t,f,f,13.34660027,52.56696805
210989,1,5,17,4,2,5,t,t,f,f,13.41409431,52.51132261
210988,5,4,10,6,3,5,f,t,f,f,13.21773358,52.56038647
210987,3,4,15,5,3,5,t,t,f,f,13.42245485,52.5598747
210986,8,4,12,4,3,5,f,t,f,t,13.44030083,52.41935731
210985,11,3,19,4,3,5,t,t,f,f,13.46888746,52.53135042
210984,9,4,18,4,2,2,f,t,f,f,13.54860383,52.42763976
210983,5,5,13,7,3,2,f,t,f,t,13.1953416,52.53547317
210982,4,5,17,7,3,5,f,t,f,f,13.27859684,52.47099654
210981,8,4,8,3,3,2,f,t,f,f,13.42413712,52.44162131
210980,12,5,17,3,3,5,t,t,f,f,13.36306544,52.5801896
210979,11,5,22,6,3,1,f,t,f,f,13.53271579,52.51303786
210978,4,5,17,5,2,2,f,t,t,f,13.28556317,52.47935112
210977,2,4,15,1,3,5,t,t,f,f,13.41360374,52.48839787
210976,7,3,13,4,3,2,f,t,f,t,13.34497981,52.49144527
210975,8,5,9,3,3,1,f,t,f,f,13.4351917,52.4264629
210974,7,3,19,1,3,0,t,f,f,f,13.36258167,52.49387887
210973,1,4,20,4,3,3,f,t,f,f,13.37219024,52.55585726
210972,2,3,12,5,3,0,t,f,f,f,13.37669683,52.48901651
210971,8,5,13,3,3,1,t,t,f,f,13.44043804,52.483603
210970,4,4,15,1,3,5,t,t,f,f,13.31918518,52.48652294
210969,4,5,2,2,3,0,t,f,f,f,13.27171948,52.54604054
210968,11,4,14,4,2,2,f,t,f,t,13.48198346,52.5064448
210967,5,5,15,1,3,5,t,t,f,f,13.24414739,52.54404032
210966,4,4,12,4,3,5,t,t,f,f,13.29001692,52.47014986
210965,3,5,13,6,3,5,t,f,f,f,13.3942197,52.56498139
210964,6,4,16,2,3,5,t,f,f,t,13.33608727,52.43349669
210963,4,4,15,5,3,0,f,f,f,t,13.28173211,52.51153121
210962,8,4,16,4,2,5,f,t,t,f,13.45587928,52.47388437
210961,5,5,15,4,3,2,f,t,f,f,13.12671438,52.46814355
210960,5,4,20,4,3,5,t,t,f,f,13.21984976,52.56024279
210959,5,3,14,3,3,5,t,t,f,f,13.17489452,52.51371799
210958,2,4,6,5,3,5,f,t,f,f,13.38885295,52.49937793
210957,1,3,19,7,2,1,t,t,f,f,13.38930957,52.55014751
210956,2,5,18,4,3,5,t,t,f,f,13.44396115,52.50011564
210955,1,5,12,3,3,5,t,t,f,f,13.37725701,52.55363867
210954,12,4,11,6,3,2,f,t,f,f,13.35043197,52.5963787
210953,9,4,13,3,3,2,f,t,f,f,13.593425,52.44249682
210952,9,5,5,7,3,5,t,t,f,f,13.51110061,52.44489888
210951,3,4,17,3,3,9,f,t,f,f,13.43877534,52.55564581
210950,1,3,3,3,2,6,f,t,t,f,13.37680948,52.50950218
210949,8,4,10,6,3,5,t,f,f,t,13.42453002,52.48621115
210948,12,5,12,6,3,2,f,t,t,f,13.3220724,52.56555971
210947,5,5,15,6,3,5,t,t,f,f,13.19697306,52.55384341
210946,4,3,19,4,3,5,t,t,f,f,13.28420991,52.48529773
210945,7,4,18,6,3,1,t,t,f,f,13.35345779,52.49267624
210944,12,3,10,7,3,5,f,t,f,f,13.33291274,52.57785631
210943,3,5,7,2,3,5,f,t,f,t,13.45256417,52.53413696
210942,9,5,16,6,3,5,t,t,f,f,13.52221575,52.42846095
210941,1,5,17,4,3,1,t,t,f,f,13.41057499,52.51015685
210940,3,4,0,7,3,5,f,t,f,f,13.40646191,52.56538069
210939,1,5,14,1,3,2,f,t,f,t,13.38305215,52.54231524
210938,12,4,18,4,3,5,t,t,f,f,13.32430149,52.56493291
210937,1,3,17,4,3,5,f,t,f,f,13.33391226,52.5436357
210936,2,4,11,6,3,6,f,f,t,t,13.40823704,52.49848444
210935,12,4,17,2,2,5,f,t,f,f,13.28698656,52.58619774
210934,12,5,17,6,3,2,t,t,f,f,13.22090473,52.60625133
210933,9,4,15,3,3,0,t,f,f,f,13.62516187,52.45453442
210932,1,3,7,3,3,3,f,t,f,f,13.32964032,52.52287806
210931,4,4,12,4,3,0,f,f,f,t,13.29368868,52.5338981
210930,9,5,12,6,1,6,f,t,t,f,13.62440539,52.45508598
210929,3,4,11,5,2,5,f,t,f,f,13.39814908,52.5848884
210928,1,3,16,4,3,5,t,t,f,f,13.34963251,52.5350958
210927,10,4,9,7,3,1,f,t,f,f,13.52704431,52.51599045
210926,12,3,17,1,3,1,f,t,f,f,13.31046329,52.62201617
210925,11,5,15,2,3,2,f,t,f,f,13.47787934,52.51460945
210924,10,5,14,6,3,5,f,t,f,f,13.60231957,52.53594988
210923,6,5,22,4,3,5,t,t,f,f,13.25105894,52.45009093
210922,2,4,12,7,3,3,f,t,f,f,13.43259532,52.52316447
210921,2,5,18,7,3,2,f,t,f,f,13.42102531,52.49917185
210920,6,4,7,3,3,6,f,t,t,f,13.35496216,52.4276175
210919,8,3,14,4,3,2,t,t,f,f,13.42688451,52.47588637
210918,3,4,13,7,3,0,t,t,f,f,13.45415288,52.56225293
210917,1,4,8,2,3,5,t,t,f,f,13.37312066,52.54229992
210916,7,5,21,1,3,2,f,t,f,f,13.34743092,52.45926388
210915,6,5,17,7,3,1,f,t,f,f,13.27398026,52.43560604
210914,3,4,16,3,1,6,f,f,t,f,13.42969685,52.55117578
210913,10,5,5,3,3,3,f,t,f,f,13.5390018,52.53940734
210912,11,5,10,6,3,0,f,f,f,t,13.52162465,52.55396008
210911,3,5,17,5,3,5,t,t,f,f,13.43207547,52.5465299
210910,2,4,19,4,3,5,f,t,f,f,13.40247938,52.49410164
210909,5,4,8,2,3,5,t,f,f,f,13.2080235,52.55817731
210908,1,4,12,5,3,1,f,t,f,t,13.34987659,52.53453117
210907,1,5,18,4,2,1,t,t,f,f,13.37549368,52.5378316
210906,2,4,15,3,3,2,f,t,f,f,13.44479826,52.49958705
210905,10,3,13,2,3,2,f,t,f,f,13.53996666,52.53957988
210904,4,4,11,6,3,5,t,f,f,f,13.28004245,52.50640872
210903,9,3,15,5,3,6,f,f,t,t,13.568053,52.45401518
210902,9,5,10,2,3,0,t,t,f,f,13.53226524,52.46172628
210901,9,4,15,1,3,4,f,t,f,f,13.61549693,52.42969916
210900,1,5,14,2,3,5,t,t,f,f,13.34095487,52.50511149
210899,9,4,7,4,3,5,t,t,f,f,13.54251671,52.41932954
210898,8,5,12,7,3,5,t,f,f,f,13.49727237,52.41851554
210897,7,4,23,7,3,1,f,t,f,t,13.37367591,52.46704807
210896,1,5,20,5,2,6,f,t,t,f,13.3919376,52.56376963
210895,2,4,15,3,3,5,f,t,f,t,13.46318315,52.51152013
210894,12,4,18,5,3,6,t,f,t,f,13.31285293,52.57418767
210893,5,4,11,4,2,5,f,t,f,f,13.12301371,52.47193602
210892,1,5,15,4,2,1,t,t,f,f,13.3381251,52.52329903
210891,7,4,10,4,3,2,f,t,f,f,13.3409795,52.49993485
210890,6,3,16,3,2,5,t,f,f,f,13.22384775,52.43746691
210889,1,4,18,7,3,5,f,t,f,f,13.34845233,52.54177272
210888,8,3,12,6,3,5,t,t,f,f,13.45189599,52.45247774
210887,9,5,10,4,3,2,f,t,f,f,13.62888881,52.42398367
210886,7,5,20,3,3,2,f,t,f,f,13.36178845,52.49774657
210885,5,4,16,5,2,6,f,t,t,f,13.20060059,52.54928941
210884,4,5,10,7,3,2,f,t,f,f,13.28080913,52.51835774
210883,3,4,19,3,3,5,t,t,f,f,13.42871357,52.54778438
210882,8,3,17,3,3,5,t,t,f,f,13.47806673,52.44214398
210881,6,4,14,5,3,5,f,t,f,t,13.34173235,52.45059544
210880,3,4,11,3,3,0,f,f,f,f,13.43274757,52.55737678
210879,9,5,20,5,3,3,t,t,f,f,13.67455332,52.41941197
210878,4,5,17,6,3,2,f,t,f,t,13.30941476,52.49907976
210877,6,3,21,4,3,0,f,t,f,t,13.25652266,52.42912807
210876,11,4,11,2,3,1,f,t,f,f,13.49561457,52.54010744
210875,6,3,12,7,3,5,f,t,f,f,13.28407304,52.4456684
210874,5,5,18,2,3,1,f,t,f,f,13.19766008,52.52318003
210873,10,5,13,5,3,5,f,t,f,f,13.600653,52.47912047
210872,1,5,19,4,3,3,f,t,f,f,13.37746779,52.55657442
210871,7,4,16,6,3,1,t,t,f,f,13.3580213,52.48869163
210870,4,5,15,2,3,6,f,t,t,f,13.31393734,52.49910787
210869,4,4,14,4,3,5,t,t,f,f,13.27797148,52.51835407
210868,9,3,13,4,3,2,f,t,f,f,13.47158731,52.4534529
210867,4,5,18,7,3,5,f,t,f,f,13.26140831,52.51787242
210866,4,4,10,2,3,0,t,t,f,f,13.30513975,52.49558027
210865,12,5,14,2,3,5,t,f,f,f,13.33072369,52.56258855
210864,6,5,21,7,3,6,f,f,t,f,13.32083399,52.45518653
210863,5,5,14,3,2,2,f,t,f,t,13.15797924,52.54305587
210862,9,5,20,7,2,8,f,t,f,f,13.50282889,52.46033533
210861,4,5,13,4,3,0,t,t,f,f,13.28523697,52.51287292
210860,10,4,17,1,3,5,f,t,f,f,13.60116274,52.53684627
210859,9,4,14,5,3,5,f,t,f,f,13.56499302,52.44546814
210858,5,4,12,3,3,2,f,t,f,f,13.23022394,52.54210658
210857,6,4,11,2,3,2,f,t,f,f,13.34482269,52.46189942
210856,5,5,20,5,3,1,f,t,f,f,13.19797555,52.51746333
210855,4,4,19,3,3,5,f,t,f,f,13.31161407,52.468176
210854,3,3,15,1,3,5,f,t,f,t,13.4884568,52.6178155
210853,11,4,15,5,2,1,f,t,f,f,13.50624196,52.53656386
210852,7,3,22,5,3,6,f,t,t,f,13.35436958,52.49918272
210851,9,5,6,3,3,0,t,f,f,f,13.55279852,52.42776357
210850,8,4,19,1,3,1,t,t,f,f,13.43447191,52.41615485
210849,4,5,20,2,3,0,f,f,f,t,13.29941198,52.50684242
210848,12,4,18,4,3,5,f,t,f,f,13.33545168,52.56518191
210847,9,5,17,1,3,5,t,t,f,f,13.55174595,52.42847875
210846,8,4,14,7,3,5,f,t,f,f,13.46019451,52.43189235
210845,11,4,18,1,3,2,f,t,f,f,13.46972648,52.50233033
210844,7,5,14,1,3,2,f,t,f,f,13.40992986,52.43904732
210843,12,5,13,7,3,5,f,t,f,f,13.29153741,52.64195175
210842,4,4,8,2,3,5,t,t,f,f,13.33574032,52.51362566
210841,1,5,13,2,3,2,f,t,f,f,13.36139796,52.54772598
210840,2,5,11,6,3,5,t,f,f,f,13.4089029,52.50416435
210839,2,5,7,5,3,5,t,f,f,f,13.43000598,52.52328828
210838,3,4,15,2,3,5,t,t,f,f,13.42700967,52.55220956
210837,3,3,14,4,2,5,t,t,f,f,13.42699597,52.55221185
210836,3,5,7,4,3,3,t,f,f,f,13.37403638,52.59760866
210835,1,4,15,3,3,5,f,t,f,t,13.39507452,52.50797636
210834,8,3,16,2,3,2,t,t,f,f,13.43566958,52.42466538
210833,4,4,16,5,3,5,f,t,f,f,13.32623697,52.53803842
210832,12,3,19,5,3,1,t,t,f,f,13.32656682,52.56447208
210831,6,5,12,2,3,5,t,t,f,f,13.3108023,52.44294362
210830,2,4,17,7,3,1,f,t,f,f,13.41641584,52.49963969
210829,8,5,15,2,3,0,t,f,f,f,13.43125322,52.46787235
210828,6,4,15,4,2,0,f,t,f,t,13.27281083,52.40963614
210827,11,5,0,7,3,1,f,f,f,t,13.4855398,52.50669378
210826,12,4,15,1,2,5,f,t,f,t,13.31192298,52.56793183
210825,1,5,18,5,3,2,f,t,f,f,13.37584171,52.50924807
210824,1,4,13,3,3,2,f,t,f,f,13.37917429,52.55301316
210823,1,4,12,7,3,2,f,t,f,f,13.33430812,52.54112956
210822,2,4,16,3,3,5,t,f,f,f,13.37653176,52.4877061
210821,7,5,15,4,3,5,t,t,f,f,13.32787422,52.47243284
210820,8,4,15,5,3,0,f,f,f,f,13.43471125,52.46192427
210819,10,3,7,3,3,2,f,t,f,f,13.57187276,52.54676872
210818,12,4,10,1,3,0,t,f,f,t,13.2258623,52.62774037
210817,10,3,9,6,3,4,t,t,f,f,13.53364738,52.5176548
210816,10,5,16,3,3,0,f,t,f,f,13.58944277,52.52785915
210815,10,5,15,3,3,2,f,t,f,f,13.56249886,52.49963453
210814,8,4,13,6,3,5,f,t,f,t,13.4501308,52.48604155
210813,4,5,15,6,3,2,f,t,f,f,13.27350703,52.50897283
210812,7,4,14,4,3,2,f,t,f,f,13.37761086,52.44258528
210811,7,3,12,3,3,5,f,t,f,t,13.35344403,52.50140535
210810,7,4,5,5,3,5,t,t,f,f,13.39635928,52.39674452
210809,2,4,12,3,3,6,f,t,t,f,13.43008312,52.51054257
210808,9,5,15,2,3,5,t,f,f,f,13.69953656,52.4225792
210807,9,3,19,3,3,2,f,t,f,f,13.55832821,52.45551052
210806,11,4,11,2,2,0,f,t,f,f,13.49573853,52.52295978
210805,3,5,16,2,3,5,f,t,f,f,13.43443524,52.54955872
210804,2,5,20,4,3,5,f,t,f,f,13.39071748,52.49217221
210803,3,5,22,4,3,1,f,t,f,t,13.40865899,52.53755126
210802,2,4,9,6,3,5,t,t,f,f,13.42314167,52.48678606
210801,5,3,16,4,3,5,t,t,f,f,13.20707626,52.533318
210800,4,5,19,1,3,5,f,t,f,f,13.28523416,52.47966833
210799,9,5,13,4,3,2,f,t,f,f,13.4786322,52.44278238
210798,2,4,9,4,2,5,t,t,f,f,13.4365248,52.49256278
210797,1,3,8,4,2,5,f,t,f,f,13.38276775,52.55395119
210796,1,5,13,2,3,0,t,f,f,f,13.32768706,52.52428379
210795,8,4,13,2,3,5,t,t,f,f,13.44089828,52.46089442
210794,12,5,15,2,3,2,f,t,f,f,13.3464767,52.59714127
210793,3,5,11,2,3,5,f,t,f,f,13.41103012,52.55398832
210792,1,5,20,6,3,1,t,t,f,f,13.33671709,52.52658276
210791,3,5,14,5,3,2,f,t,f,f,13.44192604,52.55478794
210790,6,4,14,1,2,5,f,t,f,f,13.32632523,52.44751267
210789,1,4,17,5,3,1,f,t,f,t,13.37990685,52.55141525
210788,7,5,14,4,3,5,f,f,f,t,13.3980887,52.46514246
210787,2,4,19,4,3,4,t,f,t,f,13.44057043,52.50178883
210786,4,3,15,1,3,6,f,t,t,f,13.32966593,52.50738336
210785,8,4,18,5,3,2,f,t,f,f,13.46257137,52.42335611
210784,7,3,14,5,3,5,f,t,f,f,13.37054366,52.46892095
210783,4,5,19,4,3,2,f,t,f,f,13.27498112,52.51283957
210782,5,5,13,2,3,2,f,t,f,f,13.24134114,52.53859731
210781,8,4,16,4,3,5,t,t,f,f,13.40642264,52.42748152
210780,5,5,23,1,3,1,t,t,f,f,13.20644804,52.5333834
210779,9,4,17,1,3,5,t,t,f,f,13.58201129,52.44283575
210778,6,5,19,6,3,5,f,t,f,t,13.34506221,52.43707749
210777,4,4,13,3,3,2,f,t,f,f,13.28577216,52.49517955
210776,2,3,19,3,3,0,t,f,f,f,13.38934847,52.49610841
210775,6,4,17,3,3,0,t,t,f,f,13.3296167,52.44567164
210774,8,5,19,6,3,1,t,t,f,f,13.42891544,52.48578224
210773,12,4,18,5,3,5,t,t,f,f,13.2401833,52.61879502
210772,3,3,9,2,3,2,f,f,f,t,13.43326985,52.60643456
210771,8,4,17,7,3,5,t,t,f,f,13.44832706,52.46845666
210770,2,3,19,6,3,0,t,f,f,f,13.42213019,52.49917878
210769,7,5,16,2,3,5,t,t,f,f,13.32839253,52.46496203
210768,2,5,19,5,3,1,t,t,f,f,13.44047416,52.51659426
210767,3,5,20,4,3,6,f,t,t,f,13.4654176,52.55753986
210766,8,4,15,4,3,5,t,t,f,f,13.46648847,52.43346523
210765,12,4,12,6,3,3,f,t,f,f,13.33451481,52.60351323
210764,3,4,8,3,2,5,f,t,f,t,13.36507233,52.59006819
210763,1,3,12,4,3,5,t,t,f,f,13.39088419,52.51584761
210762,3,4,15,6,3,2,f,t,f,f,13.42043629,52.60650283
210761,4,5,11,7,3,0,f,t,f,f,13.27418413,52.51922695
210760,3,5,9,6,3,1,t,t,f,f,13.41644799,52.54485209
210759,1,4,19,2,3,5,f,t,f,t,13.38553165,52.55019612
210758,5,4,17,5,3,0,t,f,f,f,13.26109571,52.54402576
210757,6,4,19,3,3,0,t,t,f,f,13.29370703,52.45804837
210756,4,4,18,3,2,5,t,f,f,t,13.30307195,52.50556871
210755,4,5,17,5,3,0,t,f,f,f,13.33114225,52.50526235
210754,8,4,6,4,3,5,t,f,f,f,13.43408877,52.46313441
210753,1,3,8,2,3,6,t,f,t,f,13.34570815,52.54735878
210752,2,4,15,6,3,5,t,t,f,f,13.45148974,52.52039007
210751,4,3,9,6,2,5,t,t,f,f,13.31402489,52.50621528
210750,12,5,14,3,3,2,f,t,f,f,13.32458876,52.58761154
210749,5,5,9,2,3,5,f,t,f,f,13.19230106,52.53409914
210748,12,4,17,5,3,6,f,t,t,f,13.3634257,52.57151745
210747,4,4,16,3,3,0,f,t,f,t,13.31923356,52.49217204
210746,7,3,15,3,2,4,f,t,f,f,13.36772098,52.44932025
210745,6,4,14,6,3,6,f,t,t,f,13.24399604,52.42570872
210744,9,4,8,3,3,2,f,t,f,f,13.4780892,52.45477834
210743,10,5,13,7,3,5,t,t,f,f,13.59181667,52.54546437
210742,1,5,12,7,3,1,t,t,f,f,13.39646531,52.50894955
210741,11,3,16,3,3,2,f,t,f,f,13.50443764,52.53697127
210740,9,4,14,2,3,5,t,t,f,f,13.57525949,52.45383895
210739,6,5,15,2,3,5,t,f,f,f,13.32071357,52.4570199
210738,3,5,18,5,3,5,t,f,f,f,13.39740726,52.57129612
210737,11,5,18,4,3,2,f,t,f,f,13.48895133,52.54225105
210736,6,4,10,6,3,5,f,t,f,f,13.30306353,52.42905069
210735,5,3,11,4,2,2,f,t,f,f,13.19550099,52.55527308
210734,7,5,18,3,3,0,t,t,f,f,13.3760752,52.40912347
210733,6,4,8,4,3,2,f,t,f,f,13.31850868,52.45180659
210732,1,3,14,4,3,8,f,f,f,f,13.40324343,52.52502007
210731,7,5,20,2,3,5,f,t,f,f,13.34366175,52.49234907
210730,8,4,11,2,3,5,f,t,f,f,13.4720485,52.46163508
210729,5,5,17,2,3,2,f,t,f,t,13.12647929,52.46784643
210728,8,5,12,3,2,5,t,t,f,f,13.44583172,52.41637729
210727,2,5,16,7,3,3,t,t,f,f,13.40849825,52.49849185
210726,9,5,14,6,3,5,t,t,f,f,13.54516918,52.43432524
210725,8,4,9,2,3,2,f,t,f,f,13.41068905,52.41685378
210724,4,4,10,6,3,5,t,t,f,f,13.29035837,52.47922657
210723,2,4,15,3,3,5,t,t,f,f,13.39490081,52.49627574
210722,1,5,6,4,3,5,t,t,f,f,13.32815425,52.53525665
210721,5,4,15,3,3,2,f,t,f,f,13.21895179,52.53709091
210720,3,3,10,3,3,1,t,f,f,f,13.41101131,52.54748781
210719,5,4,15,5,3,2,f,t,f,f,13.26553216,52.53681993
210718,4,3,16,6,3,2,f,t,f,f,13.30084942,52.48938118
210717,1,5,14,4,3,5,t,f,f,f,13.41597982,52.52710278
210716,10,5,15,4,3,6,f,t,t,f,13.57696351,52.54988209
210715,11,4,18,5,3,5,t,f,f,f,13.52871208,52.56976435
210714,1,5,17,1,3,2,f,t,f,f,13.37665262,52.54327181
210713,5,4,12,3,3,2,f,t,f,f,13.1973913,52.53305946
210712,2,5,7,6,3,6,f,t,t,f,13.37236682,52.48504842
210711,7,4,18,2,3,1,t,t,f,f,13.34933534,52.47030186
210710,4,3,10,2,3,2,f,t,f,f,13.33148306,52.49668768
210709,2,4,18,3,3,0,t,f,f,f,13.41889861,52.50073048
210708,10,4,10,3,3,5,f,t,f,f,13.55669583,52.55714057
210707,1,5,18,6,3,5,f,t,f,f,13.35054249,52.53258847
210706,5,4,10,5,3,2,f,t,f,f,13.20024906,52.53705877
210705,6,3,17,3,3,1,f,t,f,f,13.35747272,52.42287708
210704,7,4,11,7,3,5,f,f,f,t,13.39352267,52.44539154
210703,12,3,14,7,3,2,t,t,f,f,13.23977394,52.60646714
210702,9,5,10,2,3,4,t,f,f,f,13.66183191,52.44932094
210701,2,5,18,5,3,6,f,f,t,f,13.44301783,52.51567118
210700,1,5,10,4,2,5,f,t,f,t,13.35217067,52.50551548
210699,4,4,15,7,3,2,f,t,f,f,13.26930615,52.49951948
210698,2,5,15,1,3,5,t,t,f,f,13.43209185,52.50570341
210697,9,4,16,3,2,4,f,t,f,t,13.68616692,52.44766468
210696,12,3,15,3,3,2,f,t,f,f,13.36067763,52.59692277
210695,12,4,11,7,3,5,f,t,f,f,13.36265685,52.6006161
210694,9,5,11,7,3,5,t,t,f,f,13.58520509,52.42781996
210693,8,4,12,2,3,1,f,t,f,f,13.46302565,52.43032862
210692,7,5,21,2,3,1,t,t,f,f,13.34388299,52.49638847
210691,1,5,18,6,3,2,f,t,f,f,13.38182196,52.55592244
210690,11,5,16,5,3,2,f,t,f,f,13.46596519,52.5242205
210689,2,4,6,2,3,5,t,f,f,f,13.45820194,52.49960573
210688,10,3,9,4,3,0,t,f,f,f,13.58145419,52.5146939
210687,1,4,16,3,2,5,t,t,f,f,13.39022156,52.50768169
210686,1,5,18,4,3,2,f,t,f,f,13.39075884,52.54457378
210685,1,3,19,1,3,0,f,t,f,f,13.31440119,52.53027608
210684,1,4,18,4,3,2,f,t,f,f,13.36383675,52.52785921
210683,4,3,14,5,3,0,f,t,f,t,13.30702786,52.49999188
210682,5,5,17,3,3,3,f,t,f,f,13.20594398,52.54190316
210681,2,4,16,1,3,2,f,t,f,f,13.40178106,52.50612069
210680,1,5,7,2,3,5,f,t,f,f,13.42122085,52.50985891
210679,9,4,9,4,2,1,t,t,f,f,13.48860829,52.46449475
210678,6,5,19,1,2,3,f,t,f,t,13.263268,52.45753548
210677,1,5,18,6,3,5,t,t,f,f,13.38008157,52.54054392
210676,1,4,9,3,3,5,f,t,f,f,13.40453678,52.50896769
210675,1,4,13,6,3,2,t,f,f,f,13.34467199,52.53916138
210674,9,3,6,4,3,5,f,t,f,f,13.57278515,52.42779621
210673,11,4,15,2,2,5,f,t,f,f,13.48532739,52.52674534
210672,2,5,16,3,3,5,f,t,f,f,13.386509,52.49007693
210671,3,5,19,6,3,0,f,t,f,f,13.48994006,52.62078769
210670,7,5,23,3,3,1,f,t,f,f,13.33380974,52.46849241
210669,1,5,10,5,3,5,f,t,f,f,13.32730915,52.52439677
210668,3,4,5,6,2,5,t,t,f,f,13.41479583,52.55386237
210667,3,3,10,4,2,6,f,t,t,f,13.41874392,52.60569615
210666,1,5,11,3,3,5,t,t,f,f,13.38884585,52.51693394
210665,3,3,18,2,3,1,t,t,f,f,13.42987427,52.52873663
210664,9,4,3,4,3,7,f,f,f,t,13.61944784,52.42736737
210663,4,3,16,5,2,8,f,f,f,t,13.32689748,52.54046333
210662,3,5,21,2,3,1,f,t,f,f,13.44924441,52.53743116
210661,4,4,20,2,3,5,f,t,f,f,13.32375454,52.49381946
210660,6,5,8,2,3,1,t,t,f,f,13.33603416,52.43346077
210659,12,4,18,4,3,5,t,t,f,f,13.26039256,52.57207145
210658,2,5,7,7,3,5,f,t,f,f,13.45079423,52.52720027
210657,1,5,22,5,3,5,f,t,f,f,13.38884726,52.51692598
210656,4,4,10,2,3,5,t,f,f,f,13.33219909,52.4875417
210655,8,4,20,5,3,4,f,t,f,f,13.43490263,52.44707883
210654,7,4,15,3,3,5,f,t,f,f,13.34099951,52.49996821
210653,1,5,15,4,3,5,t,t,f,f,13.36544188,52.5568148
210652,1,4,17,3,3,5,t,t,f,f,13.37931648,52.50703466
210651,9,3,7,3,3,2,f,t,f,t,13.57612301,52.45293082
210650,7,4,12,6,2,0,t,t,f,f,13.35738494,52.47672525
210649,12,3,14,6,3,5,f,t,f,f,13.29822142,52.62453897
210648,9,5,19,3,2,3,f,t,f,t,13.52440518,52.46532019
210647,5,5,13,2,3,0,t,f,f,f,13.21152879,52.57560414
210646,7,4,14,6,3,2,f,t,f,t,13.3449592,52.48672778
210645,10,4,17,2,3,5,t,t,f,f,13.57352989,52.5522866
210644,5,5,22,6,2,6,f,t,t,f,13.20987935,52.53244361
210643,4,4,17,3,3,2,f,t,f,f,13.30008704,52.51958508
210642,3,3,13,3,3,6,f,t,t,f,13.49398552,52.61538035
210641,5,4,12,6,3,5,t,t,f,f,13.18873021,52.54660086
210640,12,4,9,3,3,5,f,t,f,f,13.35214132,52.59224225
210639,2,5,18,6,3,1,f,t,f,f,13.37373347,52.48504233
210638,9,3,15,4,3,2,t,t,f,f,13.6255391,52.45756021
210637,3,4,18,6,3,2,t,t,f,f,13.42196727,52.56272253
210636,6,3,11,7,3,2,t,t,f,f,13.34279615,52.43428596
210635,3,5,18,2,2,5,t,t,f,f,13.42256792,52.55986398
210634,4,5,12,5,3,6,f,t,t,f,13.30567121,52.5100011
210633,7,5,13,4,3,5,f,t,f,f,13.363723,52.49736101
210632,1,4,22,6,3,5,f,t,f,f,13.35319692,52.50237156
210631,12,5,12,1,3,5,f,t,f,f,13.37270511,52.56824553
210630,11,4,17,4,3,5,t,t,f,f,13.49856845,52.55181397
210629,11,3,14,4,3,0,t,t,f,f,13.52477365,52.4952652
210628,12,4,15,1,2,5,t,t,f,f,13.27788339,52.572717
210627,1,5,13,7,3,1,t,t,f,f,13.36500498,52.51009509
210626,8,5,10,7,3,5,f,t,f,f,13.44017575,52.47106904
210625,11,4,7,2,3,6,f,t,t,f,13.52825769,52.55698239
210624,4,5,21,2,3,1,f,t,f,f,13.31518463,52.51073243
210623,5,5,8,6,3,5,f,t,f,f,13.23301921,52.52939769
210622,1,5,8,4,3,5,t,t,f,f,13.38092854,52.51637056
210621,1,4,18,7,3,5,t,t,f,f,13.3894769,52.5297251
210620,1,4,9,5,3,1,t,t,f,f,13.41676463,52.51159429
210619,2,5,19,4,3,2,t,t,f,f,13.44980747,52.51022083
210618,7,4,14,3,3,2,f,t,f,f,13.36428482,52.44839315
210617,9,3,14,2,3,6,f,t,t,f,13.49065839,52.46830121
210616,8,4,13,5,2,2,f,t,f,f,13.46779009,52.42758677
210615,2,3,9,5,2,6,f,f,t,t,13.43008739,52.51054089
210614,2,5,9,3,3,0,t,f,t,f,13.42001426,52.49643529
210613,1,4,3,1,2,1,f,t,f,f,13.35460527,52.56071328
210612,9,5,11,2,3,6,f,t,t,f,13.55377149,52.43419
210611,3,4,7,4,3,5,t,t,f,f,13.4918283,52.61526396
210610,1,5,11,1,3,0,f,t,f,t,13.38603959,52.55826667
210609,3,4,10,1,3,4,t,t,f,f,13.47779706,52.55939869
210608,4,5,11,6,3,1,t,t,f,f,13.33481801,52.51491997
210607,2,4,11,2,3,5,t,t,f,f,13.45318413,52.50867673
210606,3,4,18,6,3,6,t,f,t,f,13.42849958,52.5520136
210605,7,4,12,4,2,5,f,t,f,f,13.35986767,52.47537443
210604,8,5,0,5,3,5,f,t,f,f,13.42382815,52.4772848
210603,6,4,14,4,3,2,t,f,f,f,13.26577912,52.41032762
210602,1,3,15,3,3,2,t,t,f,f,13.34319898,52.52821492
210601,7,4,19,7,3,4,f,t,f,f,13.39516757,52.39717431
210600,5,3,7,7,3,5,f,t,f,f,13.19263871,52.53604154
210599,7,5,21,3,3,5,f,t,f,f,13.37205152,52.46982755
210598,4,5,18,2,3,0,t,t,f,f,13.31190183,52.49807258
210597,2,4,17,6,3,2,f,t,f,f,13.46742723,52.49793672
210596,1,5,17,6,3,3,t,t,f,f,13.35548958,52.53498437
210595,8,4,10,4,3,1,f,t,f,f,13.43651823,52.48105452
210594,1,3,15,2,3,1,t,f,f,f,13.40628651,52.53226584
210593,8,4,23,5,3,1,f,t,f,f,13.46663895,52.42676343
210592,1,4,11,3,3,5,t,t,f,f,13.39222008,52.50780182
210591,2,5,14,6,3,5,t,t,f,f,13.46839583,52.49971006
210590,9,5,23,6,3,1,f,t,f,f,13.58345836,52.39383871
210589,8,3,16,3,3,5,f,t,f,f,13.47329729,52.4324636
210588,5,4,8,2,3,0,t,t,f,f,13.24691998,52.54416972
210587,4,5,15,2,3,5,f,t,f,f,13.26232018,52.50733074
210586,3,5,15,5,3,2,t,t,f,f,13.42749804,52.5975605
210585,1,4,17,3,3,5,t,t,f,f,13.36912119,52.54621227
210584,4,5,14,4,3,2,f,t,f,f,13.27481069,52.50088751
210583,10,4,13,3,3,2,f,t,f,f,13.56633491,52.53408118
210582,3,3,10,2,3,5,f,t,f,t,13.50186569,52.6361391
210581,12,4,18,5,3,2,f,t,f,f,13.32807657,52.56438787
210580,6,3,0,7,3,5,f,t,f,f,13.3483895,52.44714719
210579,2,5,13,4,3,2,f,t,f,f,13.38889406,52.49886471
210578,5,5,16,2,3,4,t,t,f,f,13.24113786,52.52613763
210577,12,4,13,6,3,5,f,t,f,f,13.32707357,52.60875928
210576,12,4,21,2,3,2,t,t,f,f,13.36446375,52.56768846
210575,8,5,16,6,3,6,f,t,t,f,13.47250788,52.43707081
210574,4,4,16,4,3,5,t,f,f,f,13.31429951,52.50890888
210573,2,3,10,3,3,5,t,t,f,f,13.46627335,52.50857653
210572,12,4,17,4,3,5,f,t,f,f,13.37359657,52.56327109
210571,12,5,9,6,3,0,f,t,f,f,13.32697643,52.56296387
210570,9,5,21,6,3,5,f,t,f,f,13.4503415,52.49138848
210569,2,3,18,4,3,5,t,t,f,f,13.42584457,52.49946342
210568,11,4,7,6,3,7,t,f,f,f,13.47780059,52.5099898
210567,2,3,9,7,3,5,f,t,f,f,13.39449549,52.49174226
210566,5,5,18,2,3,0,t,f,f,f,13.23316013,52.52747381
210565,8,5,15,6,3,2,f,t,f,f,13.4604971,52.46226891
210564,7,5,1,4,3,1,f,t,f,f,13.36974601,52.45126644
210563,1,4,20,6,3,5,t,t,f,f,13.39075595,52.51573634
210562,5,5,21,7,3,5,f,t,f,f,13.18477229,52.54756048
210561,5,4,18,4,2,9,f,f,f,t,13.20219146,52.53961929
210560,3,3,13,4,3,6,t,f,t,f,13.43021598,52.53269925
210559,5,4,17,6,3,6,f,t,t,f,13.22714029,52.55768772
210558,5,4,10,2,2,2,f,t,f,f,13.23920266,52.52642285
210557,11,4,16,2,3,5,t,t,f,f,13.50023533,52.5535052
210556,1,5,11,1,3,1,t,t,f,f,13.40841137,52.52749004
210555,6,5,15,7,3,5,t,t,f,f,13.21461801,52.44014251
210554,4,4,13,3,3,0,f,f,f,f,13.31259998,52.4805227
210553,7,5,11,3,3,5,f,t,f,f,13.39570718,52.45431963
210552,6,5,20,7,3,2,f,t,f,f,13.31427042,52.46511806
210551,1,5,1,5,3,5,f,t,f,t,13.36248821,52.5299992
210550,9,4,12,1,2,9,f,t,f,f,13.64720391,52.35134696
210549,7,4,10,5,3,5,t,t,f,f,13.34263407,52.4866586
210548,4,5,16,5,3,5,f,t,f,f,13.31985095,52.4688068
210547,6,4,17,3,3,2,f,f,f,t,13.24847487,52.44703644
210546,4,3,23,2,3,3,f,t,f,f,13.30792781,52.48845622
210545,10,4,11,6,3,6,f,t,t,f,13.58349405,52.51493362
210544,8,3,11,5,3,5,t,t,f,f,13.44674095,52.43994557
210543,8,5,7,2,3,5,t,f,f,f,13.50295971,52.41418786
210542,1,4,17,1,3,2,f,t,f,t,13.38465961,52.55600004
210541,6,5,11,2,3,2,t,t,f,f,13.33101181,52.4532094
210540,3,4,6,4,2,5,t,t,f,f,13.428822,52.57916205
210539,7,5,14,7,3,5,f,t,f,f,13.4065799,52.39376419
210538,4,4,18,7,3,0,f,t,f,t,13.29418486,52.5344775
210537,2,5,12,5,3,1,f,t,f,f,13.39807937,52.4888927
210536,1,4,12,3,3,0,t,t,f,f,13.37236194,52.53865089
210535,12,4,12,7,3,0,t,f,f,f,13.32422627,52.60119616
210534,7,4,1,4,2,1,t,t,f,f,13.35917873,52.47485772
210533,6,5,12,6,3,6,f,t,t,f,13.29206653,52.45786408
210532,2,4,22,5,3,0,t,f,f,f,13.3939675,52.49754273
210531,12,3,11,2,3,2,f,t,f,f,13.36697085,52.59725222
210530,6,4,9,1,3,5,f,f,f,t,13.29256587,52.43272084
210529,5,3,14,6,2,6,f,t,t,f,13.18613039,52.53782439
210528,10,5,17,4,3,5,f,t,f,f,13.60088919,52.47893681
210527,1,5,16,3,3,3,t,f,f,f,13.38925846,52.51387686
210526,2,4,19,6,3,2,t,t,f,f,13.46203612,52.51895872
210525,6,4,16,3,3,6,f,t,t,f,13.27721013,52.43387959
210524,3,3,14,3,3,5,f,t,f,f,13.42744639,52.55239902
210523,1,4,16,6,3,5,t,t,f,f,13.36194317,52.49997048
210522,1,5,14,7,3,6,f,t,t,f,13.37397935,52.55646516
210521,3,5,2,7,1,8,f,t,f,f,13.48260723,52.57215095
210520,9,3,15,4,3,2,f,t,f,f,13.54537372,52.42554437
210519,9,4,16,2,3,2,f,t,f,t,13.48949084,52.45089752
210518,1,5,18,2,3,2,f,t,f,f,13.39519243,52.5460237
210517,4,5,15,5,3,5,f,t,f,t,13.33215617,52.50598941
210516,4,5,20,4,3,0,f,f,f,t,13.31009392,52.52016446
210515,4,4,16,6,3,0,t,t,f,f,13.28772946,52.49609696
210514,8,4,15,5,3,3,f,t,f,t,13.42819682,52.47331455
210513,10,5,13,1,3,5,t,t,f,f,13.53355439,52.52550381
210512,3,5,18,3,3,5,t,f,f,f,13.43815822,52.54630844
210511,2,4,18,4,3,0,t,f,f,f,13.45599126,52.50994739
210510,4,3,13,4,3,5,t,t,f,f,13.33119856,52.48725984
210509,11,5,14,2,2,6,f,t,t,f,13.47015906,52.53178042
210508,7,4,19,2,3,2,t,t,f,f,13.34774537,52.49616185
210507,2,5,15,2,3,5,f,t,f,t,13.41969919,52.49671708
210506,4,5,11,2,2,5,t,t,f,f,13.30616336,52.52333038
210505,9,5,18,6,3,1,t,t,f,f,13.5695221,52.44497503
210504,2,5,7,5,3,6,f,f,t,f,13.39439772,52.48596915
210503,11,4,7,2,3,3,t,f,f,f,13.52775568,52.48963318
210502,5,4,7,5,2,0,f,f,f,t,13.20318766,52.53990673
210501,8,5,15,4,3,3,f,t,f,f,13.43996351,52.48158514
210500,2,5,19,4,3,2,t,f,f,f,13.42204318,52.49289657
210499,4,4,15,7,3,0,t,t,f,f,13.30042261,52.52246707
210498,4,5,19,7,3,0,t,f,f,f,13.30579113,52.48570615
210497,6,4,11,5,3,6,f,t,t,f,13.33898251,52.45556154
210496,11,3,15,4,3,5,t,f,f,f,13.52731017,52.55647429
210495,6,5,18,1,3,4,t,t,f,f,13.32151057,52.41797654
210494,6,4,14,1,2,7,t,f,f,f,13.20944612,52.41955762
210493,6,4,16,2,3,2,f,t,f,f,13.2513729,52.44947446
210492,3,5,15,2,3,6,f,t,t,f,13.40522717,52.58158916
210491,1,5,18,7,3,0,t,t,f,f,13.36435816,52.50333993
210490,7,5,17,3,3,2,f,t,f,f,13.3401099,52.50292728
210489,8,5,17,6,3,4,t,t,f,f,13.46109197,52.43617983
210488,6,5,14,4,3,2,t,t,f,f,13.33083337,52.45329549
210487,12,4,18,1,3,2,f,t,f,f,13.32615736,52.56192454
210486,7,3,12,4,2,2,f,t,f,f,13.38248122,52.39708625
210485,11,5,18,5,2,5,f,t,f,f,13.53699691,52.48567719
210484,6,4,15,3,2,6,f,t,t,f,13.34301264,52.44735837
210483,8,3,12,1,3,6,t,f,t,f,13.44142807,52.46974129
210482,8,4,10,6,3,6,f,t,t,f,13.42655651,52.41372387
210481,2,3,8,5,3,5,t,t,f,f,13.3767109,52.4893963
210480,4,5,7,3,2,5,t,f,f,f,13.31392385,52.49047697
210479,5,5,9,2,3,2,f,t,f,f,13.20094479,52.55542699
210478,4,4,10,5,3,0,f,t,f,f,13.33110415,52.51386235
210477,7,5,22,7,3,6,f,t,t,f,13.35367948,52.49992429
210476,10,4,12,7,2,0,f,t,f,t,13.53690382,52.54480324
210475,4,5,13,6,3,5,t,t,f,f,13.30936496,52.47860566
210474,10,4,16,2,3,1,f,t,f,f,13.56765712,52.50533191
210473,2,4,20,5,3,5,t,f,f,f,13.41404579,52.50039505
210472,5,5,12,6,3,5,f,t,f,f,13.20708689,52.55569906
210471,4,4,9,4,3,2,f,t,f,f,13.27205168,52.50892789
210470,7,3,13,3,3,5,f,t,f,t,13.40688007,52.40447697
210469,9,4,14,6,3,5,t,t,f,f,13.57926925,52.45847206
210468,4,3,13,6,3,3,f,t,f,t,13.33120212,52.48710845
210467,7,5,16,3,3,2,t,t,f,f,13.33525618,52.47183983
210466,1,5,22,4,3,5,t,t,f,f,13.34299235,52.52546384
210465,6,4,20,5,3,6,f,t,t,f,13.3103237,52.466974
210464,3,4,9,5,3,6,f,t,t,f,13.4790476,52.6076227
210463,3,4,19,3,3,0,t,t,f,f,13.4206914,52.53342579
210462,4,3,11,3,3,3,t,t,f,f,13.30256538,52.5060643
210461,3,4,17,6,3,5,t,t,f,f,13.42872283,52.57797948
210460,1,5,15,1,2,0,f,t,f,t,13.38684258,52.55942796
210459,4,3,14,3,3,3,f,f,f,t,13.28349931,52.49716675
210458,5,4,7,2,3,5,f,f,f,t,13.15805308,52.53316752
210457,10,5,14,3,3,2,t,t,f,f,13.58624814,52.53933699
210456,12,5,16,6,3,2,f,t,f,f,13.30371532,52.57784718
210455,5,5,11,4,3,1,t,t,f,f,13.2059481,52.56215734
210454,4,5,17,4,3,5,f,t,f,f,13.26907158,52.51150148
210453,7,4,17,6,3,1,t,t,f,f,13.35197458,52.49975492
210452,3,4,9,5,3,5,t,t,f,f,13.42701347,52.55220893
210451,5,5,18,3,3,3,f,t,f,f,13.20639222,52.54311822
210450,1,3,10,1,3,5,f,t,f,f,13.41177225,52.52396604
210449,5,4,9,5,3,6,f,f,t,f,13.26998492,52.53654916
210448,1,3,17,5,3,5,t,t,f,f,13.38844564,52.56121451
210447,3,5,7,2,3,6,f,f,t,f,13.40679959,52.5627114
210446,1,4,9,2,3,5,t,t,f,f,13.38405472,52.5554604
210445,12,5,6,2,3,5,f,t,f,f,13.31711252,52.58829146
210444,5,4,13,5,2,5,f,t,f,f,13.19658395,52.5535036
210443,4,5,13,1,3,5,t,t,f,f,13.27807298,52.50674075
210442,8,5,20,6,2,2,f,t,f,f,13.43484711,52.42965227
210441,2,4,15,2,3,5,f,f,f,t,13.43911829,52.5025479
210440,1,4,22,5,3,2,t,t,f,f,13.3971203,52.53247848
210439,8,4,17,3,3,5,t,t,f,t,13.43808263,52.49026896
210438,4,5,12,4,3,1,t,t,f,f,13.29421798,52.511793
210437,11,4,13,3,3,0,t,t,f,f,13.48083142,52.49909009
210436,5,3,11,3,3,5,f,t,f,f,13.18965369,52.53687809
210435,5,4,16,5,3,5,t,t,f,f,13.18287153,52.51846634
210434,9,3,16,6,3,2,f,t,f,f,13.49759011,52.45805039
210433,4,5,17,3,3,5,f,t,f,f,13.26571775,52.48335794
210432,2,5,17,4,3,3,t,t,f,f,13.43728972,52.5065301
210431,7,4,15,6,3,6,f,t,t,f,13.33438895,52.47055324
210430,6,4,8,3,3,5,t,t,f,f,13.28896373,52.42950489
210429,12,5,11,6,2,6,f,t,t,f,13.3285849,52.56574183
210428,1,4,9,3,3,5,t,t,f,f,13.36540161,52.55711013
210427,1,3,12,3,2,5,f,t,f,f,13.37549748,52.54234081
210426,1,4,10,4,3,5,t,t,f,f,13.34326212,52.52620133
210425,12,4,7,3,3,6,f,t,t,f,13.32113237,52.59352904
210424,5,5,10,6,3,5,f,t,f,f,13.18270687,52.5478425
210423,12,4,16,4,2,3,t,f,f,f,13.26969236,52.59084352
210422,1,3,18,3,3,2,f,t,f,f,13.41024037,52.52399215
210421,9,4,17,1,3,5,f,t,f,t,13.55367952,52.45579196
210420,9,3,1,7,3,9,f,t,f,f,13.58449651,52.46610532
210419,7,5,15,2,3,1,t,f,f,f,13.3901283,52.40233487
210418,4,5,9,5,3,5,t,t,f,f,13.27202237,52.50885363
210417,10,5,19,4,3,5,t,t,f,f,13.59214033,52.54632947
210416,1,4,14,6,3,2,f,t,f,f,13.39708962,52.53698175
210415,1,1,14,2,3,6,f,t,t,f,13.32559904,52.5277238
210414,1,2,16,1,3,5,t,t,f,f,13.38423124,52.55571194
210413,3,3,0,1,3,8,f,t,f,f,13.45359257,52.59166164
210412,9,1,12,3,3,0,f,t,f,f,13.56012882,52.40515612
210411,2,2,13,2,3,2,f,t,f,f,13.461888,52.50853462
210410,1,2,17,5,3,2,f,t,f,f,13.35729303,52.5358993
210409,5,1,12,5,3,2,f,t,f,f,13.19537859,52.53571404
210408,3,3,12,4,3,5,t,t,f,f,13.40216383,52.60286789
210407,7,1,16,3,3,5,t,t,f,f,13.37780299,52.46591877
210406,11,1,9,3,3,5,t,t,f,f,13.49673562,52.5428177
210405,8,2,13,3,3,2,f,t,f,f,13.43413616,52.48160676
210404,1,3,11,2,3,1,f,t,f,f,13.41348549,52.50715862
210403,8,3,18,3,3,2,f,t,f,f,13.5104717,52.40458473
210402,2,2,12,2,2,2,f,t,f,f,13.41993418,52.49623893
210401,3,2,17,7,3,0,t,t,f,f,13.42999257,52.55142038
210400,3,1,16,7,3,5,f,t,f,f,13.44528329,52.55386506
210399,1,2,6,2,3,5,t,t,f,f,13.37115623,52.54197977
210398,4,3,7,5,2,5,t,t,f,f,13.28125373,52.51296622
210397,4,2,7,4,3,2,f,t,f,f,13.34069257,52.50432639
210396,2,1,7,7,3,9,f,t,f,f,13.39966082,52.49409489
210395,3,3,11,5,3,5,t,f,f,f,13.45278487,52.54852524
210394,7,3,11,5,2,5,f,t,f,f,13.37041839,52.45569201
210393,6,3,7,6,3,5,f,t,f,f,13.36269985,52.42833932
210392,11,2,16,5,3,6,f,t,t,f,13.49732858,52.53503621
210391,2,1,3,1,3,0,f,f,f,f,13.46656581,52.50227178
210390,8,3,5,3,3,6,f,f,t,f,13.43353465,52.44390794
210389,2,1,12,3,3,5,t,t,f,f,13.38513787,52.50228807
210388,11,2,6,4,3,6,f,t,t,f,13.48533947,52.52319037
210387,3,3,15,3,3,2,f,t,f,f,13.43146601,52.59296019
210386,10,2,13,5,3,6,f,t,t,f,13.56678007,52.55120616
210385,11,2,17,5,3,2,f,t,f,f,13.47067847,52.53189583
210384,8,1,5,3,3,6,f,f,t,f,13.42117247,52.41312766
210383,6,3,15,5,3,5,f,t,f,f,13.30969376,52.43146706
210382,9,1,17,6,3,5,f,t,f,f,13.53925029,52.42792485
210381,11,3,14,1,3,5,f,t,f,f,13.50955308,52.54643821
210380,10,3,13,2,3,5,t,t,f,f,13.56594433,52.48111189
210379,3,1,14,3,2,5,f,t,f,f,13.39847999,52.59237798
210378,12,1,13,4,2,1,f,t,f,f,13.30357057,52.60071785
210377,1,2,16,1,3,2,f,t,f,f,13.39124961,52.54452005
210376,3,3,15,2,3,6,t,f,t,f,13.45046104,52.54864154
210375,2,1,16,5,3,2,f,t,f,f,13.42694833,52.51666993
210374,3,3,20,3,2,5,f,t,f,f,13.42211444,52.55011572
210373,4,1,8,4,3,5,t,t,f,f,13.31289022,52.50067582
210372,9,2,5,6,3,6,f,t,t,f,13.47537201,52.45618869
210371,6,3,16,2,2,6,f,t,t,f,13.30564363,52.42786886
210370,3,1,13,4,3,5,t,t,f,f,13.42202599,52.56158253
210369,10,3,9,4,3,0,t,t,f,f,13.56956957,52.49140159
210368,11,2,21,2,2,0,f,t,f,f,13.52082048,52.50294322
210367,9,1,16,5,3,5,t,f,f,f,13.53634914,52.43285105
210366,2,1,19,5,3,0,t,f,f,f,13.45969191,52.50906109
210365,1,3,15,6,3,1,t,f,f,f,13.35345843,52.52905735
210364,11,2,16,2,3,5,t,t,f,f,13.50891146,52.49028319
210363,1,3,15,3,3,3,t,t,f,f,13.39531926,52.51620304
210362,5,3,18,5,2,6,f,f,t,f,13.19816952,52.5328204
210361,10,2,7,3,3,5,f,t,f,f,13.51920567,52.53135707
210360,2,3,15,3,2,1,t,t,f,f,13.39660961,52.50469306
210359,5,1,17,7,3,5,f,t,f,f,13.14159768,52.5324492
210358,9,2,6,5,2,5,f,t,f,f,13.54359971,52.43375286
210357,9,2,14,5,3,1,f,t,f,f,13.51950193,52.46120296
210356,11,3,20,7,3,5,f,t,f,f,13.46760767,52.54678492
210355,6,2,12,4,3,0,t,t,f,f,13.34701685,52.45009372
210354,8,1,16,6,3,3,t,t,f,f,13.43261438,52.4787028
210353,12,3,13,6,2,6,f,t,t,f,13.34284457,52.59916292
210352,3,1,19,6,2,6,f,t,t,f,13.43050764,52.58942609
210351,5,3,21,7,3,3,f,t,f,f,13.20025198,52.53709249
210350,12,3,8,2,3,5,f,t,f,f,13.35079377,52.59639957
210349,7,2,14,5,3,0,f,t,f,f,13.40138861,52.3974656
210348,4,1,10,6,3,6,f,t,t,f,13.3294,52.48707904
210347,8,1,14,1,3,6,f,t,t,f,13.4526549,52.42908394
210346,12,3,5,3,2,2,f,t,f,f,13.34866185,52.5962872
210345,9,3,17,4,3,5,t,t,f,f,13.51460908,52.46891541
210344,10,2,7,3,3,5,f,t,f,f,13.5505797,52.55993767
210343,4,3,16,3,3,5,t,t,f,f,13.30639129,52.48848829
210342,1,1,7,6,3,6,f,t,t,f,13.37414635,52.53059331
210341,7,2,14,2,3,6,f,t,t,f,13.38404744,52.45819999
210340,3,2,14,5,3,6,t,t,t,f,13.41963634,52.53776325
210339,11,3,10,7,2,5,f,t,f,f,13.50785997,52.5030769
210338,1,2,15,4,3,2,f,t,f,f,13.35429679,52.5343803
210337,4,1,18,7,3,1,t,t,f,f,13.30842402,52.50582906
210336,8,3,17,4,2,5,f,t,f,f,13.44754935,52.47610159
210335,3,3,16,5,3,5,f,t,f,f,13.4233909,52.56265246
210334,6,2,16,6,3,5,t,t,f,f,13.29966677,52.42134776
210333,1,3,21,7,2,5,t,f,f,f,13.39578202,52.52901397
210332,8,2,15,7,3,5,f,t,f,f,13.4131081,52.43932943
210331,8,1,12,2,3,5,f,t,f,f,13.47820411,52.43713955
210330,4,1,7,2,3,1,t,t,f,f,13.2960966,52.4970633
210329,1,1,16,3,2,0,f,t,f,t,13.38642052,52.54949653
210328,4,1,14,5,3,5,t,f,f,f,13.25061352,52.50025744
210327,6,3,16,3,3,5,f,t,f,f,13.24263334,52.43376237
210326,9,1,12,3,3,5,t,f,f,f,13.58362989,52.43162894
210325,7,2,12,2,3,5,f,t,f,f,13.34854659,52.45918282
210324,2,2,8,5,3,0,f,f,f,t,13.40557694,52.50508688
210323,7,1,13,2,3,3,f,t,f,f,13.37657618,52.46011664
210322,10,3,19,5,3,5,f,t,f,f,13.6062382,52.52477945
210321,2,1,17,1,3,1,t,t,f,f,13.43468733,52.50936065
210320,4,3,13,2,3,1,f,t,f,f,13.32502479,52.50090808
210319,8,1,18,3,3,6,f,t,t,f,13.42759855,52.42089951
210318,6,1,16,3,3,2,f,t,f,f,13.35450561,52.4292467
210317,4,2,8,2,3,6,f,f,t,f,13.29248212,52.49054627
210316,1,3,13,3,3,0,f,t,f,f,13.38765056,52.52393592
210315,12,3,15,5,3,6,f,f,t,f,13.31316464,52.57125764
210314,1,1,8,4,3,5,t,t,f,f,13.39127535,52.56341686
210313,1,2,14,6,3,2,f,t,f,f,13.3601873,52.53725436
210312,7,3,16,2,3,2,t,t,f,f,13.3605147,52.4104968
210311,4,1,4,3,3,9,f,t,f,f,13.29444841,52.5068446
210310,4,3,5,5,3,1,t,f,f,f,13.30534526,52.47980529
210309,8,2,15,3,3,2,f,t,f,f,13.48364692,52.42561025
210308,1,1,8,5,2,3,t,f,f,f,13.38106565,52.55213783
210307,1,1,9,5,3,2,f,t,f,f,13.37747912,52.55629386
210306,2,3,11,5,3,5,t,t,f,f,13.44068632,52.5172754
210305,2,2,13,2,3,5,f,t,f,t,13.37374597,52.48784318
210304,7,3,12,4,2,6,f,t,t,f,13.40258264,52.42677235
210303,9,3,9,5,3,5,f,t,f,f,13.54125526,52.43535028
210302,6,2,6,4,2,6,f,t,t,f,13.34561727,52.43619737
210301,12,3,13,2,3,5,f,t,f,f,13.25987649,52.57116281
210300,6,1,17,5,2,5,f,t,f,f,13.32256789,52.45640817
210299,1,2,13,5,3,5,t,t,f,f,13.32638284,52.52763939
210298,2,1,9,5,3,0,f,f,f,t,13.45770669,52.50952792
210297,2,3,17,6,3,5,t,t,f,f,13.43142718,52.50598645
210296,7,2,7,4,3,2,f,t,f,f,13.37879454,52.42446555
210295,4,1,16,6,3,0,t,f,f,f,13.29306816,52.53448961
210294,4,3,13,6,3,5,t,t,f,f,13.32332509,52.49152482
210293,8,1,21,6,3,1,t,t,f,f,13.42937976,52.48633692
210292,3,3,19,6,2,2,t,t,f,f,13.41429895,52.55975396
210291,8,2,18,6,3,0,f,t,f,f,13.44360122,52.46425898
210290,11,1,0,7,3,0,t,f,f,f,13.49769035,52.52641215
210289,5,1,18,2,3,5,f,t,f,f,13.18460099,52.54754029
210288,3,1,10,3,2,6,t,f,t,f,13.40591812,52.54090352
210287,9,2,10,6,3,6,f,t,t,f,13.49733361,52.44168688
210286,7,3,4,1,3,1,f,t,f,f,13.34836373,52.48942222
210285,1,2,13,2,3,2,f,t,f,f,13.39489976,52.52879893
210284,4,2,16,5,3,2,f,t,f,f,13.29451276,52.49762729
210283,5,1,17,2,1,6,f,t,t,f,13.17492375,52.52388374
210282,1,3,12,4,3,5,f,t,f,f,13.34500871,52.53915414
210281,4,1,1,7,3,0,f,t,t,f,13.31390107,52.50647234
210280,12,2,17,6,2,5,t,t,f,f,13.22380733,52.6076002
210279,2,1,11,3,3,5,t,t,f,f,13.44041661,52.51585609
210278,4,1,19,3,3,6,f,t,t,f,13.2975276,52.52650725
210277,4,2,19,2,3,5,t,t,f,f,13.30119071,52.51901517
210276,4,3,10,2,2,3,t,t,f,f,13.33719023,52.50113793
210275,4,3,13,4,3,5,t,t,f,f,13.29727479,52.50685405
210274,1,1,10,3,3,5,t,t,f,f,13.33776435,52.52525498
210273,6,2,13,7,3,0,t,f,f,f,13.19989085,52.44085647
210272,11,3,17,3,3,0,f,f,f,t,13.49998285,52.5325209
210271,1,1,11,3,3,2,f,t,f,f,13.37176117,52.50942498
210270,1,2,10,4,3,6,f,t,t,f,13.33320075,52.54471771
210269,8,2,18,5,3,0,f,f,t,t,13.43968321,52.48958486
210268,7,1,16,2,3,2,f,t,f,f,13.40769684,52.38667237
210267,2,3,12,4,3,5,t,t,t,f,13.39771834,52.49527992
210266,5,3,21,2,2,6,f,t,t,t,13.20153008,52.54126028
210265,6,1,11,2,2,9,f,t,f,f,13.31522272,52.44816239
210264,1,1,7,4,3,5,t,t,f,f,13.35496731,52.54400765
210263,9,2,17,2,3,6,f,t,t,f,13.48790947,52.46626834
210262,4,3,20,2,3,5,f,t,f,f,13.26638398,52.51311848
210261,2,3,12,4,3,5,t,t,f,f,13.43197356,52.51514306
210260,3,2,17,1,3,2,f,t,f,f,13.42550763,52.53440774
210259,11,2,11,7,3,0,t,t,f,f,13.5032658,52.52629061
210258,1,1,12,4,3,6,f,t,t,f,13.38312155,52.55437522
210257,12,2,15,3,3,5,t,t,f,f,13.33997263,52.58816868
210256,5,2,11,7,3,4,f,t,f,f,13.16930105,52.53012088
210255,9,1,22,4,3,7,f,f,f,t,13.60284585,52.43458802
210254,12,3,13,6,3,2,f,t,f,f,13.28150656,52.59245145
210253,1,2,16,2,3,5,f,t,f,f,13.38591939,52.53888918
210252,10,1,12,5,2,2,f,t,f,t,13.55053043,52.5430967
210251,1,3,15,4,3,1,f,t,f,f,13.36917478,52.55041226
210250,1,3,19,5,3,0,f,f,f,f,13.40030412,52.52240522
210249,3,3,9,7,3,5,t,f,f,f,13.40379782,52.55148541
210248,7,2,20,4,3,0,f,t,f,f,13.41828323,52.39470824
210247,12,3,18,2,3,6,f,t,t,f,13.29226272,52.59065793
210246,12,1,19,5,3,6,f,t,t,f,13.31403993,52.60527276
210245,9,2,19,4,3,6,f,t,t,f,13.45407167,52.48889351
210244,3,3,17,6,3,0,f,t,t,f,13.42438444,52.60736544
210243,3,2,17,7,3,5,t,t,f,f,13.45828826,52.52561784
210242,3,2,15,4,2,5,t,t,f,f,13.40204006,52.60284478
210241,12,1,9,3,3,2,f,t,f,f,13.34452615,52.58927745
210240,8,3,8,5,3,0,f,t,f,t,13.43540525,52.49112872
210239,9,2,18,1,3,5,f,t,f,f,13.4913144,52.46910555
210238,11,3,15,7,3,5,f,t,f,f,13.51522152,52.5672072
210237,6,1,18,5,3,2,f,t,f,f,13.33358681,52.43002639
210236,8,1,16,1,3,0,t,t,f,f,13.43027357,52.46928301
210235,8,2,16,1,2,5,f,t,f,t,13.42557635,52.47919124
210234,1,3,16,2,3,2,f,t,f,f,13.41161195,52.50475465
210233,7,1,11,4,3,5,t,f,f,f,13.40793314,52.45255021
210232,4,2,18,4,3,6,f,t,t,f,13.31038002,52.47902034
210231,12,2,12,5,3,5,f,t,f,f,13.31034293,52.6247159
210230,11,1,18,4,3,5,t,t,f,f,13.46925351,52.53143091
210229,8,3,7,4,3,2,f,t,f,f,13.4426854,52.46520986
210228,4,1,14,6,3,5,t,t,f,f,13.3308025,52.49088122
210227,4,1,13,3,3,2,f,t,f,f,13.25306653,52.5230456
210226,1,1,19,3,3,0,f,t,f,t,13.34934474,52.51507414
210225,3,2,15,2,3,5,f,t,f,f,13.43325402,52.55296393
210224,4,3,18,3,2,5,t,t,f,f,13.32166869,52.50578607
210223,3,3,17,4,3,1,t,f,f,f,13.47205564,52.54779937
210222,4,2,17,7,3,6,f,t,t,f,13.27593819,52.49404988
210221,7,2,21,7,2,6,f,t,t,f,13.36156,52.41589536
210220,7,1,18,6,2,6,f,t,t,f,13.37603758,52.44319863
210219,7,2,16,3,3,6,f,f,t,t,13.37657526,52.46011274
210218,9,1,11,3,3,6,t,t,t,f,13.48462335,52.46355727
210217,9,3,17,5,3,2,f,t,f,f,13.7106165,52.43285718
210216,7,3,7,7,3,8,f,t,f,f,13.34624245,52.50022891
210215,9,2,14,4,3,5,t,t,f,f,13.55328922,52.46958581
210214,1,1,23,5,3,9,f,t,f,f,13.3818161,52.55246536
210213,9,3,7,4,3,5,t,t,f,f,13.57208033,52.42951352
210212,1,3,15,6,3,1,t,f,f,f,13.40354533,52.52641772
210211,12,3,6,2,3,2,f,t,f,f,13.27726874,52.57574063
210210,1,2,18,2,3,2,f,t,f,f,13.38760134,52.54892314
210209,6,1,11,2,3,5,f,t,f,f,13.33920232,52.45777544
210208,7,3,14,3,2,5,f,t,f,f,13.37748164,52.48143649
210207,4,1,20,2,3,6,f,t,t,f,13.32296976,52.50585024
210206,7,2,9,4,2,6,f,t,t,f,13.40969793,52.3871189
210205,10,2,13,6,2,6,f,t,t,f,13.56064644,52.48970802
210204,11,3,8,2,3,2,t,t,f,f,13.51986608,52.49477329
210203,4,1,8,4,3,5,t,t,f,f,13.32782334,52.50551
210202,9,2,11,3,3,1,f,t,f,f,13.58654559,52.42562866
210201,7,1,9,5,2,2,f,t,f,f,13.39073231,52.4199281
210200,7,3,16,6,3,0,t,f,t,f,13.34679763,52.47870842
210199,9,2,17,3,3,6,t,f,t,f,13.51188382,52.4642251
210198,8,1,14,7,3,1,f,t,f,f,13.42591123,52.4781719
210197,4,3,17,4,2,6,f,t,t,f,13.27236609,52.48691202
210196,8,3,8,5,3,0,t,t,f,f,13.44164758,52.47041588
210195,8,3,17,1,3,5,f,t,f,f,13.44994255,52.44570184
210194,9,2,11,3,3,5,f,t,f,f,13.53310676,52.43375908
210193,10,3,15,3,3,5,t,t,f,f,13.54869552,52.52812991
210192,7,1,17,5,3,1,t,t,f,f,13.34165063,52.50207145
210191,3,2,16,4,3,5,f,t,f,f,13.36842595,52.58970042
210190,9,3,8,6,3,0,f,t,f,f,13.62554104,52.45757975
210189,11,2,16,4,3,2,f,t,f,f,13.4690956,52.50242798
210188,1,1,20,2,3,6,t,f,t,f,13.36166973,52.530968
210187,3,3,14,6,3,5,f,t,f,f,13.45902391,52.55013372
210186,1,3,17,7,3,5,t,t,f,f,13.35983865,52.52345957
210185,10,3,12,2,3,2,f,t,f,f,13.60295133,52.53856073
210184,6,1,15,5,2,0,f,t,f,f,13.27494622,52.4603661
210183,4,1,14,1,3,6,f,t,t,f,13.31510883,52.49089884
210182,1,2,20,2,3,5,f,t,f,f,13.41178694,52.52396652
210181,3,3,16,2,3,0,f,f,f,f,13.46347499,52.62920996
210180,6,1,17,4,3,6,f,t,t,f,13.3393384,52.461601
210179,12,2,14,3,3,5,f,t,f,f,13.30534255,52.58208501
210178,7,2,17,5,3,4,t,f,f,f,13.40035989,52.48370517
210177,4,1,18,3,3,6,f,t,t,f,13.33080562,52.49078137
210176,3,3,9,4,3,0,t,f,f,f,13.41331723,52.54869743
210175,9,1,3,6,3,2,f,t,f,f,13.4798969,52.46131509
210174,7,1,17,5,3,2,f,t,f,t,13.3779797,52.47226102
210173,1,1,17,4,3,2,f,t,t,f,13.40134352,52.54009554
210172,9,2,14,2,3,0,f,t,f,t,13.57420433,52.44435302
210171,8,3,19,3,3,2,t,t,f,f,13.42909228,52.48219181
210170,7,3,15,4,3,1,t,t,f,f,13.38532767,52.45277681
210169,7,2,17,3,3,2,f,t,f,f,13.38753809,52.43982365
210168,3,3,7,3,2,5,t,t,f,f,13.40816272,52.55103059
210167,11,1,18,7,2,6,f,t,t,f,13.52540115,52.48209304
210166,2,2,8,2,3,5,t,t,f,f,13.38622927,52.50132108
210165,9,3,8,6,3,2,f,t,f,f,13.48143281,52.48235261
210164,5,2,13,7,3,4,f,t,f,f,13.15321092,52.54664156
210163,7,2,12,5,3,5,t,t,f,f,13.4014125,52.38661951
210162,1,1,20,6,3,0,f,t,f,f,13.41242433,52.51660588
210161,1,3,13,5,3,5,t,t,f,f,13.4212151,52.50985085
210160,2,3,20,5,3,2,t,t,f,f,13.45612725,52.50142627
210159,4,3,6,2,3,2,f,t,f,t,13.30961707,52.50645668
210158,12,2,18,6,3,2,f,t,f,f,13.34539741,52.56688972
210157,4,1,13,6,3,5,t,t,f,f,13.29896988,52.50684427
210156,8,3,12,3,3,5,t,t,f,f,13.42110297,52.48026771
210155,10,1,17,1,2,6,f,t,t,t,13.56076169,52.57100346
210154,8,2,5,4,3,1,f,t,f,f,13.43490074,52.46138619
210153,2,3,15,3,3,5,t,f,f,f,13.44560598,52.4955691
210152,11,2,17,2,3,0,f,f,f,t,13.47308094,52.52060915
210151,1,2,11,6,2,6,f,t,t,f,13.34675874,52.50376753
210150,8,1,15,2,3,5,t,f,f,f,13.43763267,52.47883503
210149,5,3,9,5,3,5,f,t,f,f,13.19861757,52.55533339
210148,5,1,11,7,3,8,f,t,f,f,13.21827418,52.52027713
210147,10,3,17,1,3,5,f,t,f,f,13.53829056,52.55421293
210146,4,1,17,2,2,5,t,t,f,f,13.30797214,52.5245461
210145,2,1,7,3,2,5,f,t,f,f,13.39443787,52.50696443
210144,4,2,19,2,2,1,f,t,f,f,13.2608685,52.51606264
210143,7,3,10,3,3,5,t,f,f,t,13.40287409,52.39405316
210142,2,3,15,4,3,6,t,f,t,f,13.46705582,52.52023835
210141,12,1,14,4,3,3,f,t,f,f,13.28809794,52.58889062
210140,8,2,14,2,3,3,f,t,f,f,13.4646103,52.47038691
210139,2,3,16,2,3,0,f,t,f,t,13.43189253,52.50566069
210138,4,1,18,4,3,6,f,t,t,f,13.3043325,52.50376865
210137,2,3,12,6,3,3,t,f,f,f,13.46644308,52.50875005
210136,7,2,12,4,3,5,f,t,f,f,13.39274993,52.45297187
210135,5,2,12,6,3,5,t,t,f,f,13.20827786,52.56200495
210134,5,1,13,2,3,2,f,t,f,t,13.26042523,52.53701137
210133,1,3,18,5,2,6,f,f,t,t,13.35159241,52.50520657
210132,3,3,13,6,2,5,t,t,f,f,13.39491627,52.5653385
210131,11,3,14,2,3,1,t,t,f,f,13.47497003,52.52043813
210130,4,1,11,3,3,5,f,t,f,f,13.29612736,52.51692869
210129,1,1,20,3,3,5,f,t,f,f,13.34379774,52.5534275
210128,9,2,5,2,2,5,f,t,f,t,13.5323487,52.46169008
210127,3,3,22,1,2,5,f,t,f,f,13.38018445,52.57499382
210126,11,1,7,5,2,6,f,t,t,f,13.52452603,52.51370453
210125,9,2,13,1,3,5,f,t,f,f,13.46416719,52.48551397
210124,10,2,21,7,3,1,f,f,f,f,13.57714377,52.57219057
210123,2,1,6,4,3,5,t,t,f,f,13.41097559,52.50391409
210122,7,3,12,4,3,2,t,f,f,f,13.37885992,52.44958398
210121,11,2,5,3,3,5,f,t,f,f,13.50331281,52.57582977
210120,6,1,12,4,3,0,f,t,f,t,13.33754929,52.43158818
210119,2,1,13,5,3,0,t,f,f,f,13.41417514,52.49844383
210118,10,3,12,6,3,5,f,t,f,f,13.63284361,52.52987353
210117,10,2,13,2,3,5,f,t,f,f,13.51750984,52.53540929
210116,3,3,10,2,3,5,f,t,f,f,13.46722572,52.59705925
210115,11,3,13,5,3,5,t,t,f,f,13.47707311,52.52426703
210114,6,2,13,5,3,0,t,t,f,f,13.24924135,52.45184463
210113,7,3,21,3,3,2,f,t,f,f,13.37557162,52.40907055
210112,12,1,15,5,3,2,f,t,f,f,13.31616463,52.58669147
210111,1,2,19,4,3,6,f,t,t,f,13.38179564,52.55263241
210110,12,2,15,2,3,5,f,t,f,f,13.36783077,52.60274579
210109,12,3,10,7,2,2,f,t,f,f,13.36318633,52.58037326
210108,4,2,14,4,3,5,t,f,f,f,13.28074429,52.50646761
210107,8,1,13,1,2,9,f,t,t,f,13.4319876,52.46634917
210106,4,3,21,5,3,6,f,t,t,f,13.31447839,52.49014466
210105,11,3,17,1,3,5,t,t,f,f,13.50966221,52.57214734
210104,9,3,10,2,2,5,t,t,f,f,13.45052654,52.49138231
210103,2,2,14,6,3,6,t,f,t,f,13.46721438,52.51267984
210102,1,1,14,7,3,9,f,t,f,f,13.3629383,52.49970112
210101,8,1,14,3,3,5,t,t,f,f,13.44988181,52.44555219
210100,3,1,14,3,3,1,t,t,f,f,13.41805169,52.53830235
210099,5,2,9,5,3,2,f,t,f,f,13.1828244,52.5128332
210098,11,3,15,3,2,5,t,t,f,f,13.50812633,52.54853271
210097,1,1,14,3,3,0,t,f,f,f,13.39169744,52.51222713
210096,4,2,9,3,3,5,f,t,f,f,13.31279614,52.48047312
210095,1,2,20,5,3,5,t,t,f,f,13.37975939,52.52261569
210094,5,1,13,2,2,3,t,t,f,f,13.207501,52.55507856
210093,4,3,14,4,3,1,f,f,f,t,13.33879181,52.50516113
210092,2,2,17,6,3,5,f,t,f,f,13.39640523,52.4912485
210091,9,3,18,2,3,2,f,t,f,f,13.55951268,52.45593709
210090,8,1,17,2,3,6,f,f,t,f,13.46437881,52.47021427
210089,1,1,8,3,3,6,f,f,t,f,13.38450834,52.53834055
210088,7,2,14,1,3,6,f,t,t,f,13.361259,52.41260135
210087,2,3,8,3,3,6,f,t,t,f,13.44338258,52.50032485
210086,7,3,16,4,2,5,f,t,f,t,13.37400369,52.42138946
210085,2,2,11,7,3,5,f,t,f,f,13.40043723,52.49432337
210084,4,2,11,7,3,5,f,t,f,f,13.28762364,52.47570342
210083,8,1,12,4,3,5,f,t,f,f,13.43441362,52.47257343
210082,4,3,17,5,3,2,f,t,f,f,13.29441235,52.53440873
210081,4,2,15,3,3,5,f,t,f,f,13.32623697,52.53803842
210080,2,1,10,4,3,5,f,t,f,f,13.38246276,52.50452726
210079,8,3,19,5,3,6,f,t,t,f,13.44884685,52.48504836
210078,6,2,15,3,3,5,t,t,f,f,13.15056063,52.41841925
210077,12,3,13,4,3,2,f,t,f,f,13.23996583,52.61880108
210076,5,3,10,5,3,3,f,t,f,f,13.15877833,52.52091376
210075,2,2,17,3,3,6,t,t,t,f,13.39523845,52.49712077
210074,5,3,19,3,3,5,f,t,f,f,13.18450965,52.54763223
210073,4,1,14,5,3,2,f,t,f,f,13.28513533,52.49488487
210072,4,2,10,4,3,0,f,t,f,f,13.28263871,52.51863133
210071,6,3,18,1,3,0,f,t,f,f,13.34360491,52.41553756
210070,2,3,14,4,3,6,f,t,t,f,13.40071262,52.49427775
210069,6,2,11,3,3,5,f,t,f,f,13.26045236,52.44443575
210068,3,2,14,6,3,5,f,t,f,f,13.43786063,52.59300033
210067,10,1,14,5,3,2,f,t,f,f,13.60419668,52.53893994
210066,5,1,6,5,2,6,f,t,t,f,13.14154369,52.53235254
210065,4,3,16,5,3,5,t,t,f,f,13.32172781,52.49288129
210064,10,2,16,3,3,2,f,t,f,f,13.57211165,52.5461523
210063,9,3,8,4,3,2,f,t,f,f,13.5486023,52.42763882
210062,1,1,19,5,3,2,t,t,f,f,13.40502561,52.5339037
210061,11,3,6,5,3,0,t,f,f,f,13.48666906,52.52664918
210060,6,2,7,5,3,2,f,t,f,f,13.32229121,52.41038573
210059,12,3,16,3,3,6,t,f,t,f,13.32597123,52.5923007
210058,3,1,16,5,3,3,t,f,f,f,13.43878047,52.54794457
210057,7,2,12,5,3,5,f,t,f,f,13.34627041,52.50107232
210056,5,2,6,2,3,6,f,t,t,f,13.22821388,52.53007557
210055,1,3,8,7,3,1,t,t,f,f,13.38343225,52.53397163
210054,1,2,14,4,2,4,t,f,f,f,13.34203037,52.52626933
210053,3,1,14,1,3,1,t,t,f,f,13.44563683,52.53883238
210052,3,3,16,6,3,0,f,f,t,f,13.40928824,52.56642148
210051,1,2,21,1,3,5,f,t,f,f,13.36280782,52.4997229
210050,9,3,8,7,3,5,t,t,f,f,13.62169812,52.45061883
210049,6,3,13,7,3,3,t,t,f,f,13.30005231,52.43992245
210048,2,2,13,7,3,0,t,f,f,f,13.37966859,52.49429834
210047,12,1,11,6,3,1,f,t,t,f,13.37074077,52.5630257
210046,1,1,14,2,2,5,t,t,f,f,13.38715811,52.5597998
210045,1,2,15,1,3,2,t,f,f,f,13.38325952,52.53063536
210044,5,3,17,3,3,2,f,t,f,f,13.27981651,52.53432296
210043,4,1,18,3,3,3,f,t,f,f,13.29385608,52.53476839
210042,5,2,14,2,3,1,f,t,f,f,13.13287979,52.45106783
210041,8,2,17,6,3,5,f,t,f,f,13.43478852,52.43923971
210040,12,1,9,3,3,5,f,t,f,f,13.31543439,52.57783744
210039,12,3,15,4,3,6,f,t,t,f,13.29536507,52.62876091
210038,7,1,15,6,3,5,f,t,f,f,13.3884382,52.45674805
210037,12,1,13,3,3,5,t,f,f,f,13.28539402,52.59482019
210036,8,1,9,3,3,5,t,t,f,f,13.45244174,52.47283818
210035,5,2,15,1,3,5,t,t,f,f,13.18788832,52.54700248
210034,10,3,16,2,3,5,t,t,f,f,13.51895151,52.5314907
210033,6,3,18,3,3,5,t,t,f,f,13.33886604,52.46451464
210032,5,2,14,1,3,0,f,t,f,f,13.15055349,52.52295421
210031,6,2,15,7,3,5,t,t,f,f,13.32997657,52.46443812
210030,12,1,13,4,2,6,f,t,t,f,13.24483566,52.61445463
210029,7,2,17,3,3,6,f,t,t,f,13.36792922,52.41896813
210028,8,1,8,4,2,0,t,f,f,f,13.40591121,52.41559563
210027,5,3,14,6,3,5,t,t,f,f,13.26840173,52.53675635
210026,4,2,12,1,3,3,f,t,f,f,13.27052828,52.51063692
210025,8,2,17,3,3,0,f,f,f,t,13.45165306,52.45253029
210024,6,1,11,1,3,5,t,t,f,f,13.32394951,52.4560999
210023,11,3,7,4,3,5,t,t,f,f,13.51184392,52.54648049
210022,12,3,16,5,2,6,f,t,t,f,13.36492651,52.597145
210021,11,3,23,6,2,5,f,t,f,f,13.49489678,52.54206726
210020,9,2,14,4,3,0,f,f,t,f,13.51748439,52.4616639
210019,9,3,13,2,3,5,t,t,f,f,13.54515056,52.43433854
210018,10,1,21,5,2,9,f,t,f,f,13.53907447,52.55428271
210017,9,2,13,4,2,0,f,f,f,t,13.50524698,52.44479673
210016,12,1,10,5,3,6,f,t,t,f,13.32978083,52.56913584
210015,1,3,8,7,2,6,f,t,t,f,13.3444765,52.50436914
210014,9,2,20,4,3,8,f,f,f,t,13.49750546,52.45809045
210013,5,1,18,1,3,6,f,t,t,f,13.16531327,52.55126224
210012,1,3,15,6,2,2,t,f,f,f,13.38840785,52.53399059
210011,7,3,12,7,3,5,f,t,f,f,13.40623865,52.40437741
210010,3,1,15,6,3,6,f,t,t,f,13.45292168,52.55186233
210009,1,1,11,1,2,5,f,t,f,t,13.41182226,52.52396765
210008,9,2,6,1,3,1,f,t,f,f,13.48500082,52.46704747
210007,1,3,19,1,3,2,f,t,f,f,13.4048491,52.51353234
210006,8,1,14,3,2,6,f,f,t,f,13.426346,52.47754794
210005,10,2,13,2,3,6,f,t,t,f,13.61222667,52.51185988
210004,2,2,18,5,2,5,f,t,f,f,13.40932199,52.50172909
210003,8,1,7,4,3,2,f,t,f,f,13.44812448,52.47765568
210002,5,3,6,4,3,2,f,t,f,t,13.1578742,52.5613587
210001,1,1,14,7,3,5,f,t,f,f,13.39893273,52.53254512
210000,1,2,10,5,3,5,t,t,f,f,13.39422235,52.50789917
209999,1,1,13,7,3,5,t,t,f,f,13.38478693,52.55064062
209998,4,3,6,5,3,2,f,t,f,f,13.29712916,52.53454852
209997,8,2,17,1,3,4,f,t,f,f,13.43513611,52.42686173
209996,1,3,7,7,3,1,f,t,f,f,13.38290655,52.52311373
209995,3,3,12,2,3,6,f,t,t,f,13.39198248,52.58393009
209994,4,2,12,6,3,5,f,t,f,f,13.27390367,52.50968098
209993,5,1,17,7,2,6,f,t,t,f,13.21307875,52.56164255
209992,6,1,7,2,3,5,f,t,f,f,13.31868737,52.45446522
209991,3,2,10,6,2,5,t,f,f,f,13.43074653,52.53450049
209990,2,3,15,2,3,5,t,t,f,f,13.46608437,52.49997034
209989,5,2,19,3,3,1,f,t,f,f,13.22531149,52.53755195
209988,7,2,9,5,3,6,t,f,t,f,13.35611576,52.48597528
209987,1,1,8,2,3,0,t,t,f,f,13.3804334,52.51811757
209986,3,3,16,4,3,5,f,t,f,t,13.42708346,52.58735669
209985,3,1,15,7,3,5,f,t,f,f,13.40269794,52.60065823
209984,1,1,12,3,3,5,f,f,f,f,13.37978713,52.55607929
209983,10,1,10,3,3,5,f,t,f,f,13.57357341,52.55241006
209982,5,2,20,1,3,8,f,t,f,f,13.14168251,52.45543258
209981,9,3,15,3,3,0,f,t,f,f,13.5755264,52.44550589
209980,7,3,14,4,3,5,f,t,f,f,13.37127522,52.43647208
209979,9,2,8,2,3,2,f,t,f,f,13.54219461,52.45777954
209978,9,3,0,2,3,5,t,t,f,f,13.50708375,52.46326252
209977,3,1,9,3,3,6,f,t,t,f,13.44300053,52.55141963
209976,10,2,15,3,3,2,f,t,f,f,13.5668268,52.55598398
209975,10,1,16,5,3,2,f,t,f,f,13.61532747,52.5316394
209974,4,3,13,6,3,3,f,t,f,f,13.29880237,52.51951557
209973,3,3,8,6,3,5,t,t,f,f,13.40863952,52.55394606
209972,1,2,15,1,3,2,f,t,f,f,13.38410022,52.55552524
209971,9,2,15,3,3,0,t,f,f,f,13.54922197,52.4383264
209970,1,1,11,7,3,5,t,f,f,f,13.38067079,52.51662448
209969,8,3,23,4,2,5,t,t,f,f,13.4311478,52.4677897
209968,4,3,12,6,2,5,f,t,f,f,13.3029661,52.50553435
209967,11,3,11,6,3,6,f,f,t,f,13.47166356,52.52723976
209966,12,2,12,5,3,1,f,t,f,f,13.30689775,52.61688582
209965,4,1,13,1,3,5,f,t,f,f,13.33097146,52.49513828
209964,3,3,15,3,2,6,f,t,t,f,13.49253911,52.62331059
209963,12,1,20,1,3,6,f,t,t,f,13.294794,52.57650747
209962,4,2,19,4,3,6,f,t,t,f,13.32274784,52.48643807
209961,2,3,7,6,3,2,f,t,f,f,13.42013981,52.48988853
209960,3,2,16,4,3,5,f,t,f,f,13.42264,52.5415198
209959,5,2,11,6,3,2,f,t,f,f,13.17131856,52.53369407
209958,3,1,9,2,3,5,t,t,f,f,13.47692929,52.56699518
209957,3,3,9,5,3,1,t,t,f,f,13.42364306,52.54347835
209956,11,3,13,6,3,6,f,f,t,f,13.50384388,52.56426721
209955,11,3,9,2,3,2,f,t,f,f,13.50692713,52.56403083
209954,11,1,10,3,3,2,f,t,f,f,13.48583977,52.57730025
209953,7,1,18,4,3,0,f,t,f,f,13.36084241,52.4913215
209952,5,2,13,2,2,0,f,t,f,f,13.18462454,52.51536777
209951,6,3,12,2,3,5,f,t,f,f,13.27029822,52.44235093
209950,6,1,16,4,3,5,t,t,f,f,13.35371856,52.44542493
209949,12,2,20,7,2,1,f,t,f,f,13.35586004,52.57758772
209948,7,3,15,2,3,6,f,t,t,f,13.35338249,52.48106625
209947,2,1,14,4,3,1,t,t,f,f,13.37586754,52.48773779
209946,12,3,13,4,3,0,t,f,f,f,13.21661469,52.61118701
209945,6,1,12,6,3,5,t,t,f,f,13.25997889,52.42818265
209944,7,1,17,4,3,3,f,t,f,f,13.37844468,52.409766
209943,8,1,6,5,3,5,t,t,f,f,13.45397933,52.46920807
209942,2,2,10,3,2,6,f,t,t,f,13.4211901,52.48719314
209941,1,3,11,2,2,4,t,f,f,f,13.4253673,52.50855769
209940,1,3,15,4,3,6,f,t,t,f,13.38607448,52.53882998
209939,6,2,6,4,3,5,f,t,f,t,13.34818067,52.45149479
209938,5,3,16,3,3,2,f,t,f,f,13.2001385,52.53247224
209937,4,1,17,5,3,6,t,f,t,f,13.31092252,52.47945108
209936,2,2,3,2,3,0,f,f,f,f,13.38861745,52.4994603
209935,12,3,19,6,3,5,t,t,f,f,13.31117143,52.5698166
209934,12,2,14,5,3,6,f,t,t,f,13.29984373,52.58325118
209933,12,1,11,6,3,5,f,t,f,f,13.37930854,52.56989083
209932,7,1,16,3,3,2,f,t,f,f,13.39311962,52.45789558
209931,1,1,18,4,3,1,t,t,f,f,13.39331232,52.52680762
209930,4,2,16,2,3,0,t,f,f,f,13.30728287,52.47951424
209929,4,3,19,3,3,2,f,t,f,f,13.32043654,52.4715959
209928,11,3,18,4,3,0,f,t,f,t,13.51317446,52.48935529
209927,2,2,20,2,2,6,f,t,t,f,13.43369945,52.52332087
209926,8,2,14,1,3,2,f,t,f,f,13.44051114,52.48158371
209925,4,1,15,7,3,2,f,t,f,f,13.3384784,52.50334644
209924,6,2,10,2,3,5,t,t,f,f,13.24025442,52.42449855
209923,7,1,10,5,3,0,f,f,f,f,13.36210207,52.49768312
209922,6,3,14,5,3,5,t,t,f,f,13.2679283,52.44546693
209921,9,3,9,6,2,4,f,t,f,f,13.52828885,52.40259718
209920,3,2,14,4,3,5,t,t,f,f,13.44170893,52.55004821
209919,2,1,13,6,3,2,f,t,f,f,13.38877657,52.48982283
209918,9,3,16,4,2,1,t,t,f,f,13.52377616,52.45284235
209917,11,1,0,5,2,0,f,t,f,f,13.52390015,52.51306872
209916,9,3,5,6,2,5,f,t,f,f,13.49127529,52.46907301
209915,12,2,9,6,3,5,f,t,f,f,13.2874061,52.63317639
209914,9,3,11,1,3,2,f,t,f,f,13.52624212,52.42647586
209913,4,2,14,5,3,3,f,t,f,f,13.2833818,52.51851702
209912,12,1,7,6,3,5,f,t,f,f,13.35987979,52.56200021
209911,8,3,15,3,3,5,t,f,f,t,13.51565314,52.42084698
209910,8,1,17,2,3,2,f,f,f,f,13.44119424,52.47222244
209909,1,2,12,4,3,1,t,t,f,f,13.3863397,52.52795179
209908,3,3,17,6,3,5,t,t,f,f,13.42891958,52.57909878
209907,3,2,11,5,3,2,f,t,f,f,13.4411162,52.54941664
209906,9,2,15,5,3,5,f,t,f,f,13.51729212,52.42864564
209905,1,1,9,3,3,5,t,t,f,f,13.39894011,52.50822701
209904,1,3,15,5,3,5,f,t,f,f,13.34603745,52.54487012
209903,10,3,19,7,3,6,f,t,t,f,13.57928735,52.56358904
209902,7,3,12,2,3,5,f,t,f,f,13.37906392,52.44813057
209901,6,1,18,3,3,6,f,t,t,f,13.2985805,52.45766481
209900,1,1,14,4,3,5,f,t,f,f,13.33729518,52.55861569
209899,4,2,10,2,3,5,t,t,f,f,13.28089926,52.47667826
209898,9,3,19,2,3,5,t,t,f,f,13.53900372,52.45098344
209897,1,3,12,5,3,1,t,t,f,f,13.41066179,52.51008123
209896,12,1,5,4,3,1,t,t,f,f,13.32383063,52.56504693
209895,10,2,13,7,3,5,f,t,f,f,13.58623826,52.51675559
209894,10,2,14,7,2,6,f,t,t,f,13.58838783,52.52957056
209893,12,1,17,4,3,1,f,t,f,f,13.29156087,52.59353928
209892,3,3,15,4,3,6,f,t,t,f,13.39721598,52.56225307
209891,12,2,20,3,3,5,f,t,f,f,13.32174163,52.56049311
209890,12,1,15,4,3,5,f,t,f,f,13.36051968,52.59689484
209889,4,1,15,4,2,0,f,t,f,t,13.2784727,52.53688762
209888,12,3,13,6,3,2,f,t,f,f,13.31704441,52.56677878
209887,9,2,8,3,3,2,f,t,f,f,13.4778509,52.44651673
209886,1,3,19,4,3,5,t,t,f,f,13.40686153,52.51826683
209885,11,3,20,5,2,5,f,t,f,f,13.47327343,52.52299119
209884,3,2,6,5,3,3,f,t,f,f,13.45230138,52.53440436
209883,12,3,15,3,3,6,f,t,t,f,13.29172358,52.58265822
209882,9,1,12,6,3,2,f,t,f,f,13.59329745,52.45162865
209881,2,2,18,3,3,5,f,t,f,t,13.46371611,52.51070134
209880,11,3,18,7,3,5,f,t,f,f,13.48842259,52.50223181
209879,11,2,7,4,3,5,t,t,f,f,13.5153728,52.53753165
209878,4,1,16,6,3,5,f,t,f,f,13.30695113,52.50005452
209877,8,3,8,5,1,5,t,f,f,f,13.42115515,52.46677666
209876,8,3,17,7,3,6,f,t,t,f,13.42401022,52.48652625
209875,3,3,9,2,3,5,f,t,f,f,13.4405482,52.63699678
209874,11,2,14,7,3,6,f,t,t,f,13.52018914,52.56625493
209873,10,1,4,1,3,9,f,t,f,f,13.54011855,52.52582621
209872,9,1,17,3,3,5,t,f,f,f,13.45395608,52.48897407
209871,6,1,14,4,2,6,f,t,t,f,13.31520713,52.4473819
209870,2,2,13,7,2,2,f,t,f,t,13.45793999,52.50965458
209869,1,3,17,3,2,2,f,t,f,t,13.39976509,52.53151917
209868,3,1,13,3,1,6,f,f,t,f,13.46645637,52.55082607
209867,4,2,18,4,3,3,f,t,f,f,13.30504857,52.50269252
209866,1,2,19,5,3,5,t,t,f,f,13.36033767,52.53724679
209865,7,1,10,1,3,5,f,t,f,f,13.35430603,52.48352479
209864,1,3,8,4,2,6,f,t,t,f,13.36986082,52.55966213
209863,1,1,10,1,3,0,f,f,f,t,13.34802049,52.55380502
209862,3,1,12,2,3,5,t,t,f,f,13.48369523,52.56194038
209861,4,1,20,3,3,5,f,t,f,f,13.31492469,52.51338665
209860,2,3,17,4,3,5,f,t,f,t,13.40660088,52.49836514
209859,5,3,8,6,3,5,f,t,f,f,13.16102047,52.52545125
209858,2,3,7,2,3,5,f,f,f,t,13.41861702,52.49887086
209857,3,2,14,7,3,5,f,t,f,f,13.44443761,52.57529962
209856,8,1,19,2,3,5,t,t,f,f,13.42105188,52.46735962
209855,6,1,10,2,3,6,f,t,t,f,13.34935771,52.44739123
209854,12,2,22,4,3,8,f,t,f,f,13.35283061,52.60164598
209853,8,3,15,3,3,2,f,t,f,f,13.45377749,52.42953805
209852,5,2,17,5,2,5,f,t,f,f,13.26495342,52.53666009
209851,9,2,6,5,3,3,t,t,f,f,13.50927226,52.47333472
209850,2,1,18,2,2,1,t,t,f,f,13.38703343,52.50650792
209849,2,3,18,5,3,1,t,t,f,f,13.41685571,52.49252947
209848,3,1,15,6,2,6,f,t,t,f,13.48141843,52.62204038
209847,7,3,19,2,3,6,f,t,t,f,13.34599065,52.49696518
209846,6,2,18,6,3,6,f,t,t,f,13.32775832,52.42563022
209845,6,3,17,2,3,5,f,t,f,t,13.31491507,52.43776885
209844,9,1,21,2,3,5,t,t,f,f,13.48903134,52.46735644
209843,4,1,11,4,3,6,f,t,t,f,13.33331229,52.48154594
209842,1,2,17,2,3,5,t,t,f,f,13.39218396,52.5550635
209841,2,3,18,3,3,6,t,f,t,f,13.45885688,52.51155722
209840,2,3,12,4,3,5,t,t,f,f,13.42762475,52.49897414
209839,11,1,7,5,2,2,f,t,f,f,13.53616536,52.57040523
209838,9,2,16,2,3,6,t,f,t,f,13.50964866,52.47299062
209837,10,2,8,7,3,1,f,t,f,f,13.60018946,52.52595865
209836,7,1,16,3,3,6,f,f,t,f,13.34938372,52.49041201
209835,11,3,9,4,3,2,f,t,f,f,13.47940976,52.52336968
209834,8,2,17,3,2,2,t,f,f,f,13.42890084,52.47193816
209833,11,2,13,6,3,5,f,t,f,f,13.53209958,52.48411567
209832,12,1,6,5,2,4,f,t,f,f,13.29278098,52.60831468
209831,2,1,6,5,2,5,t,f,f,f,13.42711531,52.51191648
209830,1,3,20,4,3,5,f,t,f,f,13.38852324,52.547824
209829,5,2,7,2,3,0,f,f,f,t,13.1599687,52.54860807
209828,2,3,11,4,3,5,t,t,f,f,13.40920402,52.50168596
209827,7,3,15,5,3,5,f,t,f,t,13.36674966,52.44963436
209826,12,2,7,5,2,1,f,t,f,f,13.30175404,52.62122787
209825,1,3,20,3,3,5,t,t,f,f,13.38146891,52.51515178
209824,3,1,17,5,3,5,f,t,f,f,13.441265,52.54957257
209823,2,2,8,4,3,5,t,t,f,f,13.44440045,52.49979542
209822,2,2,5,5,3,0,t,f,f,f,13.46506593,52.49803515
209821,8,3,11,6,3,0,f,t,f,f,13.45339263,52.42938299
209820,4,2,14,4,2,5,f,t,f,t,13.31533336,52.51472276
209819,3,1,11,6,3,5,t,t,f,f,13.40699058,52.56034119
209818,11,3,17,6,3,1,t,t,f,f,13.52450823,52.48252862
209817,8,3,20,7,2,5,f,t,f,f,13.46449139,52.47027217
209816,3,3,13,2,3,5,f,t,f,f,13.46994343,52.5673284
209815,12,2,16,7,3,0,f,t,f,t,13.33175925,52.56321164
209814,9,1,7,5,3,5,t,t,f,f,13.45406507,52.48901964
209813,11,1,11,1,3,5,t,t,f,f,13.56430568,52.57228028
209812,12,1,12,3,3,5,f,t,f,t,13.30030949,52.58622238
209811,10,2,10,7,3,6,f,t,t,f,13.57756423,52.56500477
209810,7,3,21,1,3,5,f,t,f,f,13.40107379,52.41457355
209809,8,1,17,3,3,0,f,t,f,t,13.46309269,52.46954834
209808,12,2,11,2,3,8,f,t,f,f,13.28516137,52.59543083
209807,8,2,17,6,3,1,t,t,f,f,13.42424165,52.48535419
209806,10,1,3,1,3,1,f,t,f,f,13.56610813,52.51314695
209805,9,3,15,4,3,5,t,t,f,f,13.55800911,52.45571372
209804,8,1,6,6,3,6,f,t,t,f,13.44817013,52.47763295
209803,8,1,8,3,3,5,f,t,f,f,13.43617234,52.44884732
209802,1,1,18,3,3,1,t,t,f,f,13.36083553,52.50028761
209801,3,2,9,2,3,5,t,t,f,f,13.37906475,52.57493122
209800,4,3,17,2,3,1,t,t,f,f,13.30388381,52.50145166
209799,6,3,9,4,3,5,t,f,f,f,13.31487066,52.41752579
209798,3,2,8,2,3,2,f,t,f,f,13.4011068,52.56564785
209797,12,3,10,2,3,2,t,f,f,f,13.36082215,52.60220239
209796,4,1,16,4,3,5,t,t,f,f,13.31165516,52.46825958
209795,8,2,13,2,3,0,t,f,t,f,13.45389551,52.44303233
209794,12,2,13,7,3,3,f,t,f,f,13.3467153,52.56796391
209793,7,1,15,5,3,6,t,f,t,f,13.35562965,52.46099603
209792,5,3,16,6,3,0,t,f,f,t,13.24666181,52.53811452
209791,12,2,14,3,3,2,f,t,t,f,13.32763917,52.56397246
209790,8,1,16,5,3,0,f,t,f,f,13.43161082,52.46639217
209789,8,3,17,4,2,5,t,t,f,f,13.4267181,52.4882841
209788,1,3,22,5,2,1,f,t,f,f,13.38873085,52.55536883
209787,1,3,15,7,3,5,t,t,f,f,13.34278179,52.50457979
209786,4,2,18,1,3,5,f,t,f,f,13.32624142,52.53802894
209785,12,3,15,3,2,4,f,t,f,f,13.3633006,52.59706089
209784,4,3,14,5,3,2,f,t,f,f,13.24904592,52.52395582
209783,3,2,12,1,3,5,f,t,f,f,13.4619773,52.55890561
209782,1,2,5,1,3,5,f,f,f,f,13.41537892,52.52271245
209781,3,1,10,3,3,5,t,t,f,f,13.46264987,52.55975963
209780,3,3,7,5,3,0,t,t,f,f,13.42223007,52.55989603
209779,8,2,15,3,3,2,f,t,f,f,13.47427567,52.42570246
209778,8,2,19,6,3,2,f,t,f,f,13.43849998,52.45212785
209777,4,1,17,5,3,5,t,t,f,f,13.28778178,52.51514474
209776,4,3,12,6,3,2,f,t,f,f,13.32829587,52.49517039
209775,8,2,11,3,3,6,f,f,t,f,13.41831382,52.41453819
209774,11,3,17,3,3,3,f,t,f,f,13.51924126,52.50880305
209773,2,3,12,5,3,2,f,t,f,f,13.40383393,52.49521021
209772,2,2,12,4,3,5,f,t,f,f,13.45504881,52.50783235
209771,5,3,13,3,3,0,f,f,f,f,13.19898931,52.53348818
209770,2,1,15,6,3,5,t,t,f,f,13.42671579,52.51574313
209769,7,2,17,4,2,6,f,t,t,f,13.39256885,52.41268757
209768,4,3,11,7,3,5,t,t,f,f,13.31395105,52.50781032
209767,1,2,10,5,3,6,f,t,t,f,13.37349047,52.5422129
209766,10,1,10,6,3,5,f,t,f,f,13.56416022,52.52544511
209765,3,3,10,5,3,5,f,t,f,f,13.4367612,52.54873903
209764,5,3,17,2,3,2,f,t,f,f,13.2401964,52.54299627
209763,1,2,15,6,3,2,f,t,f,f,13.35313699,52.5022777
209762,7,1,3,1,3,9,f,t,f,f,13.35913536,52.49855177
209761,7,1,13,2,3,5,t,t,f,f,13.39995141,52.43776765
209760,5,2,15,6,3,5,t,t,f,f,13.17803316,52.54867537
209759,5,3,6,1,3,6,f,t,t,f,13.17687503,52.51709869
209758,9,1,13,3,3,0,f,f,f,f,13.50097879,52.46036888
209757,7,2,19,4,3,6,f,t,t,f,13.40087841,52.41452501
209756,5,2,10,5,3,6,f,f,t,f,13.19952919,52.54642032
209755,4,1,11,3,3,0,f,t,t,f,13.30570157,52.50989929
209754,3,3,6,4,3,0,f,t,f,f,13.42734616,52.5524461
209753,6,1,12,7,3,2,f,t,f,f,13.25014975,52.45552029
209752,8,1,16,3,3,0,t,t,f,f,13.43954236,52.47586089
209751,8,1,7,4,3,6,f,f,t,f,13.41672659,52.41829126
209750,7,2,7,2,3,6,f,t,t,f,13.37753693,52.48199386
209749,1,3,6,3,3,2,f,t,f,f,13.35190851,52.50507406
209748,1,3,15,4,3,1,t,t,f,f,13.35030959,52.50293492
209747,4,2,9,7,3,5,f,t,f,f,13.32716053,52.49489186
209746,6,2,2,7,2,9,f,t,f,f,13.3484025,52.45373419
209745,12,1,16,5,3,2,f,t,f,t,13.33022982,52.56270166
209744,2,2,11,3,3,1,t,t,f,f,13.38876132,52.50017305
209743,3,1,13,4,3,0,t,t,f,f,13.45373919,52.53293902
209742,9,3,8,5,2,5,f,t,f,f,13.53137477,52.40509555
209741,4,3,16,7,2,0,t,f,f,f,13.31497439,52.51386107
209740,11,2,9,5,3,5,t,t,f,f,13.49365064,52.54475366
209739,8,1,19,6,3,2,t,t,f,f,13.50365008,52.41174444
209738,1,3,8,4,3,5,t,t,f,f,13.41501698,52.51581521
209737,3,3,15,5,3,2,f,t,f,f,13.50558781,52.63678737
209736,1,3,10,2,3,5,t,t,f,f,13.39800787,52.53501324
209735,12,2,15,3,3,2,f,t,f,f,13.29147988,52.58075276
209734,2,1,1,1,3,5,t,t,f,f,13.42689368,52.49910842
209733,9,3,10,3,2,6,f,t,t,f,13.52581508,52.40648924
209732,6,1,11,2,3,5,f,t,f,t,13.25274746,52.42847458
209731,2,2,8,4,3,0,f,f,f,t,13.43523426,52.499958
209730,3,3,9,6,3,5,t,t,f,f,13.42616567,52.60770652
209729,8,2,12,4,3,2,f,t,f,f,13.42435025,52.48605316
209728,5,2,8,6,3,5,f,t,f,f,13.13053505,52.53635399
209727,12,1,9,2,3,6,f,t,t,f,13.27607553,52.5757597
209726,10,3,9,5,3,5,f,t,f,f,13.62432285,52.48976432
209725,3,3,14,6,3,0,f,t,f,f,13.43277456,52.55032415
209724,7,3,11,2,3,3,f,t,f,f,13.37636961,52.45914619
209723,4,1,17,2,2,5,t,t,f,f,13.33101064,52.49308304
209722,6,1,14,4,2,6,t,f,t,f,13.19892533,52.43430747
209721,4,2,16,2,3,5,f,t,f,f,13.25954228,52.51379712
209720,12,2,6,3,3,2,f,t,f,f,13.3601279,52.59689406
209719,7,3,16,3,3,2,t,f,f,f,13.40050318,52.48368851
209718,12,1,13,5,3,5,f,t,f,f,13.32243252,52.57390007
209717,8,2,15,4,3,1,f,t,f,f,13.44471301,52.47076669
209716,5,3,7,6,3,5,t,t,f,f,13.17926155,52.53056516
209715,8,2,7,4,3,5,t,t,f,f,13.44279053,52.46508455
209714,2,1,9,3,3,0,f,f,f,t,13.40359571,52.49391287
209713,9,3,13,6,3,5,t,f,f,f,13.57516629,52.44447864
209712,3,3,9,7,3,5,f,t,f,f,13.45720106,52.56098969
209711,9,3,8,2,2,5,f,t,f,t,13.48824491,52.46781812
209710,12,1,7,5,3,1,f,f,f,f,13.25956374,52.57061214
209709,4,1,11,1,3,3,t,t,f,f,13.28400885,52.47633273
209708,10,2,9,2,3,2,f,t,f,f,13.56427142,52.51339347
209707,12,3,11,2,3,2,f,t,f,f,13.29047784,52.6558642
209706,9,1,8,4,3,5,t,t,f,f,13.51080798,52.45015936
209705,6,2,12,3,3,3,f,t,f,f,13.31292421,52.4304904
209704,6,2,17,5,3,5,t,t,f,f,13.1932081,52.43380439
209703,5,1,16,3,2,9,f,t,f,f,13.11803918,52.47070286
209702,6,3,7,4,3,4,t,t,f,f,13.33457892,52.46407769
209701,2,1,9,7,3,2,t,t,f,f,13.42213177,52.49893244
209700,8,1,17,3,3,6,f,t,t,f,13.45555013,52.45311058
209699,3,1,9,3,3,5,f,t,f,f,13.42928466,52.53871269
209698,6,2,17,3,3,0,t,f,f,f,13.34052705,52.44360837
209697,4,3,6,2,2,6,t,f,t,f,13.32034392,52.48000776
209696,11,3,16,4,3,5,t,t,f,f,13.52546864,52.48154738
209695,7,2,10,7,3,3,f,t,f,f,13.36217114,52.41223606
209694,9,2,7,1,3,8,f,t,f,f,13.5437805,52.42556508
209693,8,1,18,7,3,5,f,t,f,f,13.44832878,52.42739803
209692,8,2,15,2,3,5,t,t,f,f,13.49116811,52.42474883
209691,11,3,11,6,3,5,t,f,f,f,13.49912503,52.51816836
209690,6,2,11,5,3,2,f,t,f,f,13.30170221,52.43844056
209689,2,1,14,7,3,0,f,f,f,t,13.4637282,52.51068916
209688,9,3,13,5,3,2,f,t,f,f,13.54702114,52.43145573
209687,4,3,10,5,3,0,f,t,t,f,13.28724944,52.51685897
209686,9,3,9,7,2,5,f,t,f,f,13.48126611,52.4608041
209685,8,2,14,6,3,5,f,t,f,f,13.44690784,52.42698055
209684,1,1,12,6,3,5,f,t,f,f,13.3854952,52.51848432
209683,6,3,15,3,2,6,f,t,t,f,13.30654098,52.42863893
209682,10,1,17,2,3,5,t,t,f,f,13.55726936,52.50722313
209681,7,2,7,4,2,5,f,t,f,f,13.37615966,52.409217
209680,11,3,12,3,3,5,t,t,f,f,13.45853716,52.52730404
209679,2,2,17,2,3,2,f,t,f,f,13.38798408,52.50275136
209678,12,2,17,5,3,5,f,t,f,f,13.34693538,52.56926242
209677,6,2,15,6,3,5,f,t,f,f,13.27489258,52.46043319
209676,7,1,6,3,2,6,f,t,t,f,13.38539211,52.46609323
209675,7,3,16,5,3,5,f,t,f,t,13.39960743,52.46440586
209674,9,1,12,1,3,5,f,t,f,f,13.47872895,52.47758122
209673,12,3,21,7,3,5,f,t,f,f,13.33894766,52.60118559
209672,12,1,17,2,2,6,f,t,t,f,13.28247168,52.59099715
209671,5,1,14,4,3,2,f,t,f,f,13.20834999,52.56183662
209670,3,2,14,1,3,5,t,f,f,f,13.40460365,52.54060595
209669,1,3,17,3,3,6,f,t,t,f,13.39875499,52.53258418
209668,3,3,7,4,3,5,t,t,f,f,13.43886951,52.55540821
209667,9,1,10,4,3,5,f,t,f,f,13.48198885,52.48173221
209666,9,2,14,2,3,2,f,t,f,f,13.54111179,52.45817644
209665,6,2,23,7,3,2,f,t,f,f,13.30969744,52.43135086
209664,2,1,15,4,2,6,f,t,t,f,13.383619,52.49393524
209663,12,3,13,4,2,5,t,f,f,f,13.30772205,52.55648073
209662,3,2,9,2,2,5,f,t,f,f,13.4274406,52.55240111
209661,4,1,22,4,2,9,f,t,f,f,13.31513366,52.51478557
209660,4,1,17,5,3,0,f,f,f,t,13.28709709,52.5173696
209659,4,3,11,5,3,2,f,t,f,f,13.26847998,52.5115692
209658,10,2,13,3,3,0,f,f,f,f,13.56537398,52.54458252
209657,3,3,5,4,3,5,t,t,f,f,13.46050641,52.55958984
209656,7,3,15,5,3,6,f,t,t,f,13.38536161,52.46858854
209655,11,2,17,2,3,5,f,t,f,t,13.48465588,52.51397133
209654,5,3,15,3,3,6,f,t,t,f,13.20958367,52.57984219
209653,11,1,16,6,3,1,t,t,f,f,13.46540278,52.5329073
209652,5,3,8,3,3,5,f,t,f,f,13.26480126,52.53684355
209651,10,1,19,4,3,5,t,t,f,f,13.58897617,52.53934242
209650,8,2,19,2,3,0,f,t,f,f,13.43366915,52.48962354
209649,11,3,14,2,3,2,f,t,f,f,13.50004045,52.53062678
209648,7,1,19,4,3,5,t,t,f,f,13.35971421,52.48856903
209647,7,3,7,4,3,5,t,t,f,f,13.39341777,52.38857064
209646,5,1,19,1,3,2,f,t,f,f,13.17201644,52.53372191
209645,8,1,21,4,3,0,f,t,f,f,13.428244,52.45226206
209644,7,1,16,4,3,5,t,t,f,f,13.37797057,52.46642441
209643,1,2,9,3,3,3,f,t,f,f,13.37699284,52.55692206
209642,5,3,10,3,3,5,f,t,f,f,13.16655801,52.53336222
209641,10,3,16,4,2,5,t,t,f,f,13.56488174,52.54454956
209640,4,2,9,4,3,2,f,t,f,f,13.32776079,52.50017128
209639,1,3,8,3,3,5,f,t,f,f,13.38340263,52.54852005
209638,1,1,12,6,3,5,t,t,f,f,13.35202367,52.54625218
209637,8,2,23,4,3,5,t,t,f,f,13.45583674,52.47382243
209636,7,2,19,5,3,0,f,t,f,f,13.40680608,52.39376889
209635,11,3,7,6,3,1,t,t,f,f,13.4762013,52.50680913
209634,1,2,5,1,3,9,f,f,f,f,13.36807606,52.5569925
209633,9,2,17,4,3,0,t,f,f,f,13.63534654,52.38924104
209632,12,1,16,7,3,5,f,t,f,f,13.35109497,52.56746034
209631,3,3,8,3,3,6,f,t,t,f,13.43901626,52.56855523
209630,4,3,7,6,3,2,f,t,f,t,13.33525052,52.49909654
209629,10,3,11,7,3,6,f,f,t,f,13.60334725,52.53795119
209628,10,2,15,6,3,6,f,t,t,f,13.61935262,52.54113819
209627,5,1,8,6,3,5,t,t,f,f,13.1597533,52.56445165
209626,4,1,14,2,2,2,f,t,f,f,13.29939123,52.52337492
209625,6,1,14,3,2,4,f,t,f,f,13.27357321,52.41711411
209624,2,2,11,7,3,0,f,t,f,t,13.46136556,52.50872026
209623,4,3,16,3,3,6,f,t,t,f,13.32682142,52.50022931
209622,9,1,14,3,3,5,f,t,f,f,13.50463509,52.43286941
209621,8,2,16,3,3,2,f,t,f,f,13.46610578,52.4290327
209620,6,2,12,5,3,5,f,t,f,t,13.33462495,52.46416882
209619,4,1,11,2,3,5,t,f,f,f,13.3308049,52.5003102
209618,11,3,7,4,3,6,f,t,t,f,13.50011,52.56158016
209617,6,1,10,6,3,7,t,f,f,f,13.25172606,52.41146243
209616,3,3,15,2,3,6,f,t,t,f,13.45813952,52.61055324
209615,6,1,17,3,3,5,f,t,f,f,13.33249454,52.45829322
209614,1,1,18,3,3,5,f,t,f,f,13.37182353,52.5092602
209613,8,2,14,2,3,5,t,t,f,f,13.41195835,52.41728803
209612,5,3,15,3,3,2,t,f,f,f,13.2098638,52.54805426
209611,6,3,13,5,3,2,f,t,f,f,13.34573842,52.43628057
209610,12,2,20,5,3,6,f,f,t,f,13.29421508,52.58098974
209609,7,2,14,6,3,1,t,t,f,f,13.34602164,52.49615782
209608,4,1,19,3,2,6,f,t,t,f,13.31443203,52.47210109
209607,4,3,13,5,3,0,t,t,f,f,13.30187217,52.48860152
209606,1,2,14,2,3,2,f,t,f,f,13.33403063,52.54099098
209605,1,2,11,7,3,0,f,t,f,f,13.34834231,52.55631369
209604,2,1,10,5,3,0,t,f,f,f,13.41043977,52.49932195
209603,8,1,15,4,3,5,f,t,f,t,13.42773944,52.48116118
209602,1,3,14,5,3,5,f,t,f,f,13.39232694,52.55515652
209601,4,2,17,3,3,3,f,t,f,t,13.32917372,52.47871084
209600,6,3,15,3,2,5,f,t,f,t,13.34834061,52.43791112
209599,7,3,14,6,3,1,t,t,f,f,13.34811285,52.40849669
209598,1,2,17,3,3,3,f,t,f,f,13.39561856,52.53865216
209597,4,3,12,3,3,5,f,t,f,f,13.33108328,52.49537143
209596,1,1,10,7,3,6,f,f,t,f,13.38396439,52.52983874
209595,8,2,13,5,2,1,f,t,t,f,13.49494808,52.42109664
209594,7,3,11,6,3,5,f,t,f,f,13.37164322,52.4235896
209593,1,2,19,4,3,9,f,t,f,f,13.37625512,52.53602814
209592,8,1,13,6,3,0,f,t,f,t,13.42416536,52.48573597
209591,8,3,17,5,3,5,f,t,f,f,13.51031819,52.40467189
209590,4,1,3,5,3,1,f,t,f,f,13.32187704,52.51647433
209589,6,3,15,2,3,2,f,t,f,f,13.32066795,52.45697521
209588,1,2,9,6,3,5,t,t,f,f,13.37410554,52.53057832
209587,1,2,19,7,3,2,f,t,f,f,13.38456549,52.52935764
209586,11,1,14,7,3,2,f,t,f,f,13.50386352,52.55289314
209585,7,1,7,2,3,5,f,t,f,t,13.35025395,52.41431981
209584,2,1,14,3,3,5,t,t,f,f,13.44068485,52.51727064
209583,8,2,16,6,3,5,f,t,f,f,13.45027192,52.4707499
209582,9,3,15,2,3,6,f,t,t,f,13.63448877,52.38701856
209581,6,1,15,3,2,6,f,t,t,f,13.3231648,52.45888596
209580,1,2,9,5,3,5,t,t,f,f,13.38353622,52.55503029
209579,6,3,10,7,2,0,t,t,f,f,13.29635601,52.46462501
209578,4,2,13,4,3,2,f,t,f,f,13.27263657,52.51931954
209577,6,1,18,1,3,1,f,t,f,f,13.33015852,52.4646008
209576,2,3,15,6,3,5,t,t,f,f,13.4403913,52.51585852
209575,2,3,15,6,3,0,f,f,f,f,13.44293461,52.50055632
209574,2,3,18,7,3,1,t,t,f,f,13.41873172,52.50143436
209573,9,2,8,7,3,0,t,f,f,f,13.58054827,52.44337138
209572,8,1,7,5,2,6,f,f,t,f,13.46495474,52.46416314
209571,2,1,19,7,3,5,f,t,f,f,13.39460988,52.50455939
209570,3,1,9,4,2,0,f,t,f,f,13.41346593,52.5476563
209569,8,2,14,7,3,5,f,t,f,f,13.45213038,52.45265206
209568,4,3,15,3,3,1,t,t,f,f,13.30228083,52.50761036
209567,3,1,10,3,3,4,f,t,f,f,13.42562384,52.59485217
209566,10,2,18,5,3,6,f,t,t,f,13.60705861,52.53893574
209565,3,2,11,5,3,5,t,t,f,f,13.45551096,52.54138397
209564,8,1,16,2,3,3,f,t,f,f,13.48994727,52.41999794
209563,2,3,13,4,3,5,t,t,f,f,13.42880402,52.50398633
209562,9,1,6,6,3,2,f,t,f,f,13.56202911,52.43738629
209561,2,1,17,2,3,5,f,t,f,f,13.44926132,52.50807045
209560,12,1,12,4,3,2,f,t,f,f,13.35873088,52.56200506
209559,7,2,13,1,3,5,f,t,f,f,13.3772961,52.45367178
209558,10,3,11,3,3,2,f,t,f,t,13.51797712,52.5355307
209557,4,3,15,4,3,5,f,t,f,f,13.31247992,52.48853803
209556,10,2,8,6,3,6,f,t,t,f,13.54479356,52.52237848
209555,1,2,17,7,3,6,f,t,t,f,13.3918555,52.55775459
209554,7,1,18,4,3,5,f,t,f,f,13.40017836,52.45913681
209553,5,2,17,3,3,2,f,t,f,f,13.19147217,52.53629614
209552,8,2,20,6,3,2,f,t,f,f,13.42896582,52.48269351
209551,7,1,19,3,3,6,f,t,t,f,13.3552103,52.41335311
209550,3,3,14,6,3,5,t,t,f,f,13.45276798,52.54148164
209549,11,2,17,3,3,5,f,t,f,f,13.49660153,52.54910961
209548,1,1,20,7,3,2,f,t,f,f,13.35112726,52.51517596
209547,2,3,7,3,3,2,f,t,f,f,13.39581267,52.49836832
209546,5,3,5,5,3,8,f,t,f,f,13.18727533,52.52022985
209545,7,3,9,6,3,2,f,t,f,f,13.39966548,52.44436432
209544,5,2,16,3,3,5,f,t,f,f,13.14155397,52.53237115
209543,8,3,16,3,3,6,f,t,t,f,13.42536935,52.49327871
209542,7,1,17,6,3,5,f,t,f,f,13.4001644,52.45913481
209541,1,2,10,4,2,1,t,f,f,f,13.40713512,52.52480391
209540,5,3,21,6,3,1,f,t,f,f,13.15877799,52.53099467
209539,11,2,11,5,3,5,f,t,f,f,13.48548918,52.52314203
209538,12,1,20,1,3,5,f,t,f,f,13.37261029,52.56813954
209537,11,3,18,6,3,2,f,t,f,f,13.49576341,52.56469164
209536,5,3,12,7,2,6,f,t,t,f,13.15823034,52.53236661
209535,4,1,15,1,3,4,t,t,f,f,13.22600342,52.50247322
209534,2,1,6,2,3,6,f,t,t,f,13.41836837,52.50000052
209533,10,2,22,1,3,0,f,t,f,t,13.59220556,52.51878378
209532,4,3,22,2,3,9,f,t,f,f,13.31683246,52.47821817
209531,6,1,12,4,3,5,f,t,f,f,13.32890638,52.44602475
209530,3,2,13,4,3,5,f,t,f,f,13.44160524,52.55479559
209529,4,2,5,6,2,6,f,f,t,f,13.21818126,52.50874488
209528,1,1,9,4,3,5,f,t,f,f,13.39036263,52.50766808
209527,4,3,9,4,3,1,t,t,f,f,13.32478747,52.48422246
209526,4,2,18,6,3,6,f,f,t,f,13.28679995,52.53520147
209525,4,1,14,2,2,6,f,f,t,f,13.31025053,52.49394347
209524,6,1,7,3,3,6,f,t,t,f,13.35172014,52.44031295
209523,7,2,15,2,3,2,f,t,f,f,13.36113493,52.49788018
209522,6,3,11,2,2,2,f,t,f,t,13.29439249,52.44895242
209521,2,3,17,4,3,5,t,t,f,f,13.38759939,52.49305767
209520,5,2,19,2,3,5,f,t,f,f,13.19505436,52.54492055
209519,3,2,18,1,3,6,f,f,t,f,13.40624971,52.55436023
209518,9,1,18,5,3,2,f,t,f,f,13.59386693,52.44720164
209517,4,2,17,3,3,6,f,t,t,f,13.31887511,52.51915997
209516,8,2,10,3,3,5,f,t,f,f,13.46638412,52.43350548
209515,1,2,16,5,3,2,f,t,f,f,13.42265946,52.52398366
209514,3,1,20,2,3,2,f,t,f,f,13.45381891,52.53285765
209513,5,3,16,4,3,5,f,t,f,f,13.1865286,52.54721847
209512,8,1,16,6,3,0,f,t,f,f,13.43945703,52.45276397
209511,2,2,19,6,3,6,f,t,t,f,13.3949362,52.50346495
209510,5,1,11,3,3,5,t,f,f,f,13.19737786,52.53169883
209509,10,1,19,3,2,0,t,f,f,f,13.57068933,52.56876409
209508,4,2,16,1,2,5,f,t,f,f,13.30230482,52.54789073
209507,4,3,14,2,2,2,t,t,f,f,13.3328842,52.47869407
209506,1,3,18,3,2,6,f,t,t,f,13.38599239,52.54974715
209505,7,2,14,1,3,6,f,t,t,f,13.38042686,52.44318108
209504,1,3,12,2,2,6,f,f,t,f,13.35584383,52.53848137
209503,1,1,22,3,3,0,t,f,f,f,13.34326853,52.53312863
209502,1,1,21,1,3,0,f,f,f,t,13.39321719,52.56444484
209501,11,2,10,7,3,2,f,t,f,f,13.46732461,52.54639375
209500,5,1,10,5,3,6,f,t,t,f,13.17802879,52.54866649
209499,9,3,12,6,3,5,f,t,f,f,13.54282505,52.45762846
209498,1,2,8,3,3,5,t,t,f,f,13.40979455,52.52401456
209497,4,1,18,7,3,2,f,t,f,f,13.32230534,52.48642948
209496,3,3,6,4,3,5,f,t,f,f,13.38023233,52.5749532
209495,4,3,12,6,3,0,f,f,f,f,13.31427809,52.5063378
209494,2,3,18,1,3,3,t,t,f,f,13.42046892,52.49178946
209493,9,2,10,3,3,5,f,t,f,f,13.49125898,52.46905944
209492,2,3,5,3,3,5,t,t,f,f,13.43671819,52.5234944
209491,1,1,17,6,2,5,t,t,f,f,13.33422966,52.52454328
209490,6,2,15,4,3,5,f,t,f,t,13.35396582,52.4433404
209489,1,3,1,6,3,8,f,t,f,f,13.33228813,52.54583658
209488,1,2,19,4,3,5,f,t,f,t,13.39281433,52.5425704
209487,10,1,1,1,3,9,f,t,f,f,13.5483465,52.54187857
209486,5,3,7,5,3,0,f,f,f,t,13.25010501,52.53808486
209485,5,3,11,7,2,2,f,t,f,f,13.17320831,52.51786726
209484,3,2,7,6,3,5,t,t,f,f,13.41317541,52.54768123
209483,2,3,18,2,2,6,f,t,t,f,13.37936554,52.48962641
209482,1,1,18,2,3,6,t,f,t,f,13.37776313,52.5081712
209481,5,1,0,4,2,9,f,t,f,f,13.11801888,52.47068534
209480,1,2,6,2,3,5,t,t,f,f,13.37225532,52.55595393
209479,10,3,8,3,3,5,f,t,f,f,13.60185576,52.53690684
209478,1,1,15,4,3,6,t,f,t,f,13.34957816,52.53906031
209477,2,2,12,6,3,2,f,t,f,f,13.41987153,52.49639732
209476,4,3,1,2,3,0,f,f,f,t,13.33452773,52.50845037
209475,7,1,17,4,3,6,f,f,t,f,13.33865911,52.48561139
209474,8,3,11,4,3,5,f,t,f,f,13.4485722,52.47855668
209473,3,1,3,1,3,9,f,t,f,f,13.38768625,52.58953922
209472,6,2,18,6,3,5,f,t,f,f,13.31237719,52.42984132
209471,1,1,16,4,3,5,t,t,f,f,13.41633898,52.5199852
209470,2,1,7,5,3,6,f,t,t,f,13.39284853,52.50436971
209469,8,2,18,3,3,5,f,t,f,f,13.43785621,52.47316219
209468,4,3,11,2,3,2,f,t,f,f,13.32025703,52.51357973
209467,12,3,19,4,2,5,f,t,f,t,13.33995776,52.58805421
209466,12,2,5,4,3,6,f,t,t,f,13.28915293,52.63294606
209465,8,3,11,2,3,2,f,t,f,t,13.43610112,52.48396238
209464,8,1,19,6,3,1,t,f,f,f,13.44403587,52.48757021
209463,3,2,11,3,2,5,f,t,f,f,13.42174927,52.56264696
209462,4,3,10,6,3,5,f,t,f,t,13.29988086,52.50975935
209461,11,2,14,5,3,5,t,t,f,f,13.54022147,52.5652608
209460,1,1,21,7,3,0,f,f,f,t,13.40444063,52.52191305
209459,9,3,16,4,2,6,f,t,t,f,13.58434959,52.45539465
209458,3,3,14,6,3,2,f,t,f,f,13.47575289,52.64045789
209457,9,2,16,6,3,5,f,f,f,f,13.51733751,52.47147848
209456,4,3,11,2,3,5,t,f,f,f,13.31795116,52.50301677
209455,6,2,12,7,2,4,f,t,f,f,13.32718866,52.42232295
209454,5,1,18,1,3,5,f,t,f,f,13.21144674,52.52734519
209453,11,1,11,7,3,6,f,t,t,f,13.5262058,52.56944753
209452,1,2,18,4,3,2,f,t,f,f,13.38239804,52.55197264
209451,2,3,20,2,3,5,f,t,f,t,13.46311061,52.50824781
209450,2,2,18,4,3,5,f,t,f,f,13.45191684,52.51070817
209449,3,2,17,5,3,1,f,t,f,t,13.41437483,52.55883378
209448,3,1,6,2,3,6,f,t,t,f,13.43000844,52.57171841
209447,1,1,17,5,2,6,f,t,t,f,13.40479744,52.51356282
209446,5,3,12,5,3,2,f,t,f,f,13.14628635,52.53270843
209445,1,3,19,7,3,0,t,t,f,f,13.39606482,52.51883082
209444,3,2,11,5,3,5,f,t,f,f,13.49018872,52.64545774
209443,11,1,14,5,2,5,t,t,f,f,13.52353545,52.49564307
209442,12,3,15,4,3,5,t,t,f,f,13.30186752,52.58042452
209441,12,3,17,5,3,2,f,t,f,f,13.34691945,52.56708412
209440,8,3,12,1,2,2,f,t,f,f,13.43783801,52.45447696
209439,7,2,18,3,3,8,f,t,f,f,13.38974586,52.3971251
209438,8,1,18,2,3,6,f,t,t,f,13.46033412,52.43192273
209437,4,3,14,3,3,5,f,t,f,f,13.31531707,52.49084569
209436,7,1,11,2,3,5,f,t,f,f,13.34714409,52.41207816
209435,4,2,10,4,3,5,f,t,f,f,13.3042387,52.50367206
209434,4,3,14,6,3,6,f,t,t,f,13.32921923,52.48170392
209433,6,2,16,4,3,2,f,t,f,f,13.23085005,52.42740949
209432,5,2,12,6,3,0,f,f,f,t,13.23333001,52.53851887
209431,7,1,8,3,3,5,t,t,f,f,13.34711602,52.50106751
209430,11,3,15,5,3,2,f,t,f,f,13.50041958,52.56154929
209429,12,1,12,6,3,5,f,t,f,f,13.32565153,52.5907111
209428,8,3,11,1,3,2,f,t,f,f,13.44311824,52.48029993
209427,5,1,14,2,3,1,f,t,f,t,13.24846554,52.53505989
209426,5,1,7,4,3,2,f,t,f,f,13.23206406,52.54067049
209425,8,2,13,1,2,5,t,t,f,f,13.49758532,52.41603963
209424,12,3,17,1,3,0,f,f,f,t,13.27519329,52.59789615
209423,1,1,8,5,3,5,t,t,f,f,13.4150763,52.51566293
209422,8,2,20,2,3,1,f,t,f,f,13.45021616,52.43695301
209421,1,3,18,2,3,0,t,f,t,f,13.34960743,52.53013669
209420,7,1,15,4,3,6,f,f,t,t,13.33539383,52.47046585
209419,11,3,14,4,3,5,t,t,f,f,13.51609072,52.50563408
209418,12,2,14,3,2,3,t,t,f,f,13.29448032,52.63668011
209417,4,2,13,6,3,9,f,f,f,f,13.29821225,52.5244483
209416,1,1,16,4,3,6,t,f,t,f,13.41661961,52.51096473
209415,8,1,10,5,3,3,f,t,f,f,13.43952934,52.42411208
209414,4,3,14,6,3,3,f,t,f,f,13.28084841,52.51699214
209413,6,2,13,3,3,1,f,t,f,f,13.25779807,52.44623529
209412,5,3,16,4,3,5,t,t,f,f,13.18003668,52.50447984
209411,2,3,9,6,3,5,t,t,f,f,13.37675493,52.49142288
209410,6,2,18,5,3,1,f,t,f,t,13.29804558,52.44310318
209409,6,3,15,3,2,6,f,t,t,f,13.31560611,52.44309485
209408,7,1,5,5,3,6,f,t,t,f,13.40636682,52.39376302
209407,11,2,7,5,3,5,f,t,f,f,13.50348107,52.50966446
209406,1,3,17,7,3,6,f,t,t,f,13.37827339,52.55039769
209405,1,2,11,3,3,5,t,f,f,f,13.42112764,52.50972932
209404,2,1,0,1,3,0,t,f,f,f,13.45713535,52.51299529
209403,7,3,22,5,3,1,f,t,f,f,13.41282203,52.40270993
209402,7,3,16,7,3,0,f,t,f,f,13.3503075,52.48961806
209401,5,3,17,2,3,6,t,f,t,f,13.21480583,52.56350995
209400,4,2,14,7,2,5,f,t,f,t,13.31725776,52.50428412
209399,12,1,10,2,2,3,t,f,f,f,13.29437192,52.57626902
209398,8,1,15,3,3,2,f,t,f,f,13.44377305,52.46409598
209397,1,1,19,3,3,2,f,t,f,f,13.35930409,52.50987105
209396,2,2,3,6,3,5,t,t,f,f,13.39571225,52.49826705
209395,7,3,19,1,3,5,f,t,f,f,13.34508668,52.48900565
209394,4,1,15,3,3,5,t,t,f,f,13.28802613,52.51888855
209393,7,2,6,4,3,6,f,f,t,f,13.38577953,52.46572896
209392,2,2,17,5,3,5,f,t,f,f,13.40378736,52.49529738
209391,12,1,8,2,3,0,f,t,f,t,13.23215524,52.61355586
209390,7,3,8,4,3,5,t,t,f,f,13.35491602,52.41329517
209389,1,1,14,1,3,6,f,t,t,f,13.38673441,52.54947657
209388,2,1,21,2,2,6,f,t,t,f,13.41873306,52.49905056
209387,4,1,12,4,2,5,f,t,f,t,13.3224553,52.48643243
209386,11,2,9,2,3,6,f,t,t,f,13.50938931,52.50172152
209385,4,3,20,3,2,5,f,t,f,f,13.30638825,52.48827898
209384,3,3,18,4,3,5,t,t,f,f,13.41747256,52.53833462
209383,1,2,15,6,3,1,f,t,f,f,13.37134098,52.54610394
209382,7,2,12,7,3,1,t,t,f,f,13.35555558,52.48650992
209381,6,1,7,3,3,6,f,t,t,f,13.33211671,52.44242987
209380,7,3,13,5,3,7,t,f,f,f,13.41960032,52.46130098
209379,5,2,14,2,3,6,f,t,t,f,13.19781947,52.52139768
209378,2,2,14,7,3,2,f,t,f,f,13.42680877,52.5158043
209377,7,1,22,4,3,1,t,t,f,f,13.38250542,52.44818277
209376,11,3,7,5,3,5,t,t,f,f,13.54947476,52.56876523
209375,7,3,15,5,3,5,f,t,f,f,13.35891546,52.47465935
209374,1,1,13,1,3,2,f,t,f,f,13.33410341,52.54102913
209373,1,3,16,2,3,5,f,t,f,f,13.37723652,52.55128492
209372,8,3,12,2,2,0,f,t,f,f,13.45343689,52.42940082
209371,2,1,14,3,3,6,f,t,t,f,13.46656157,52.50841455
209370,1,1,14,4,3,2,f,t,f,f,13.34894327,52.51510235
209369,4,2,8,2,3,2,f,t,f,t,13.33081209,52.49701551
209368,12,3,6,3,2,2,f,f,f,f,13.34879379,52.59629392
209367,9,3,20,3,2,0,f,f,f,t,13.56316174,52.44593505
209366,8,1,15,4,3,5,f,t,f,f,13.43315515,52.4524342
209365,8,2,16,2,3,3,f,t,f,f,13.43848167,52.45269648
209364,9,3,15,2,3,2,t,t,f,f,13.53778151,52.4189877
209363,8,1,10,4,3,5,f,t,f,f,13.42606284,52.47819129
209362,4,3,19,4,3,5,t,t,f,f,13.29475513,52.49617419
209361,9,2,15,3,3,5,f,t,f,f,13.51962929,52.42827306
209360,1,1,19,3,2,5,t,t,f,f,13.39182489,52.51050036
209359,11,1,6,5,2,6,f,t,t,f,13.48593363,52.52093755
209358,2,3,8,5,3,5,t,t,f,f,13.43291953,52.52334196
209357,6,2,15,2,3,2,f,t,f,f,13.33938007,52.45940515
209356,3,3,8,4,3,6,f,t,t,f,13.48951661,52.61737418
209355,1,3,16,5,3,0,f,t,f,f,13.35690872,52.53570434
209354,1,2,18,3,3,5,f,t,f,f,13.41168334,52.52396318
209353,1,3,7,3,3,2,t,t,f,f,13.40089058,52.52086154
209352,8,1,9,7,3,1,f,t,f,f,13.43437571,52.44188439
209351,5,2,21,3,3,0,t,f,f,f,13.20826918,52.56138311
209350,1,2,19,5,3,5,t,t,f,f,13.38697861,52.52713785
209349,8,3,16,6,3,2,f,t,f,f,13.4591108,52.46336204
209348,9,2,14,4,3,1,f,t,f,t,13.50590041,52.45403339
209347,3,1,14,5,3,5,t,t,f,f,13.50474158,52.63002257
209346,11,3,16,6,3,5,t,t,f,f,13.50974437,52.50348603
209345,3,3,15,2,3,5,t,t,f,f,13.42640747,52.60317282
209344,2,2,15,1,3,5,t,t,f,f,13.41030067,52.50378271
209343,2,1,17,6,3,6,t,f,t,f,13.46773135,52.50753269
209342,11,1,17,2,3,6,f,t,t,f,13.51313326,52.56797547
209341,12,1,10,3,3,5,f,t,f,f,13.32032365,52.56602474
209340,6,2,14,6,3,3,t,t,f,f,13.3254894,52.40734512
209339,1,3,16,2,3,5,t,t,f,f,13.36419575,52.54968068
209338,2,1,10,3,3,6,f,t,t,f,13.432047,52.49933363
209337,2,2,10,2,3,0,f,t,f,f,13.38852223,52.50166635
209336,9,2,16,5,2,5,t,t,f,f,13.74001688,52.42852475
209335,9,1,17,3,3,2,f,t,f,t,13.56967848,52.44463273
209334,6,3,11,4,3,5,f,t,f,f,13.30978556,52.46722173
209333,3,1,5,6,3,3,t,f,f,f,13.4141721,52.5536176
209332,5,1,13,3,2,6,f,t,t,f,13.1926079,52.52866896
209331,2,1,8,3,3,6,f,f,t,f,13.38637554,52.49007619
209330,3,2,13,1,3,0,f,f,f,t,13.40512386,52.581578
209329,12,3,6,2,3,5,f,t,f,f,13.34125465,52.60003127
209328,2,3,10,4,3,2,f,t,f,f,13.43435121,52.50472774
209327,4,2,23,1,3,2,f,t,f,f,13.24958113,52.52393816
209326,3,3,9,2,3,2,f,t,f,t,13.41309125,52.53191272
209325,7,1,17,4,3,6,f,f,t,f,13.34757214,52.47057041
209324,11,2,17,3,3,5,t,t,f,f,13.46677677,52.52850899
209323,2,1,9,3,3,6,t,f,t,f,13.43464991,52.51955088
209322,9,3,14,6,3,5,f,t,f,f,13.54279602,52.45762639
209321,11,2,22,2,2,5,f,t,f,f,13.4689515,52.53139298
209320,2,1,16,7,3,0,f,f,f,t,13.4181897,52.49878829
209319,1,3,14,4,3,5,t,f,f,f,13.39279849,52.54256607
209318,9,3,17,5,3,1,t,t,f,f,13.56843887,52.40185096
209317,1,3,2,7,3,5,f,t,f,f,13.36975812,52.55968899
209316,6,2,19,4,3,6,f,t,t,f,13.27051726,52.4510196
209315,5,3,13,2,3,0,f,t,f,f,13.19851284,52.53322568
209314,1,1,15,5,3,1,t,f,f,f,13.37220557,52.53233991
209313,9,2,14,4,3,5,f,t,f,f,13.53233084,52.46169783
209312,8,3,18,6,2,9,f,t,f,f,13.4347083,52.47861582
209311,1,2,17,4,3,0,t,f,t,f,13.38512699,52.55719688
209310,3,1,16,2,3,6,f,t,t,f,13.4246901,52.60404187
209309,3,3,8,6,2,0,f,t,f,t,13.43377137,52.53336393
209308,9,3,16,6,3,2,f,t,f,f,13.52289421,52.46321168
209307,1,2,13,2,3,5,t,t,f,f,13.41363352,52.51128783
209306,5,3,14,4,3,5,f,t,f,f,13.18468733,52.51545739
209305,5,3,16,6,3,6,t,f,t,f,13.26775092,52.53676783
209304,1,2,18,3,3,2,f,t,f,f,13.32683819,52.53690269
209303,1,3,8,3,3,2,f,t,f,f,13.34844761,52.51514685
209302,4,1,14,6,3,2,f,t,f,f,13.31998207,52.48671356
209301,1,2,10,5,2,5,t,t,f,f,13.39212494,52.50779607
209300,4,2,18,5,3,5,t,t,f,f,13.32207343,52.50641525
209299,2,3,18,1,3,5,f,t,f,f,13.41887146,52.50069291
209298,11,2,15,4,3,5,t,f,f,f,13.53532694,52.56135559
209297,3,1,10,7,3,5,t,f,f,f,13.42887775,52.55140653
209296,8,3,9,5,3,6,f,t,t,f,13.43596848,52.42340213
209295,12,3,15,2,3,2,f,t,f,f,13.32374509,52.58732304
209294,1,3,19,2,3,5,f,t,f,f,13.32842421,52.53297794
209293,7,2,8,5,3,2,f,t,f,f,13.36546723,52.47982411
209292,7,1,22,7,3,6,f,f,t,f,13.3782598,52.4662512
209291,4,1,15,2,3,5,t,t,f,f,13.27569218,52.50157915
209290,2,2,14,6,3,1,f,t,f,f,13.43615913,52.49383237
209289,4,3,16,2,3,2,f,t,f,f,13.32361271,52.49374326
209288,4,1,11,4,3,6,f,t,t,f,13.28847547,52.47692004
209287,1,2,14,4,3,2,f,t,f,f,13.35208673,52.51573579
209286,4,2,8,6,3,2,f,t,f,f,13.32077749,52.51322308
209285,2,1,23,1,3,5,f,t,f,f,13.42393174,52.51344236
209284,8,3,16,4,3,5,t,t,f,f,13.44357959,52.46428113
209283,8,1,13,2,3,1,t,t,f,f,13.44770798,52.42306505
209282,4,1,20,3,3,6,f,t,t,f,13.30227914,52.50665297
209281,11,2,11,1,3,0,f,t,f,f,13.51830525,52.56810697
209280,5,3,16,3,3,2,f,t,f,f,13.19505199,52.54503239
209279,6,3,9,4,2,0,f,f,f,t,13.33599421,52.44337063
209278,12,2,17,6,3,2,f,t,f,f,13.28533362,52.58304212
209277,4,3,0,2,3,6,f,t,t,f,13.30732498,52.49951083
209276,9,1,15,6,3,2,f,t,f,f,13.55926711,52.44708776
209275,9,2,18,3,3,6,f,t,t,f,13.58201142,52.4428357
209274,11,1,7,5,3,5,t,t,f,f,13.48591607,52.51847064
209273,6,3,14,5,2,6,f,f,t,f,13.32722354,52.46409958
209272,9,3,15,1,3,6,f,t,t,f,13.51648099,52.46440199
209271,6,2,12,4,3,6,f,f,t,f,13.29535754,52.44276795
209270,7,1,14,7,3,0,f,t,f,t,13.37660606,52.44795259
209269,7,3,16,4,3,3,f,t,f,f,13.37730503,52.48268329
209268,11,3,15,6,3,5,f,t,f,f,13.46817084,52.54536351
209267,1,3,16,1,2,6,f,t,t,f,13.3301534,52.52202816
209266,8,2,13,5,3,6,f,t,t,f,13.45389349,52.48247631
209265,12,1,22,7,2,0,f,t,f,f,13.31916235,52.58761297
209264,7,3,14,3,3,5,t,t,f,f,13.35968001,52.41281298
209263,8,1,11,2,2,6,f,t,t,f,13.45531369,52.47307824
209262,6,2,6,4,3,2,f,t,f,f,13.35480584,52.4289902
209261,1,3,19,6,3,1,t,t,f,f,13.39692959,52.52929411
209260,4,2,18,2,3,5,f,t,f,f,13.30793894,52.48853468
209259,9,2,8,6,3,1,t,t,f,f,13.57386055,52.45823785
209258,4,1,14,2,3,5,f,t,f,f,13.28461389,52.54041658
209257,10,3,18,5,3,5,f,t,f,f,13.61315429,52.50855311
209256,6,3,10,7,3,0,f,t,f,t,13.35490654,52.44894437
209255,3,2,12,6,3,5,t,f,f,f,13.43445577,52.52927801
209254,3,3,13,2,2,5,f,t,f,f,13.43563893,52.55104589
209253,1,1,17,3,3,6,f,t,t,f,13.38730226,52.52602308
209252,5,1,13,4,3,5,f,t,f,f,13.21995128,52.53898811
209251,6,2,17,2,3,0,f,f,f,t,13.30086038,52.4391979
209250,4,3,22,2,2,5,f,t,f,f,13.30222152,52.5079478
209249,10,1,6,4,3,5,f,t,f,f,13.58325571,52.5152786
209248,5,2,12,2,3,1,f,t,f,f,13.13107826,52.52870297
209247,1,2,19,1,3,5,f,t,f,f,13.39005775,52.56478144
209246,9,1,21,4,3,0,f,t,f,f,13.48909423,52.46725519
209245,11,3,7,4,3,0,f,f,f,t,13.45905546,52.52608725
209244,6,1,18,1,3,4,f,t,f,t,13.31472725,52.42424401
209243,6,2,19,6,3,5,t,t,f,f,13.34782349,52.4513178
209242,10,1,12,5,3,0,f,t,f,f,13.55045039,52.53353302
209241,10,1,7,5,2,6,f,f,t,f,13.56333003,52.54152885
209240,9,2,16,3,3,5,t,t,f,f,13.51201345,52.47070838
209234,4,1,10,2,3,5,t,t,f,f,13.31156721,52.47953977
209225,4,1,14,2,3,5,f,t,f,f,13.33108895,52.49540198
209197,2,1,19,7,2,5,t,f,f,f,13.45164233,52.52042879
209169,4,1,23,2,3,5,f,t,f,t,13.32273871,52.48884367
209138,4,1,18,1,3,5,f,t,f,f,13.33068955,52.4985924
209111,1,1,17,6,3,0,t,f,f,f,13.41756095,52.5244582
209057,7,1,18,2,3,1,f,t,f,f,13.38196712,52.47631662
209031,4,1,8,2,3,6,f,t,t,f,13.32350926,52.49150376
209005,9,1,20,2,3,6,f,t,t,f,13.45419066,52.49395562
208955,7,1,17,7,2,6,f,t,t,f,13.34569355,52.4945264
208917,1,1,17,7,3,5,f,t,f,f,13.35220195,52.50631455
208904,10,1,12,7,3,2,f,t,f,f,13.56883249,52.50623202
208875,9,1,21,7,1,8,f,t,f,f,13.71468176,52.43188902
208836,4,1,10,2,3,0,f,f,f,f,13.31722401,52.50407191
208821,1,1,9,1,3,8,f,t,f,f,13.38479208,52.54892002
208783,1,1,11,2,3,5,t,t,f,f,13.33180593,52.5241079
208734,7,1,12,2,3,5,f,t,f,t,13.34896894,52.48937421
208679,5,1,16,1,3,5,f,t,f,f,13.15787177,52.54311606
208651,12,1,23,7,3,0,f,f,f,t,13.3057301,52.57507937
208639,12,1,13,2,3,2,f,t,f,f,13.32249588,52.56065372
208623,4,1,13,7,3,2,t,t,f,f,13.30730887,52.4989215
208597,1,1,18,2,3,6,f,t,t,f,13.33562594,52.52678829
208581,11,1,12,6,3,0,t,f,f,f,13.4998273,52.5479285
208547,12,1,23,6,3,8,f,t,f,f,13.31490159,52.61031719
208510,5,1,15,7,3,5,f,t,f,f,13.26260159,52.5412664
208496,9,1,10,7,3,0,t,f,f,f,13.54898983,52.43823926
208457,1,1,12,7,3,2,f,t,f,f,13.35963144,52.52341529
208414,12,1,16,1,3,6,f,f,t,f,13.35988432,52.56197662
208376,2,1,19,2,3,5,t,t,f,f,13.46113983,52.51717609
208366,4,1,23,2,3,5,f,t,f,f,13.30484777,52.51341871
208361,9,1,1,1,3,6,f,t,t,f,13.56454829,52.43848861
208322,11,1,7,2,2,6,f,t,t,f,13.52388131,52.56546025
208271,2,1,20,1,3,5,t,t,f,f,13.39523971,52.49633648
208232,1,1,16,7,3,0,f,t,f,t,13.35374844,52.55379194
208214,5,1,0,7,3,9,f,t,f,f,13.1794905,52.47924257
208187,11,1,0,1,3,0,f,t,f,f,13.50935847,52.54628256
208137,4,1,11,1,3,5,f,t,f,f,13.2886383,52.51231845
208122,8,1,4,6,3,9,f,f,f,f,13.48715633,52.42554623
208100,4,1,16,7,3,5,f,t,f,f,13.30424153,52.50366853
115644,12,6,17,4,2,5,t,t,f,f,13.31286042,52.6224869
115642,7,9,5,1,2,9,f,t,f,f,13.3331303,52.47790459
115641,7,11,15,4,3,2,f,t,f,f,13.33623919,52.47836863
115640,4,8,14,1,3,5,f,t,f,f,13.29728701,52.51088303
115637,2,7,7,2,3,5,f,t,f,f,13.42790211,52.51891254
115636,4,10,10,3,3,2,t,t,f,f,13.30137783,52.51115215
115635,12,12,15,4,3,2,f,t,f,f,13.34768887,52.57503504
115634,4,5,7,6,3,2,f,t,f,f,13.29348356,52.53688097
115631,7,1,10,4,3,3,f,t,f,f,13.35412109,52.47902882
115627,1,6,14,2,3,1,f,t,f,f,13.37912936,52.50967897
115624,7,12,16,6,3,6,f,t,t,f,13.34857516,52.48187091
115623,1,8,12,2,3,3,f,t,f,t,13.36286917,52.51537736
115621,12,9,14,1,3,1,t,t,f,f,13.30201962,52.64272191
115619,9,3,21,1,3,5,t,t,f,f,13.46253005,52.48838873
115616,7,6,10,1,3,2,f,t,f,f,13.38583315,52.4734186
115614,9,9,10,3,2,0,t,f,f,f,13.48430389,52.47373877
115613,10,11,17,2,3,2,f,t,f,f,13.5734493,52.50534904
115612,4,8,17,3,3,2,f,t,f,t,13.30190364,52.48670834
115607,7,10,17,7,3,1,t,t,f,f,13.38549196,52.46901413
115606,1,12,16,3,3,5,f,t,f,f,13.40904932,52.517094
115603,6,2,19,2,3,2,f,t,f,f,13.19608087,52.42214409
115599,7,6,17,3,3,5,f,t,f,t,13.38786452,52.43830658
115595,7,5,6,4,3,5,t,t,f,f,13.40631217,52.40486749
115594,1,8,8,5,3,3,f,t,f,f,13.40798787,52.5217364
115587,1,7,8,3,3,0,t,f,f,f,13.42356832,52.5199439
115585,12,10,16,2,3,5,t,t,f,f,13.31291842,52.62229421
115584,3,11,16,2,3,5,f,t,f,f,13.42883612,52.55732743
115583,8,9,15,6,3,2,f,t,f,f,13.44718175,52.46314925
115580,4,4,14,4,3,0,t,f,f,f,13.27149815,52.50910347
115577,7,3,15,2,3,5,f,t,f,f,13.3848487,52.45018072
115576,9,10,7,6,3,3,f,t,f,t,13.46179136,52.48888584
115575,3,12,11,4,3,3,f,t,f,f,13.39901236,52.5735048
115574,9,9,21,4,2,3,f,t,f,f,13.51003355,52.42883483
115572,3,2,21,4,3,6,f,f,t,f,13.42412807,52.5283534
115568,6,6,10,2,3,5,t,t,f,f,13.26058598,52.43498
115564,6,5,1,4,3,0,f,t,f,f,13.09655865,52.41322702
115563,7,8,13,7,3,0,f,t,f,f,13.37842867,52.46995282
115559,12,7,14,5,3,1,t,t,f,f,13.3642689,52.56334061
115557,4,10,16,2,3,2,f,t,f,f,13.30416029,52.48481979
115556,1,11,7,4,3,6,f,t,t,f,13.41993451,52.52494619
115552,12,1,7,6,3,3,f,t,f,f,13.32388811,52.60779221
115549,1,4,10,2,3,2,f,t,f,f,13.36878603,52.54132001
115548,12,6,2,1,3,9,f,t,f,f,13.31208333,52.62508876
115546,4,11,14,6,3,5,f,t,f,f,13.30751306,52.51174548
115544,3,5,8,7,2,5,f,t,f,f,13.4119712,52.54110438
115543,7,8,5,1,3,5,f,t,f,f,13.38574086,52.46950089
115542,11,9,12,5,3,3,f,t,f,f,13.47783405,52.51347552
115538,1,2,16,1,3,5,t,f,f,f,13.4249104,52.51954193
115535,7,7,8,5,3,2,f,t,f,f,13.36297283,52.47395803
115533,9,9,17,6,3,2,t,f,f,f,13.46476227,52.48689486
115532,3,11,13,2,3,5,t,t,f,f,13.39927825,52.57036878
115531,10,8,14,7,2,0,t,f,f,f,13.60081637,52.50486553
115526,7,7,13,1,3,3,f,t,f,t,13.38553785,52.47113368
115525,3,10,14,5,3,2,f,t,f,f,13.43574933,52.62039314
115524,7,12,17,2,3,0,f,f,f,t,13.37780491,52.43380165
115523,2,5,12,2,3,0,t,f,f,f,13.45375122,52.51590362
115522,2,5,16,7,3,2,f,t,f,f,13.45980161,52.5151437
115519,3,2,16,3,3,6,f,t,t,f,13.4123304,52.54119629
115515,1,6,10,6,3,2,f,t,f,f,13.41838371,52.5240534
115511,7,5,8,6,2,0,f,t,f,f,13.41532357,52.37987693
115510,7,8,15,5,3,2,f,t,f,f,13.37112233,52.47078169
115508,8,9,13,7,3,0,f,f,f,f,13.43164398,52.46185942
115507,9,3,10,6,3,5,t,f,f,f,13.4597759,52.49339007
115503,4,7,6,5,2,2,f,t,f,f,13.26166366,52.50871113
115501,4,9,17,5,3,3,f,t,f,t,13.29353253,52.5365023
115500,10,11,13,2,3,6,t,f,t,f,13.54018635,52.50989646
115499,4,8,8,3,3,0,t,t,f,f,13.29720875,52.51087776
115496,6,4,18,5,2,9,f,f,f,t,13.19310092,52.41936035
115493,4,3,15,6,3,5,f,f,f,f,13.32298312,52.51243969
115492,1,10,8,4,3,5,t,t,f,f,13.3702054,52.53994813
115491,7,12,19,5,3,2,f,t,f,f,13.37122119,52.47076297
115490,3,9,21,6,2,5,f,t,f,f,13.44498869,52.54552629
115488,7,2,16,6,3,2,f,t,f,f,13.38576861,52.48031959
115484,6,6,16,7,2,1,f,t,f,f,13.27799992,52.44049192
115480,1,5,8,5,3,3,f,t,f,t,13.41085107,52.52329743
115479,4,5,20,7,3,5,f,t,f,f,13.30938603,52.51186514
115478,7,8,11,5,3,3,t,f,f,f,13.35355527,52.48491652
115474,4,7,16,2,3,8,f,t,f,f,13.30218077,52.48656362
115470,11,7,15,3,3,2,t,t,f,f,13.47758338,52.5135
115468,7,10,13,7,3,1,f,t,f,f,13.38932158,52.43512062
115467,3,11,19,1,3,1,t,t,f,f,13.43965417,52.54204871
115466,3,9,14,6,3,0,f,t,f,f,13.46733603,52.55596353
115463,12,4,0,7,3,8,f,t,f,f,13.3058249,52.55397574
115460,3,4,14,6,3,2,f,t,f,t,13.39951188,52.60723973
115459,4,10,7,5,3,2,f,t,f,f,13.29655873,52.49058472
115458,1,12,19,3,3,3,t,t,f,f,13.41638443,52.5220044
115457,12,5,16,3,3,2,f,t,f,t,13.29262594,52.58480023
115456,9,7,14,7,3,2,f,t,f,f,13.47959819,52.47688046
115453,9,2,20,2,3,5,t,t,f,f,13.49310587,52.46781541
115450,3,6,18,3,3,5,t,t,f,f,13.44457808,52.52907426
115447,2,10,10,5,3,5,f,t,f,f,13.38885306,52.49811359
115446,2,12,19,2,3,2,f,t,f,f,13.38810259,52.49373973
115444,4,1,15,3,3,2,f,t,f,f,13.28488172,52.50904822
115440,7,6,19,7,3,5,f,t,f,f,13.39635394,52.42334931
115436,1,5,20,4,3,2,f,t,f,f,13.42002172,52.52555492
115435,1,5,15,6,3,0,f,t,f,t,13.36524435,52.53357882
115434,4,8,17,5,3,5,t,t,f,f,13.27777122,52.50966557
115427,4,7,20,3,2,0,t,f,f,f,13.30938453,52.51186504
115425,2,10,20,2,3,4,f,t,f,f,13.45220365,52.5012545
115424,3,11,5,3,3,5,t,t,f,f,13.43869542,52.53334746
115423,4,9,17,6,3,2,f,t,f,f,13.29895775,52.53434945
115420,12,4,10,2,3,3,f,f,f,f,13.35963117,52.57289466
115417,4,3,16,3,3,5,t,t,f,f,13.30152788,52.5111623
115416,7,10,8,2,3,2,f,t,f,f,13.38553853,52.47116029
115415,4,12,14,5,3,2,f,t,f,f,13.28122703,52.49878471
115414,3,6,8,3,3,2,f,t,f,f,13.42458022,52.54004677
115413,4,9,20,4,3,3,f,t,f,f,13.28082494,52.50232738
115411,6,2,14,1,2,2,f,t,f,t,13.23911015,52.47102545
115408,4,6,18,7,3,8,f,t,f,f,13.31002254,52.48170218
115405,7,5,18,1,3,2,f,t,f,f,13.35569191,52.47774042
115404,3,8,19,1,3,0,t,f,f,f,13.41468474,52.55575777
115400,3,7,2,4,3,2,t,f,f,f,13.41249291,52.54318047
115398,11,10,12,4,3,5,f,t,f,f,13.50492697,52.51074281
115397,8,11,14,7,3,2,f,t,f,f,13.44758153,52.46308734
115396,4,5,15,2,3,2,f,t,f,t,13.28542625,52.49477785
115394,7,4,10,6,3,6,f,t,t,f,13.39591876,52.42410734
115391,12,1,1,2,3,5,f,t,f,f,13.36500662,52.56056534
115388,4,4,17,5,3,2,f,t,f,f,13.30548504,52.48376444
115387,3,6,9,4,3,6,t,f,t,f,13.39838424,52.57170897
115385,1,12,11,5,3,2,f,t,f,f,13.40157234,52.51144542
115384,7,5,8,4,3,2,f,t,f,f,13.36186011,52.41373054
115383,10,8,15,4,3,2,f,t,f,f,13.53694371,52.53273555
115382,3,9,12,5,3,5,t,t,f,f,13.4353659,52.53523727
115379,7,3,10,2,3,2,f,t,f,f,13.38517987,52.44842429
115376,2,6,9,3,2,5,t,f,f,f,13.3892593,52.49750869
115374,5,9,11,4,3,5,f,t,f,f,13.17906168,52.51662957
115373,1,10,14,1,3,0,t,t,f,f,13.41994737,52.5249572
115372,2,8,22,1,3,8,f,t,f,f,13.43656921,52.51749004
115367,4,7,12,7,3,1,t,t,f,f,13.24251411,52.50754321
115366,7,10,19,5,3,2,f,t,f,f,13.34769781,52.47625983
115365,10,12,18,2,3,5,t,t,f,f,13.5637321,52.50783755
115364,6,5,17,1,3,2,f,t,f,f,13.19227713,52.43216362
115361,3,2,14,3,3,0,t,f,f,f,13.41990858,52.53976017
115357,3,6,14,6,3,2,f,t,f,f,13.42884905,52.53749237
115353,3,5,13,2,2,5,t,f,f,f,13.40175954,52.59012808
115352,1,8,22,7,3,2,f,t,f,f,13.36497662,52.50225741
115350,4,9,10,4,3,3,f,t,f,f,13.23723155,52.5072192
115348,1,3,19,2,2,6,f,t,t,f,13.41984191,52.52486687
115344,12,7,13,2,3,2,f,t,f,f,13.31288257,52.62241325
115342,9,9,12,3,3,6,f,t,t,f,13.49737515,52.46486404
115341,3,11,7,3,2,0,t,f,f,f,13.46751364,52.56070876
115340,2,8,12,5,3,5,t,t,f,f,13.38926464,52.49748722
115337,3,4,16,5,3,3,f,t,f,f,13.41371895,52.55841353
115334,6,3,14,2,3,5,t,t,f,f,13.26057679,52.43498193
115333,7,10,12,4,3,5,f,t,f,t,13.38601273,52.44397046
115332,1,12,16,3,3,5,f,t,f,f,13.36549796,52.55798859
115331,10,9,7,5,3,5,f,t,f,f,13.55309359,52.50905064
115329,11,2,12,1,3,3,f,t,f,f,13.49779205,52.51150381
115325,2,6,13,7,3,2,f,t,f,f,13.47390386,52.51385974
115320,6,5,7,4,3,1,t,t,f,f,13.27251295,52.43878689
115319,2,8,14,2,3,6,t,f,t,f,13.47312427,52.51380154
115315,4,7,16,2,3,3,f,t,f,f,13.33263904,52.47788531
115312,3,7,6,6,2,2,f,t,f,f,13.427074,52.63372596
115310,2,10,18,7,3,5,f,t,f,f,13.38913953,52.49803421
115309,11,11,11,2,3,5,f,t,f,f,13.47729134,52.51338297
115308,2,5,8,2,3,5,t,t,f,f,13.38926464,52.49748722
115306,7,9,11,7,3,3,f,t,f,f,13.34763867,52.47608227
115303,7,4,6,3,3,2,f,t,f,f,13.40798451,52.46175272
115300,7,4,17,6,3,2,f,t,f,f,13.3624666,52.49885225
115299,12,7,15,2,3,5,t,t,f,f,13.36500979,52.56054822
115297,4,10,12,7,3,2,f,t,f,f,13.2814024,52.52246121
115296,4,12,11,3,3,2,f,t,f,f,13.29323882,52.53632788
115295,6,5,16,3,3,2,f,t,f,f,13.27637553,52.43979599
115294,3,8,18,3,3,0,t,f,f,f,13.42825039,52.54720625
115291,7,3,8,4,3,5,t,t,f,f,13.38812075,52.43758502
115288,4,6,23,1,3,8,f,t,f,f,13.28542393,52.49477919
115286,11,9,12,3,3,2,t,t,f,f,13.48424296,52.51268837
115285,2,5,15,2,3,2,f,t,f,f,13.38890769,52.49761247
115284,3,8,12,3,2,5,f,t,f,t,13.41406893,52.55056276
115280,12,7,10,3,3,5,f,t,f,f,13.36011558,52.57171017
115278,4,10,9,5,2,9,t,f,f,f,13.22169313,52.50804763
115277,3,11,17,5,3,5,t,t,f,f,13.41410536,52.55074519
115273,1,1,5,5,3,6,f,t,t,f,13.36835955,52.50632981
115269,7,6,18,1,3,6,t,f,t,f,13.38549107,52.46759725
115266,12,12,14,3,3,2,f,t,f,f,13.34766337,52.57463093
115265,3,5,8,6,3,5,t,t,f,f,13.47644925,52.56812514
115264,3,6,15,4,3,5,f,t,f,t,13.39921988,52.57427745
115263,3,8,17,6,3,2,t,t,f,f,13.45240627,52.54869672
115261,12,9,17,3,3,2,f,t,f,t,13.34663278,52.57934788
115259,1,3,18,6,3,2,f,t,f,t,13.40515064,52.52007778
115256,7,6,11,2,3,2,f,t,f,f,13.38564272,52.43990277
115254,10,9,20,4,3,3,t,t,f,f,13.54764348,52.54984405
115253,1,11,8,2,3,5,t,t,f,f,13.36548977,52.55802876
115252,6,9,13,4,3,5,t,t,f,f,13.27138554,52.43824089
115248,1,7,11,5,3,3,f,t,f,f,13.36412083,52.53471881
115247,3,10,9,5,3,5,t,t,f,f,13.47636516,52.56808575
115246,4,12,12,4,3,2,f,t,f,f,13.29568654,52.54046529
115245,2,5,16,1,2,6,f,t,t,f,13.37684725,52.50200772
115244,4,8,19,3,3,5,t,t,f,f,13.28920021,52.51038941
115240,2,7,18,3,3,5,t,t,f,f,13.45145995,52.5094751
115238,3,10,14,3,3,5,f,t,f,f,13.40168158,52.58969999
115237,9,11,0,6,3,0,f,t,f,f,13.45987958,52.45660151
115235,4,5,14,6,2,3,f,t,f,f,13.28297641,52.50611045
115232,1,1,18,3,2,5,f,t,f,f,13.36858051,52.54107134
115229,2,4,7,1,3,1,f,t,f,f,13.47429793,52.51367542
115228,2,6,10,4,3,2,t,f,t,f,13.38670595,52.49041922
115225,7,12,18,4,3,6,f,f,t,f,13.40101459,52.41509766
115224,4,8,15,7,3,5,t,f,f,f,13.30139393,52.51115322
115222,2,9,17,7,3,2,t,t,f,f,13.45167285,52.50992585
115220,3,3,11,5,2,6,f,t,t,f,13.45706967,52.54955468
115217,1,6,8,2,3,0,t,t,f,f,13.36525815,52.55808236
115215,3,9,14,6,3,5,t,t,f,f,13.41478395,52.55509756
115214,7,11,0,5,2,6,f,t,t,f,13.34846601,52.48169656
115213,10,8,10,5,2,5,t,f,f,f,13.56373986,52.50799999
115208,12,7,9,6,2,6,f,f,t,f,13.34152097,52.58601041
115207,11,10,13,6,3,0,f,f,f,t,13.48868899,52.5122224
115206,11,12,12,2,3,3,f,t,f,f,13.49369274,52.51169486
115203,2,1,15,3,3,0,t,t,f,f,13.45141118,52.50937184
115199,10,6,7,2,2,6,f,t,t,f,13.5814099,52.50508582
115195,9,5,18,1,3,5,t,t,f,f,13.47946399,52.48451132
115194,7,6,12,6,3,3,f,t,f,t,13.37816154,52.47008231
115193,6,8,6,7,3,8,f,f,f,f,13.31107679,52.45199057
115187,4,7,13,7,3,3,f,t,f,t,13.3065243,52.48050099
115185,12,10,11,6,3,5,f,t,f,f,13.32462024,52.60704077
115184,1,11,16,2,2,0,f,f,f,f,13.36960043,52.52887845
115183,4,8,8,2,2,0,t,f,f,f,13.27952208,52.50977824
115180,12,4,10,3,3,5,t,t,f,f,13.32516318,52.60637917
115177,7,3,16,6,3,2,f,t,f,f,13.38549907,52.46964475
115176,10,10,18,4,2,6,t,f,t,f,13.57373633,52.50533152
115175,10,12,15,5,3,2,t,t,f,f,13.53697481,52.53301934
115174,1,9,21,2,3,1,t,t,f,f,13.34642881,52.51432903
115172,4,2,11,5,3,3,f,t,f,f,13.24393199,52.5076313
115168,12,6,23,4,2,1,t,t,f,f,13.36479748,52.56047544
115163,1,5,8,4,3,2,f,t,f,f,13.36861612,52.5067607
115162,4,8,9,4,3,2,f,t,f,f,13.28205342,52.52121775
115158,1,7,23,2,3,1,t,t,f,f,13.36671282,52.55248375
115155,6,7,22,6,3,5,t,f,f,f,13.27142056,52.43825242
115153,2,10,14,4,3,3,f,t,f,f,13.4281208,52.51893329
115152,4,11,9,3,3,6,f,t,t,f,13.30416631,52.51133467
115150,2,9,22,5,3,6,t,f,t,f,13.46027235,52.51509681
115148,4,6,15,7,3,6,f,t,t,f,13.29550736,52.51095453
115146,6,4,4,2,3,0,f,t,f,f,13.1994313,52.43993112
115143,4,3,10,4,2,5,f,t,f,f,13.30562143,52.51162003
115142,9,7,20,4,3,5,f,t,f,f,13.4576975,52.491693
115140,4,10,21,2,3,6,f,t,t,f,13.29716293,52.51106388
115139,7,6,14,7,2,5,t,f,f,f,13.39134344,52.43153309
115138,4,12,17,6,3,2,f,t,f,f,13.28126911,52.4990728
115137,7,8,14,5,3,3,f,f,f,t,13.38463691,52.45236579
115136,7,9,17,6,3,5,f,t,f,f,13.38601072,52.4439813
115132,4,2,9,3,3,5,t,t,f,f,13.31469086,52.51221254
115129,7,6,14,4,3,2,f,t,f,f,13.38440694,52.45362034
115127,1,9,21,7,3,2,f,t,f,f,13.4185561,52.52372057
115126,3,8,8,4,3,3,t,t,f,f,13.42985568,52.55348789
115123,2,7,16,6,3,5,f,t,f,t,13.46761943,52.51450275
115121,1,10,15,6,3,2,f,t,f,f,13.3672115,52.55194176
115120,5,12,7,3,3,2,f,t,f,f,13.18599216,52.51524717
115119,2,4,18,6,3,0,t,f,f,f,13.45188456,52.51988917
115116,9,1,17,3,3,6,f,t,t,f,13.45915886,52.49292914
115112,7,6,15,2,3,2,f,t,f,f,13.38451829,52.45300489
115109,7,12,19,2,3,1,t,t,f,f,13.35558459,52.48570176
115108,4,5,11,6,3,2,f,t,f,f,13.28261382,52.49747538
115107,4,8,10,2,3,3,t,t,f,f,13.30560687,52.51161906
115105,1,9,7,3,3,0,t,f,f,f,13.39455275,52.51731234
115103,7,3,15,6,2,6,f,t,t,f,13.39990777,52.41646572
115100,3,7,14,5,3,2,f,t,f,f,13.39825735,52.57797537
115098,4,9,13,2,2,2,f,t,f,f,13.28572896,52.53163011
115097,1,11,9,5,3,3,t,f,f,f,13.41800882,52.52372024
115096,4,8,16,6,3,2,f,t,f,f,13.31054885,52.48153591
115091,4,10,16,6,3,2,f,t,f,f,13.2838821,52.49637919
115090,7,12,17,6,2,6,f,t,t,f,13.36176377,52.41361145
115087,11,1,16,6,3,5,t,t,f,f,13.48445721,52.51279847
115083,1,6,5,5,3,5,f,t,f,f,13.36859427,52.50620994
115079,4,5,15,4,3,2,f,t,f,f,13.29922214,52.48866001
115078,7,8,15,6,3,5,t,t,f,f,13.34840312,52.48192914
115071,7,7,14,5,3,2,f,t,f,f,13.34900923,52.47516398
115069,1,10,15,3,3,0,t,t,f,f,13.4114724,52.51849542
115068,7,11,16,5,3,6,f,t,t,f,13.38445447,52.45335697
115067,4,9,11,6,3,2,f,t,f,f,13.28201795,52.5208731
115064,4,4,16,4,3,2,f,t,f,f,13.29477187,52.53913092
115061,1,3,13,6,3,5,f,t,f,f,13.36550062,52.55797552
115060,12,10,22,3,2,0,f,f,f,t,13.32168432,52.56154113
115059,1,12,18,7,3,0,f,t,f,t,13.36817961,52.50554387
115058,2,9,16,1,3,2,t,t,f,f,13.46323845,52.51480148
115056,11,2,16,7,3,0,f,t,f,f,13.52475537,52.50982351
115052,5,6,17,4,2,5,f,t,f,t,13.20594138,52.51122586
115048,7,5,17,4,3,2,f,t,f,f,13.33817223,52.47852357
115047,4,8,10,4,3,5,t,t,f,f,13.28920842,52.51055614
115042,8,1,20,2,3,5,f,t,f,f,13.43141766,52.46208756
115038,7,6,6,5,3,2,f,t,f,f,13.39538029,52.46714396
115034,7,5,14,2,2,5,t,f,f,f,13.38473138,52.4518669
115033,1,8,18,5,3,2,f,t,f,t,13.37057247,52.53997479
115026,4,7,23,7,3,2,f,t,f,f,13.24945009,52.50797513
115024,4,10,15,7,3,2,f,t,f,f,13.25004074,52.50801181
115023,5,11,16,4,3,8,f,t,f,f,13.13365691,52.48379816
115022,2,9,13,7,3,2,f,t,f,f,13.46761694,52.51435022
115019,1,4,20,3,2,5,f,t,f,f,13.41638443,52.5220044
115016,7,3,11,4,3,2,f,t,f,f,13.38504028,52.46140165
115015,3,10,19,1,2,2,f,t,f,f,13.4475551,52.60218326
115014,8,12,10,6,3,3,f,t,f,f,13.44605009,52.46310224
115013,2,9,5,1,3,2,f,t,t,f,13.38805769,52.49327242
115011,12,2,21,2,3,8,f,t,f,f,13.29546883,52.64902042
115007,6,6,14,5,3,2,f,t,f,f,13.3247452,52.45781228
115002,1,5,20,3,3,3,f,t,f,f,13.41853565,52.52370186
115001,2,8,9,2,3,5,t,f,f,f,13.44795141,52.52631441
114997,9,7,16,2,3,5,f,t,f,f,13.45916101,52.49293074
114995,2,7,0,4,3,5,t,t,f,f,13.44753401,52.52626719
114993,3,10,17,5,3,5,f,t,f,f,13.39043545,52.61860349
114992,10,11,9,2,3,5,f,t,f,f,13.59864819,52.50487947
114990,4,9,16,4,3,2,f,t,f,f,13.27398375,52.49959677
114987,4,4,14,4,3,2,f,t,f,t,13.28170922,52.49823411
114984,7,4,15,3,3,2,f,t,f,f,13.39576638,52.4669754
114983,9,7,4,1,3,0,t,f,f,f,13.45954148,52.49295497
114981,2,10,19,2,3,5,t,t,f,f,13.46008124,52.51511584
114980,6,12,19,7,3,2,f,t,f,f,13.26056765,52.43498386
114979,3,8,8,4,3,5,t,t,f,f,13.42033647,52.53989183
114978,7,9,12,4,3,5,f,t,f,f,13.36175265,52.49715699
114974,1,3,13,3,3,5,t,t,f,f,13.36847991,52.54102285
114971,4,6,17,4,3,3,f,t,f,f,13.32288231,52.51286189
114969,1,9,23,6,3,6,t,f,t,f,13.42035887,52.52530621
114968,12,11,11,7,3,5,f,t,f,f,13.35902452,52.57340421
114967,1,8,13,1,3,5,f,t,f,f,13.4091912,52.51675755
114963,2,7,19,7,3,2,f,t,f,f,13.38947199,52.4966529
114962,7,10,15,5,3,0,f,f,f,t,13.35068139,52.47557515
114961,9,12,16,4,3,5,t,t,f,f,13.50670041,52.45876445
114960,4,5,18,7,3,3,f,t,f,f,13.28281751,52.49731695
114957,7,1,10,6,3,5,f,t,f,f,13.36924546,52.42069235
114953,7,6,16,6,3,2,t,t,f,f,13.39049686,52.43303317
114949,2,5,19,3,3,3,t,f,f,f,13.44835189,52.50465741
114948,10,8,8,5,3,5,t,t,f,f,13.59099124,52.5050884
114946,7,9,9,1,3,3,f,t,f,f,13.38551763,52.47030185
114944,1,3,7,5,3,5,t,t,f,f,13.40459074,52.5200224
114941,1,6,14,3,3,5,f,f,f,f,13.41862725,52.52427619
114939,7,9,22,1,3,5,t,t,f,f,13.3857655,52.48019384
114938,3,11,17,5,3,5,t,t,f,f,13.42400095,52.53910218
114937,4,9,13,4,3,2,f,t,f,f,13.28086152,52.50081562
114934,3,4,8,2,2,6,t,f,t,f,13.4128308,52.54619609
114931,6,10,11,3,2,3,f,f,f,t,13.33129865,52.46307981
114930,12,12,7,4,3,3,f,t,f,f,13.25543133,52.61018897
114927,3,2,18,2,2,5,f,t,f,f,13.39044086,52.61859411
114923,1,6,12,5,3,6,t,t,t,f,13.36346368,52.50050685
114919,4,5,16,2,3,2,f,t,f,f,13.31508768,52.47916521
114918,2,8,2,5,3,3,t,t,f,f,13.45414302,52.51548579
114911,7,7,17,5,3,2,f,t,f,f,13.34463277,52.47810984
114909,7,10,12,3,3,6,f,f,t,f,13.37717599,52.43247863
114908,10,11,6,3,3,5,t,t,f,f,13.61342017,52.5048945
114907,7,9,7,4,3,5,f,t,f,t,13.35184102,52.48038263
114905,3,6,16,6,3,3,f,t,f,f,13.39902696,52.57354975
114903,12,4,13,2,3,5,f,t,f,t,13.3292756,52.60232518
114900,10,3,10,3,3,5,t,t,f,f,13.61652196,52.50474706
114899,2,10,17,2,3,5,t,t,f,f,13.46002388,52.51512156
114898,2,12,10,3,3,1,f,t,f,f,13.38608469,52.48907992
114897,3,9,15,5,3,5,t,f,f,f,13.41437344,52.55217249
114895,4,2,12,5,3,6,f,t,t,f,13.29313271,52.51080365
114891,12,6,8,2,3,2,f,t,f,f,13.30554214,52.5693493
114887,10,5,8,5,3,5,t,f,f,f,13.58444201,52.50504998
114886,1,8,10,3,3,0,t,f,f,f,13.36990023,52.54180152
114882,9,7,9,3,3,5,f,t,f,f,13.51226611,52.45489978
114880,1,10,8,3,3,5,f,t,f,f,13.36970977,52.54161257
114879,2,11,14,5,3,6,f,t,t,f,13.47430175,52.513675
114875,4,1,8,3,3,6,f,t,t,f,13.30030029,52.5110801
114872,12,4,17,3,3,2,f,t,f,f,13.31093445,52.55991411
114871,2,6,9,2,3,5,t,t,f,f,13.45726227,52.51539799
114868,9,5,11,6,3,5,t,t,f,f,13.46075573,52.49387719
114867,9,8,15,2,2,0,f,f,f,f,13.45918003,52.49294495
114866,1,9,6,3,3,6,t,f,t,f,13.39727641,52.51759045
114862,3,2,15,6,3,6,f,t,t,f,13.42368429,52.52829076
114859,6,6,18,4,3,1,f,t,f,f,13.22042326,52.42886201
114857,3,9,9,3,3,2,t,t,f,f,13.42965649,52.55423373
114856,4,11,18,2,3,6,f,f,t,f,13.30250924,52.51141548
114855,4,8,13,3,3,2,f,t,f,f,13.29716746,52.51087498
114850,6,7,16,2,2,7,f,f,f,t,13.33260146,52.4639744
114849,11,10,16,6,3,2,f,t,f,f,13.50636006,52.51065242
114848,6,12,17,2,3,6,t,f,t,f,13.30380847,52.4492883
114847,9,5,16,2,3,2,f,t,f,f,13.49340445,52.46782777
114844,3,1,13,5,3,2,f,t,f,f,13.43302685,52.53631544
114840,4,6,15,3,3,2,f,t,f,f,13.28718902,52.49430178
114836,7,7,19,5,2,2,f,t,f,t,13.36558693,52.4727466
114834,4,10,17,5,3,3,f,t,f,f,13.2862344,52.53194268
114833,4,11,19,4,3,3,f,t,f,f,13.26289375,52.49110977
114829,1,4,14,4,3,0,t,f,f,f,13.40511038,52.52028802
114826,7,3,15,1,3,3,f,t,f,f,13.38570972,52.46767602
114825,10,6,13,3,2,6,f,t,t,f,13.54841738,52.55105938
114823,4,11,7,4,3,5,f,t,f,t,13.22852285,52.50674585
114822,10,12,21,4,3,6,f,t,t,f,13.55440433,52.55768865
114821,6,8,18,2,3,1,f,t,f,f,13.26735937,52.43642803
114820,4,9,16,5,3,2,f,t,f,f,13.24938124,52.50797079
114816,2,2,15,3,3,3,f,t,f,f,13.47424345,52.51368137
114813,2,6,14,7,3,6,t,f,t,f,13.38772043,52.49839005
114811,2,9,10,5,3,5,f,t,f,f,13.38877436,52.49813113
114810,6,11,17,5,3,5,f,t,f,t,13.30122531,52.44834709
114809,3,8,10,3,3,0,f,t,f,f,13.44797853,52.54688491
114804,9,7,18,6,3,5,f,t,f,f,13.45775505,52.49165476
114803,6,10,15,5,3,2,t,t,f,f,13.26028199,52.43516965
114802,6,12,15,3,3,5,f,t,f,t,13.30813125,52.45090309
114801,2,5,7,2,3,2,f,t,f,f,13.38626785,52.48874304
114798,3,1,17,4,3,5,f,t,f,f,13.42436622,52.53925992
114794,3,6,19,7,2,2,f,t,f,f,13.44474583,52.545412
114790,2,5,14,6,3,5,t,t,f,f,13.46744374,52.51436734
114789,9,8,17,6,3,6,t,f,t,f,13.46106373,52.48939286
114787,10,9,15,3,3,2,f,t,f,f,13.5484977,52.50956482
114786,7,3,15,5,3,2,f,t,f,f,13.35718028,52.47378815
114783,2,7,20,6,3,2,t,f,f,f,13.44862972,52.5050779
114781,1,9,8,3,3,2,f,t,f,f,13.37423236,52.50942171
114780,4,11,9,2,3,2,f,t,f,f,13.3014589,52.51134761
114779,2,8,18,5,3,2,f,t,f,f,13.46029792,52.51523785
114776,7,4,17,3,3,3,f,t,f,t,13.40138812,52.41383834
114773,1,3,9,2,3,5,f,t,f,f,13.36986084,52.51583152
114772,4,10,15,2,3,2,f,t,f,f,13.29861222,52.51116003
114771,7,12,12,2,3,0,f,t,f,f,13.34836229,52.48174221
114769,7,1,15,6,3,2,f,t,f,f,13.38391116,52.4553123
114765,2,6,13,5,3,0,f,t,f,f,13.38947012,52.49666039
114761,7,5,18,3,3,2,t,t,f,f,13.38600448,52.44401485
114760,4,8,9,4,3,5,t,t,f,f,13.29720875,52.51087776
114756,3,7,21,5,3,0,t,f,f,f,13.41345597,52.54902721
114752,11,7,14,6,2,0,f,f,f,t,13.48151164,52.51296134
114750,2,10,17,6,3,5,t,f,f,f,13.37693265,52.50192091
114749,3,6,23,7,3,5,t,t,f,f,13.41425877,52.54067109
114748,9,11,21,2,3,5,t,t,f,f,13.45784682,52.49175437
114747,12,9,16,4,3,2,f,t,f,f,13.30191463,52.54954395
114744,12,4,14,1,3,6,f,t,t,f,13.35635743,52.57334424
114741,7,3,18,3,3,0,t,t,f,f,13.3782663,52.43476567
114740,7,10,20,3,2,0,f,t,f,f,13.38717596,52.44014913
114739,3,12,6,6,2,8,f,t,f,f,13.40224013,52.58645891
114738,7,7,10,7,2,5,f,t,f,f,13.38551444,52.47009357
114735,6,3,8,3,3,5,t,t,f,f,13.3143365,52.45309204
114732,7,6,17,2,3,2,f,t,f,f,13.40623904,52.46198049
114729,12,5,15,2,3,2,f,t,f,f,13.30840586,52.55671288
114728,4,8,22,1,3,3,f,t,f,t,13.3230023,52.51245565
114724,4,7,17,4,2,0,f,t,f,t,13.28544168,52.49476891
114722,1,10,18,1,3,5,f,t,f,f,13.36846088,52.54103366
114721,1,11,21,2,3,5,f,t,f,f,13.36870178,52.50638623
114719,3,4,15,6,3,5,t,t,f,f,13.41232175,52.5410878
114716,1,1,9,4,3,2,f,t,f,t,13.41976051,52.52479715
114713,3,4,18,6,2,3,t,f,f,f,13.41429194,52.55338197
114712,11,6,12,2,3,2,f,t,f,f,13.47577853,52.51366842
114708,2,6,14,3,3,2,f,t,f,f,13.47374038,52.51387782
114707,11,8,14,3,3,5,t,t,f,f,13.48831766,52.51240851
114705,7,9,15,7,3,1,t,t,f,f,13.34992191,52.48273177
114703,1,3,9,6,3,5,f,t,f,f,13.37051915,52.54000665
114700,3,7,14,6,3,1,t,t,f,f,13.41308074,52.54587181
114698,6,9,0,5,3,0,f,f,f,t,13.26110403,52.43503363
114697,3,11,23,3,3,5,t,t,f,f,13.44259788,52.53130568
114696,2,8,18,6,3,5,t,t,f,f,13.38897208,52.49752088
114691,3,7,6,7,3,0,f,t,f,f,13.44299765,52.63510675
114690,1,10,11,3,3,5,f,t,f,f,13.36549933,52.55798187
114689,1,12,6,4,3,5,f,t,f,f,13.3652578,52.5580842
114686,10,1,14,6,3,2,f,t,f,f,13.5484052,52.5510447
114682,7,6,11,6,3,5,t,t,f,f,13.40690177,52.39237729
114678,5,5,7,6,2,5,t,t,f,f,13.1260475,52.47851538
114677,2,8,16,4,3,5,t,t,f,f,13.46009105,52.51511486
114674,4,3,16,5,3,2,f,t,f,t,13.32294619,52.51247199
114670,2,7,10,6,3,3,t,f,f,f,13.45218153,52.51103204
114668,10,9,12,5,2,3,f,t,f,t,13.61253753,52.50490183
114667,3,11,12,7,3,1,t,t,f,f,13.45612894,52.5494918
114666,4,8,12,1,3,2,f,t,f,f,13.28152915,52.52262927
114663,3,4,18,2,3,5,f,t,f,t,13.42639071,52.53831889
114660,7,3,14,4,3,3,f,f,f,t,13.37997942,52.43724499
114659,9,10,7,4,3,2,f,t,f,t,13.51840876,52.4507109
114658,2,12,18,7,3,6,f,t,t,f,13.4524442,52.51906192
114657,12,9,15,7,3,2,f,t,f,t,13.33000827,52.60171055
114655,4,2,19,5,3,9,f,t,f,f,13.29602059,52.54162672
114651,10,6,19,6,3,6,f,t,t,f,13.54857905,52.5509426
114646,1,5,11,4,3,2,f,t,f,f,13.41186213,52.51891833
114645,3,8,8,2,3,5,t,t,f,f,13.413719,52.55053751
114641,4,7,14,6,2,0,f,f,f,f,13.26316067,52.4913202
114638,1,7,23,7,2,2,f,t,f,f,13.40532143,52.52039426
114636,10,10,21,1,3,5,t,t,f,f,13.61651629,52.50474743
114635,9,11,22,3,3,2,f,t,f,f,13.51175443,52.45507451
114632,7,5,11,7,2,3,f,t,f,t,13.3571418,52.4868518
114631,1,6,8,4,3,0,f,t,f,f,13.36961405,52.54156608
114630,12,8,12,2,3,2,f,t,f,f,13.35888539,52.57327815
114628,4,9,11,3,3,2,f,t,f,f,13.28419315,52.50802866
114627,4,3,18,7,3,1,f,t,f,f,13.27526246,52.50949487
114623,2,7,7,3,3,5,t,f,f,f,13.44795141,52.52631441
114621,3,9,21,1,2,2,f,t,f,f,13.42437635,52.52889489
114620,6,11,13,7,3,3,f,t,f,f,13.28302944,52.44206469
114619,1,8,22,5,3,5,f,t,f,f,13.36525717,52.55808746
114616,7,4,16,6,3,5,t,t,f,f,13.39064211,52.43277363
114613,4,3,16,3,3,2,f,t,f,f,13.28127493,52.49872279
114612,1,10,8,4,3,0,t,t,f,f,13.36877047,52.54105135
114611,10,12,19,6,3,6,f,t,t,f,13.53687548,52.5312994
114610,1,5,12,3,2,3,f,t,f,t,13.36895813,52.540725
114609,7,9,8,5,3,0,f,t,f,f,13.39265786,52.42986686
114607,1,2,14,4,3,2,f,t,f,f,13.36317526,52.53582185
114603,4,6,9,4,3,2,f,t,f,f,13.28311385,52.5188976
114599,3,5,14,6,3,6,f,t,t,f,13.40194498,52.58060413
114598,2,8,23,4,2,5,t,t,f,f,13.45373649,52.51594944
114594,2,7,20,1,2,5,f,t,f,f,13.45374218,52.51593314
114590,10,7,2,2,3,0,f,t,f,f,13.55820894,52.56279503
114588,12,10,17,2,2,5,t,t,f,f,13.36419909,52.56368807
114587,7,6,14,7,3,0,f,f,t,f,13.35900686,52.48889052
114586,2,11,18,3,3,0,f,t,f,t,13.4474992,52.50351565
114585,3,9,17,7,3,2,f,t,f,f,13.4119848,52.54129143
114582,3,4,16,7,3,2,f,t,f,f,13.39821542,52.5713219
114579,1,3,17,3,2,5,f,t,f,t,13.36928214,52.53928626
114577,11,10,7,6,3,4,t,f,f,f,13.48336913,52.57673602
114576,12,6,19,7,3,2,f,t,f,t,13.32186823,52.56128709
114575,4,12,9,4,2,5,t,t,f,f,13.24966086,52.5079884
114574,1,8,11,1,2,0,t,f,f,f,13.40270884,52.51183509
114571,9,3,10,2,3,2,f,t,f,f,13.45948319,52.49291092
114568,3,6,11,3,2,0,t,f,f,f,13.40325192,52.56936857
114565,1,8,7,4,3,2,t,t,f,f,13.41992549,52.52493847
114561,4,7,23,4,2,9,f,t,f,f,13.32834144,52.47792883
114559,4,10,8,3,3,2,f,t,f,f,13.28148878,52.52216582
114558,1,11,13,6,3,5,f,t,f,t,13.3691776,52.54151096
114556,2,5,11,3,3,5,t,f,f,f,13.46180021,52.51508302
114553,4,1,17,4,3,2,f,t,f,f,13.30847914,52.48228796
114550,1,4,15,1,3,2,t,t,f,f,13.41602348,52.52215941
114549,12,6,11,4,2,3,f,t,f,f,13.30732632,52.55580472
114545,4,5,9,3,3,5,t,t,f,f,13.28927662,52.51056044
114544,4,8,8,5,3,2,f,t,f,f,13.28407117,52.49612928
114542,1,9,8,4,3,6,f,f,t,f,13.41091579,52.52333822
114540,4,3,16,4,3,5,f,t,f,f,13.30759447,52.51174954
114537,7,7,18,5,3,2,f,t,f,f,13.38605634,52.48356501
114535,4,9,8,2,3,3,f,t,f,f,13.28343291,52.51819924
114534,7,11,7,3,3,0,f,t,f,t,13.38077742,52.43825326
114533,3,8,14,6,3,2,f,t,f,f,13.42807446,52.5688389
114529,2,7,21,6,2,5,f,t,f,t,13.37693446,52.50191888
114528,12,10,12,7,3,0,f,t,f,f,13.30601721,52.56839236
114527,11,12,10,5,3,5,t,t,f,f,13.47735353,52.51337675
114524,4,1,8,1,2,0,f,t,f,f,13.301361,52.54712079
114520,3,6,23,1,3,0,t,t,f,f,13.42987932,52.53325921
114516,6,5,11,2,3,1,t,f,f,f,13.29466325,52.44590962
114515,4,8,19,5,2,2,f,t,f,f,13.2930673,52.53368955
114509,2,7,15,2,2,3,t,f,f,f,13.45421591,52.51565533
114507,11,10,13,7,3,2,t,f,f,f,13.48112131,52.51313565
114506,2,11,3,1,2,0,t,f,f,f,13.45142471,52.50940048
114505,3,9,17,6,3,5,t,t,f,f,13.41450382,52.5570281
114503,3,6,16,7,3,3,t,f,f,f,13.40048873,52.56972417
114501,3,4,14,3,3,4,t,f,f,f,13.42985251,52.55349981
114498,3,3,11,5,3,6,f,t,t,f,13.40354189,52.56927169
114497,1,10,16,5,3,2,f,t,f,f,13.36719232,52.55166363
114496,6,12,19,7,3,5,f,t,f,f,13.27145652,52.43826426
114495,7,9,7,3,3,2,f,t,f,t,13.38443215,52.45348006
114493,3,2,6,3,3,8,f,f,f,f,13.45785602,52.63080522
114489,4,6,11,5,3,3,f,f,f,t,13.30673628,52.48290756
114484,4,5,16,3,3,3,f,t,f,t,13.30482429,52.51137803
114483,7,8,20,2,3,5,t,t,f,f,13.35098739,52.48075255
114479,1,7,18,4,3,5,t,t,f,f,13.36833544,52.54111107
114476,6,7,3,2,2,8,f,t,f,f,13.30937394,52.45136308
114474,6,10,13,4,3,3,f,t,f,f,13.30639882,52.45026177
114473,4,11,16,5,3,5,t,t,f,f,13.28935115,52.51056514
114472,11,5,9,2,3,2,f,t,f,t,13.48470792,52.51277382
114470,11,9,13,6,2,5,t,t,f,f,13.48833059,52.51240722
114467,12,4,9,4,3,3,f,t,f,f,13.36425908,52.56338946
114464,2,4,13,1,3,5,t,t,f,f,13.38055708,52.49924537
114463,2,7,18,5,3,3,t,f,f,f,13.43929741,52.51721209
114461,3,10,15,3,3,2,f,t,f,f,13.44553246,52.5457734
114460,1,12,23,2,3,5,f,t,f,f,13.4090424,52.51708799
114459,2,8,18,5,3,1,t,t,f,f,13.44915382,52.52388492
114458,10,9,10,6,3,5,f,t,f,f,13.588042,52.5050063
114454,6,2,11,7,3,0,t,t,f,f,13.21771065,52.42802
114451,9,6,8,2,3,0,t,t,f,f,13.47946399,52.48451132
114449,4,9,2,1,2,8,f,t,f,f,13.28490476,52.51629088
114448,11,11,9,5,3,6,f,t,t,f,13.5044857,52.51065217
114447,7,8,20,4,3,1,f,t,f,f,13.38591433,52.47717555
114444,1,7,23,7,3,5,t,t,f,f,13.4049104,52.52018736
114443,2,10,21,2,3,0,f,f,f,t,13.46004525,52.51511943
114442,3,11,21,3,3,4,f,t,f,f,13.39881719,52.58004518
114441,3,5,17,7,3,5,f,t,f,f,13.44494154,52.54550486
114438,4,1,11,3,3,0,f,f,f,t,13.29304849,52.49252447
114434,7,6,14,2,3,0,f,t,f,f,13.35834524,52.48847821
114430,4,5,15,3,3,5,t,t,f,f,13.29915319,52.51119578
114429,4,8,14,2,3,2,f,f,f,t,13.30080772,52.51130481
114427,10,9,5,2,2,3,f,t,f,t,13.62336377,52.50400535
114426,12,9,7,4,3,5,t,t,f,f,13.32392016,52.60776388
114423,7,4,18,3,3,2,f,t,f,f,13.37980261,52.4370188
114420,10,4,15,6,2,2,f,t,f,t,13.54809582,52.5506811
114419,3,7,15,6,2,5,t,t,f,f,13.44453458,52.54531142
114417,4,10,19,3,3,2,f,t,f,f,13.31465739,52.51201833
114416,10,6,13,7,3,2,t,t,f,f,13.54843398,52.5507742
114415,11,12,20,2,2,0,f,t,f,f,13.52690284,52.51013474
114414,11,8,15,2,3,2,f,t,f,t,13.50460577,52.51064239
114413,6,9,18,4,1,0,f,t,f,t,13.15301743,52.41888191
114410,3,3,15,3,3,5,t,f,f,f,13.4446604,52.54563367
114407,4,6,15,3,3,2,f,t,f,f,13.29881631,52.53417483
114405,7,9,18,5,3,3,f,t,f,t,13.38477876,52.46018699
114404,11,8,13,5,2,2,f,t,f,f,13.48334812,52.58320088
114400,2,7,17,4,3,2,f,t,f,f,13.44726117,52.52657248
114398,1,10,18,5,3,2,f,t,f,f,13.3639607,52.53488129
114397,4,11,19,2,3,2,f,t,f,f,13.29303771,52.49253076
114394,7,1,12,5,3,0,f,t,f,f,13.40485954,52.46278679
114390,12,6,10,7,3,6,f,t,t,f,13.32536685,52.60613098
114387,7,12,18,4,3,6,f,t,t,f,13.38439189,52.45256849
114386,7,5,23,3,3,1,f,f,f,t,13.38578174,52.48090389
114385,2,8,10,5,3,0,f,t,f,f,13.46785627,52.51447933
114383,3,9,16,2,2,5,t,f,f,f,13.41245677,52.54274037
114381,4,3,4,7,2,2,f,t,f,t,13.23899049,52.47093194
114378,3,6,18,4,3,9,f,t,f,f,13.44666278,52.63364485
114376,1,9,17,5,3,3,f,t,f,t,13.41554844,52.52143608
114375,3,11,15,3,2,1,t,f,f,f,13.41533215,52.54047288
114374,5,9,16,4,3,6,f,t,t,f,13.17890421,52.51652724
114369,8,7,17,7,3,2,f,t,f,f,13.45614694,52.46423456
114368,6,10,17,7,3,2,f,t,f,f,13.19628971,52.41961237
114367,12,12,8,3,3,2,f,t,f,f,13.30761505,52.5662716
114364,2,1,14,3,3,0,f,t,f,t,13.44473848,52.51666743
114360,7,6,15,7,3,3,f,t,f,f,13.38579117,52.47112559
114356,3,5,10,2,3,5,f,t,f,f,13.44414166,52.52947623
114355,7,8,14,5,3,0,f,f,f,f,13.3853502,52.46274316
114348,6,7,7,4,3,2,f,t,f,f,13.28350673,52.4422086
114346,7,10,6,2,3,0,f,t,f,t,13.36166184,52.4969426
114345,12,11,14,6,3,2,f,t,f,f,13.31029503,52.55878643
114344,4,9,11,6,3,3,t,t,f,f,13.2563464,52.5084002
114342,4,6,14,7,3,2,f,t,f,f,13.32661941,52.47793589
114340,4,4,7,6,3,5,f,t,f,f,13.30157929,52.5113558
114337,4,3,19,1,3,9,f,t,f,f,13.27975561,52.50067867
114336,4,10,10,4,3,3,f,t,f,f,13.28644153,52.53221926
114335,1,12,17,7,3,9,f,f,f,t,13.36893022,52.50678259
114334,7,9,12,7,3,0,t,f,f,f,13.38565479,52.475528
114332,7,2,9,5,3,0,f,t,f,f,13.36066564,52.49107364
114328,9,6,18,6,3,0,f,t,f,f,13.46504912,52.48670604
114324,3,5,16,2,3,0,t,f,f,f,13.44487231,52.52920484
114323,1,8,13,3,3,2,f,t,f,f,13.3659804,52.50341492
114318,4,7,11,5,3,3,f,t,f,f,13.2808629,52.50298296
114316,4,10,13,1,3,2,f,t,f,f,13.26969396,52.49621407
114315,1,11,11,4,3,2,f,t,f,f,13.37016884,52.5399709
114313,3,9,14,3,3,5,t,f,f,f,13.42900638,52.53770423
114310,1,4,8,3,3,2,f,t,f,f,13.3764889,52.5094033
114307,2,4,12,4,3,2,f,t,f,f,13.45954591,52.51516917
114306,7,6,7,4,3,2,f,t,f,f,13.36677338,52.47220297
114304,1,11,19,6,3,2,f,t,f,f,13.34375306,52.51400274
114302,2,8,11,4,3,3,f,t,f,f,13.3883765,52.4937396
114301,7,9,15,6,3,5,f,t,f,f,13.38601126,52.44397836
114297,11,2,8,3,3,5,t,t,f,f,13.48834063,52.51240623
114294,6,6,14,5,3,0,f,f,f,t,13.33141985,52.46339398
114292,6,9,13,7,3,5,f,t,f,t,13.29501643,52.44603793
114291,4,11,11,4,3,2,f,t,f,f,13.28166238,52.50544352
114290,4,8,17,6,2,2,f,t,f,f,13.28388109,52.49612319
114285,7,7,12,6,3,2,f,t,f,f,13.34828776,52.48184447
114284,3,10,11,3,3,3,t,t,f,f,13.40456749,52.56799692
114283,7,12,12,3,3,0,f,t,f,f,13.38553922,52.47118758
114282,4,5,14,1,3,3,t,t,f,f,13.29029233,52.51045857
114278,1,1,19,5,3,2,f,t,f,f,13.416011,52.52216485
114274,12,6,13,5,3,0,f,t,f,f,13.33628346,52.59170366
114270,7,5,8,6,3,5,t,f,f,f,13.35717601,52.48688891
114269,7,8,17,6,3,5,t,t,f,f,13.38509429,52.46164639
114267,1,9,8,2,3,3,f,t,f,f,13.36862745,52.50677973
114265,12,3,19,1,2,3,f,t,f,f,13.33263831,52.59755348
114262,5,7,17,5,3,2,f,t,f,f,13.20457808,52.51149959
114260,4,9,10,3,3,5,t,t,f,f,13.30145982,52.51115763
114259,7,11,13,2,3,2,f,t,f,f,13.38442093,52.45354194
114258,4,8,8,5,3,0,f,f,f,t,13.2897882,52.49399066
114255,7,4,23,4,2,9,f,t,f,f,13.3626805,52.47402853
114252,12,10,5,4,3,3,t,t,f,f,13.36470276,52.56098626
114251,2,12,11,7,3,2,f,t,f,f,13.38633324,52.48908358
114249,7,2,19,3,2,6,f,t,t,f,13.36875702,52.42011057
114245,3,6,7,5,3,1,t,t,f,f,13.4303343,52.53365435
114241,4,5,14,6,2,5,t,f,f,f,13.2820196,52.50994089
114240,8,8,10,6,3,3,f,t,f,f,13.43989377,52.46271215
114233,12,7,16,7,3,0,t,f,f,f,13.34771421,52.57543649
114231,7,10,20,1,3,2,f,t,f,f,13.38181196,52.43926129
114230,6,11,13,7,3,0,f,f,f,t,13.14302077,52.41777103
114229,12,9,17,6,3,2,f,t,f,f,13.29167749,52.58620991
114226,1,4,9,4,3,5,t,f,f,f,13.41676992,52.52208754
114223,2,3,22,2,3,0,t,f,f,f,13.45420082,52.51589788
114221,12,3,15,5,2,8,f,t,f,f,13.29146533,52.5862549
114218,7,6,7,2,3,5,t,t,f,f,13.38437211,52.4526711
114216,6,10,12,6,3,6,f,t,t,f,13.26036873,52.43502197
114215,11,11,18,2,3,3,t,f,f,f,13.48760591,52.51234514
114214,3,9,10,4,3,5,f,t,f,f,13.44477374,52.54568571
114209,1,10,10,7,2,5,f,t,f,t,13.36986084,52.51583152
114208,7,12,7,2,3,2,f,t,f,f,13.39566007,52.46702181
114205,6,1,18,2,3,4,f,t,f,f,13.30738905,52.45062835
114201,9,6,8,6,1,2,f,f,f,f,13.5010437,52.43224498
114197,7,5,12,3,3,2,f,t,f,f,13.38452634,52.45296049
114196,4,8,8,5,3,0,t,f,f,f,13.28142498,52.50990172
114189,12,7,11,4,3,5,f,t,f,f,13.31889567,52.61080841
114187,9,10,14,7,3,2,f,t,f,f,13.46145126,52.45412798
114186,10,11,16,5,3,2,f,t,f,f,13.54003133,52.5099032
114185,6,9,18,5,2,6,f,t,t,f,13.21483292,52.427563
114182,7,4,13,5,3,2,f,t,f,f,13.36641829,52.47236315
114179,4,3,9,3,3,2,f,t,f,f,13.28192541,52.50993475
114178,3,10,21,4,3,0,t,f,f,f,13.41434792,52.54079379
114177,7,12,16,2,3,3,f,t,f,f,13.40053091,52.46520905
114176,1,5,15,3,3,3,t,t,f,f,13.36526034,52.55807102
114175,1,5,22,2,3,5,t,t,f,f,13.40174286,52.511345
114174,1,9,8,5,3,0,t,f,f,f,13.37348292,52.50916707
114172,4,2,14,4,3,2,f,t,f,f,13.2842139,52.50805929
114168,7,6,8,3,3,0,f,t,f,f,13.37640448,52.43083057
114164,7,5,13,3,3,2,f,t,f,f,13.35945452,52.48938306
114163,3,8,17,2,3,6,f,t,t,f,13.41406144,52.55052077
114159,3,7,10,6,3,4,t,f,f,f,13.41248793,52.54494468
114157,7,10,16,2,3,5,t,f,f,f,13.36192595,52.41365089
114156,10,11,9,2,3,5,f,t,f,f,13.55676734,52.56073603
114152,4,4,8,3,3,2,f,t,f,f,13.29026701,52.5334535
114149,3,3,10,7,3,3,t,f,f,f,13.44032778,52.54223456
114148,1,6,21,4,3,5,f,t,f,t,13.40906113,52.51710424
114146,3,11,7,2,3,5,t,t,f,f,13.40278764,52.5931591
114145,3,12,15,5,3,2,f,t,f,f,13.43122327,52.5832086
114144,4,7,11,7,3,2,f,t,f,f,13.2891929,52.53325019
114143,12,9,12,4,3,1,f,t,f,f,13.3023591,52.64238688
114139,2,2,16,6,3,5,f,t,f,t,13.44752607,52.52627881
114136,12,7,15,6,2,5,t,t,f,f,13.33023589,52.60151812
114134,4,9,15,4,3,3,f,t,f,t,13.28335256,52.50836213
114133,3,10,5,1,3,1,f,t,f,f,13.39931837,52.57454582
114132,2,8,7,2,3,5,f,t,f,t,13.4279263,52.5189163
114127,4,7,13,6,3,2,f,t,f,f,13.28494176,52.50913759
114126,6,10,18,6,3,3,f,t,f,f,13.2712888,52.43820903
114125,2,12,20,6,3,1,f,t,f,f,13.45370483,52.5172784
114124,9,5,8,2,3,2,f,t,f,f,13.46499367,52.48674254
114121,2,1,12,4,3,5,t,t,f,f,13.45146841,52.50949301
114117,6,6,16,5,3,3,f,t,f,f,13.19940052,52.42177124
114113,1,5,16,6,3,2,f,t,f,f,13.3634008,52.53593132
114112,7,8,19,6,3,0,t,t,f,f,13.35000329,52.48117901
114110,2,9,12,3,3,2,f,t,f,f,13.37268924,52.50410291
114109,7,3,8,5,3,3,f,t,f,f,13.38576099,52.47004903
114105,4,7,16,3,3,2,f,t,f,f,13.28537966,52.51361912
114103,1,9,21,5,3,3,f,t,f,t,13.42000964,52.5250109
114102,5,11,8,6,3,2,f,t,f,f,13.17956405,52.51655187
114101,12,8,7,3,3,5,t,t,f,f,13.34663812,52.57934099
114098,3,4,14,4,3,5,f,t,f,f,13.44334217,52.61541936
114095,1,3,16,3,3,2,t,f,f,f,13.40906572,52.51710822
114094,6,10,19,2,3,3,t,t,f,f,13.21205373,52.4269221
114093,7,12,16,7,3,2,f,t,f,f,13.3551274,52.47345193
114092,8,9,16,4,3,2,f,t,f,f,13.44620511,52.46311984
114090,3,2,16,3,2,5,t,t,f,f,13.43375313,52.53699418
114086,4,6,12,7,3,0,f,f,f,t,13.32010373,52.51257028
114082,7,5,18,5,3,0,f,t,f,t,13.39506321,52.4671219
114081,1,8,17,4,3,0,t,f,f,f,13.36548452,52.55807366
114077,3,7,8,5,3,0,t,f,f,f,13.39821612,52.57132352
114073,4,7,10,3,3,2,f,t,f,t,13.24169168,52.50749368
114071,7,10,13,3,3,2,f,t,f,t,13.35031327,52.48088001
114070,4,11,12,3,3,0,t,f,f,f,13.26940603,52.50918961
114069,4,9,12,6,3,0,f,t,f,f,13.29826568,52.51113712
114066,3,4,18,6,3,5,t,t,f,f,13.40329382,52.5693743
114063,3,4,14,6,3,0,t,f,f,f,13.39864471,52.57585475
114062,3,10,8,4,3,5,t,f,f,f,13.42375707,52.52835429
114061,12,12,13,5,3,1,f,t,f,f,13.36353408,52.56512859
114060,7,8,13,3,3,2,f,t,f,f,13.37559218,52.42910055
114057,4,3,9,2,3,2,f,t,f,f,13.28148841,52.5029298
114054,4,6,8,3,3,3,f,t,f,f,13.31127631,52.51179663
114051,3,4,18,6,3,6,t,f,t,f,13.41249604,52.54321913
114050,7,8,10,7,2,3,f,t,f,t,13.39790797,52.41996944
114046,10,7,8,3,3,5,f,t,f,f,13.57589679,52.50518493
114044,3,10,9,4,3,5,t,t,f,f,13.43519232,52.53532094
114043,1,11,17,2,3,6,f,t,t,f,13.3687787,52.54116038
114041,7,5,7,5,3,2,f,t,f,f,13.41866176,52.46097357
114038,1,1,6,2,3,5,f,t,f,f,13.37671327,52.50959471
114035,7,4,21,7,2,0,t,f,f,f,13.38349088,52.43954424
114034,1,6,18,4,3,2,f,t,f,f,13.37012224,52.53975283
114030,3,5,20,3,3,2,t,t,f,f,13.42858271,52.53758416
114029,7,8,18,7,3,2,f,t,f,f,13.38440145,52.45365215
114027,1,9,13,7,3,0,f,f,f,f,13.39195597,52.51706851
114025,4,3,15,3,3,2,f,t,f,f,13.27409546,52.49920874
114022,1,7,23,6,2,5,f,f,f,f,13.40483908,52.52015145
114020,3,9,16,5,2,3,t,f,f,f,13.4141774,52.55111594
114019,10,11,14,3,3,5,f,t,f,t,13.54248611,52.54372428
114018,4,10,8,6,3,5,f,t,f,f,13.27148054,52.50912012
114017,4,12,16,4,3,2,f,t,f,f,13.24424453,52.47563694
114016,1,9,15,6,3,2,f,t,f,f,13.36867653,52.54915714
114014,2,2,13,5,3,5,t,t,f,f,13.46724092,52.51438928
114011,2,6,10,3,3,3,t,t,f,f,13.37729539,52.50151548
114008,11,5,8,3,3,2,f,t,f,f,13.48339508,52.57733478
114007,4,8,12,2,3,2,f,t,f,f,13.30117824,52.48705576
114003,6,7,13,6,3,2,f,t,f,f,13.32792044,52.46034174
114001,12,10,10,7,2,2,f,t,f,t,13.29815023,52.57765295
114000,2,11,16,6,3,2,t,t,f,f,13.38605548,52.48596612
113996,7,1,15,4,3,5,f,t,f,f,13.35412511,52.47902569
113993,7,4,16,6,3,2,f,t,f,f,13.35758621,52.47386353
113992,7,6,17,3,3,0,t,f,f,f,13.39118019,52.432474
113990,1,12,13,4,3,2,f,t,f,f,13.36561915,52.55623369
113989,7,5,13,1,3,8,f,t,f,f,13.37071737,52.47085837
113988,2,6,12,3,3,5,t,t,f,f,13.37474723,52.50244806
113987,7,8,7,3,3,0,t,t,f,f,13.34828776,52.48184447
113986,7,9,10,6,3,2,f,t,f,f,13.38461677,52.45140156
113982,1,3,18,2,3,0,t,t,f,f,13.36990544,52.54180916
113979,4,6,7,4,3,3,f,t,f,t,13.28792857,52.53286488
113977,4,9,20,7,3,3,f,t,f,f,13.29791999,52.54452017
113976,7,11,6,3,2,6,f,t,t,f,13.36602477,52.41682539
113975,2,8,20,4,3,5,t,t,f,f,13.38926747,52.49747582
113970,1,7,19,4,3,0,t,f,f,t,13.39387449,52.51726376
113969,11,10,5,5,3,2,f,t,f,f,13.48338311,52.5773747
113968,4,12,7,7,3,3,f,t,f,f,13.32110354,52.53720694
113967,7,5,16,7,3,3,f,t,f,f,13.4194193,52.46101338
113964,11,1,11,4,3,2,t,t,f,f,13.47746852,52.51351122
113960,11,6,15,5,3,5,t,t,f,f,13.52397394,52.50997868
113956,4,5,9,2,3,2,f,t,f,f,13.26167137,52.50871161
113955,4,6,23,5,3,3,f,t,f,f,13.29542272,52.51094915
113954,7,8,6,3,3,5,f,t,f,f,13.38574085,52.46946372
113952,4,9,15,2,2,2,f,t,f,t,13.28123397,52.49877575
113950,7,3,10,5,3,3,f,t,f,f,13.37957311,52.4367252
113946,4,7,14,6,3,4,f,t,f,f,13.22213978,52.50795806
113944,2,9,17,5,3,5,t,t,f,f,13.4537751,52.51572177
113943,2,11,3,1,3,3,f,t,f,t,13.45373225,52.51555747
113942,12,8,15,1,2,5,f,t,f,f,13.34765214,52.57445301
113939,1,4,9,5,3,5,t,f,f,f,13.36857367,52.54121646
113936,9,3,11,5,3,2,f,f,f,f,13.50468112,52.43060801
113935,1,10,21,3,2,5,t,t,f,f,13.38738301,52.51020533
113934,3,12,10,2,3,1,t,t,f,f,13.44529153,52.54592345
113933,3,9,17,6,3,5,t,t,f,f,13.43337001,52.53619615
113931,2,2,16,7,3,0,f,t,f,f,13.42167715,52.5264068
113927,9,6,13,7,3,2,t,t,f,f,13.49816981,52.4643193
113922,4,5,15,2,3,0,f,f,f,t,13.28152833,52.52263218
113921,4,5,19,1,3,2,f,t,f,f,13.28052282,52.49969308
113920,9,8,3,1,3,5,f,t,f,f,13.45781426,52.49161541
113916,1,7,17,4,3,2,f,t,f,f,13.38255087,52.50990357
113913,1,7,22,7,3,5,f,t,f,t,13.37213533,52.50507831
113911,9,10,22,2,3,3,f,t,f,f,13.45973473,52.45680927
113910,3,11,18,5,3,5,f,t,f,f,13.43479936,52.63825378
113908,12,9,19,7,3,6,f,t,t,f,13.34403949,52.58271477
113905,7,4,17,2,3,2,f,t,f,f,13.36680398,52.47235478
113902,3,3,20,3,3,3,f,t,f,t,13.42973401,52.54988759
113901,3,7,18,5,3,0,f,t,f,t,13.42628454,52.53835491
113899,7,10,15,7,3,2,f,t,f,f,13.37969474,52.43688081
113898,10,12,15,1,3,5,f,t,f,f,13.59868752,52.50487908
113897,10,8,16,5,3,2,f,t,f,f,13.54904507,52.55178719
113894,7,2,14,7,3,3,f,t,f,f,13.35526391,52.48572175
113891,7,6,14,3,2,5,t,f,f,f,13.38057827,52.43790126
113889,2,9,8,6,3,6,t,f,t,f,13.45296662,52.51803382
113888,4,5,12,3,3,3,f,t,f,f,13.26275116,52.49099735
113887,3,8,17,3,3,6,f,t,t,f,13.41196893,52.54107324
113883,4,7,13,1,2,5,f,t,f,t,13.26002937,52.50862164
113881,2,10,19,4,3,2,f,t,f,f,13.4739491,52.51371351
113880,2,11,16,4,3,2,f,t,f,f,13.45144259,52.51599028
113878,11,5,10,7,2,0,t,t,f,f,13.48292472,52.5810402
113875,12,1,17,4,3,2,f,t,f,f,13.35937835,52.57326443
113871,3,4,23,1,3,5,t,t,f,f,13.44221364,52.53125006
113870,3,6,13,4,3,3,t,t,f,f,13.42369884,52.52830346
113867,7,12,20,2,3,3,f,t,f,f,13.37344559,52.47049787
113866,3,5,6,6,1,5,t,f,f,f,13.4237121,52.52831503
113865,6,8,17,6,3,3,t,t,f,f,13.15576321,52.41917968
113863,1,9,10,4,3,3,f,t,f,t,13.41235235,52.51905376
113861,5,3,18,6,3,1,f,t,f,t,13.17681416,52.51524595
113858,11,6,14,2,3,2,t,f,f,f,13.47723628,52.51338847
113856,3,9,0,3,3,1,f,f,f,f,13.42092254,52.53979834
113855,9,11,9,2,3,5,t,t,f,f,13.49304428,52.46785689
113854,5,8,13,7,3,2,f,t,f,f,13.12855526,52.47985216
113850,4,7,17,5,3,3,t,t,f,f,13.32291539,52.51241525
113849,1,10,3,1,3,1,f,t,f,f,13.34332373,52.51411115
113848,7,12,13,5,3,0,f,t,f,f,13.34740521,52.47249805
113845,10,1,16,3,3,3,f,t,f,f,13.61426306,52.50476281
113841,3,6,7,2,2,5,t,t,f,f,13.44500308,52.54553283
113837,4,5,5,2,3,3,f,t,f,t,13.30450984,52.4847583
113836,6,6,12,6,3,5,f,t,f,t,13.32787965,52.46059003
113835,7,8,13,4,3,2,f,t,f,f,13.36490119,52.47306026
113828,6,7,14,2,3,2,f,t,f,f,13.19491077,52.43610912
113826,12,10,7,7,3,2,f,t,f,f,13.34146688,52.58608152
113825,3,11,16,3,3,8,f,t,f,f,13.49230175,52.62280342
113824,3,9,19,1,3,6,f,f,t,f,13.41233059,52.5411986
113821,1,4,15,3,3,5,f,t,f,f,13.36549833,52.55798677
113818,2,3,11,7,3,5,f,t,f,f,13.45422977,52.51578791
113817,2,10,18,6,3,0,f,t,f,t,13.38931051,52.49730265
113816,3,12,20,5,3,6,f,t,t,f,13.42882165,52.537502
113815,7,9,4,3,3,5,f,t,f,t,13.38575927,52.47002761
113814,9,8,15,2,2,5,t,t,f,f,13.45783338,52.4916027
113809,3,7,11,5,3,6,f,f,t,f,13.45096878,52.54839302
113808,3,10,11,3,3,3,f,t,f,f,13.42918414,52.57317104
113807,11,12,16,2,3,6,f,t,t,f,13.52522501,52.51012491
113804,7,1,17,2,3,0,f,t,t,f,13.36179668,52.41365677
113800,4,6,8,2,3,2,f,t,f,f,13.2280433,52.50680375
113796,3,5,14,6,3,2,f,t,f,t,13.42708873,52.5308794
113795,4,6,13,6,3,8,f,f,f,f,13.2970785,52.54302014
113794,10,8,15,4,3,3,f,t,f,t,13.58077169,52.50508284
113788,12,7,11,7,2,2,f,t,f,f,13.30822137,52.55652214
113786,10,10,14,6,3,5,t,f,f,f,13.55293543,52.50906635
113785,2,11,11,1,3,3,f,t,f,f,13.38851321,52.4977015
113784,1,8,16,5,3,5,f,f,f,t,13.36525874,52.55807933
113781,4,4,15,7,3,6,f,t,t,f,13.27540327,52.5096895
113778,4,3,15,5,2,0,f,f,f,t,13.28249478,52.49756891
113777,4,10,16,4,3,2,f,t,f,f,13.3024755,52.48609514
113776,7,12,16,5,3,2,f,t,f,f,13.35137406,52.48042716
113775,3,9,20,2,2,1,f,t,f,f,13.41196419,52.55995105
113773,7,2,10,4,3,1,f,f,f,f,13.3838127,52.45679628
113769,9,6,9,3,3,2,f,t,f,f,13.49539089,52.43520839
113764,6,5,11,2,3,5,f,t,f,f,13.24232108,52.43362144
113763,3,8,7,4,3,3,t,f,f,f,13.43823296,52.5408515
113759,3,7,21,1,3,0,f,f,f,t,13.45996794,52.55024357
113756,1,7,11,2,2,6,f,t,t,f,13.36836301,52.50633564
113754,2,10,19,2,2,1,f,t,f,f,13.3862423,52.48859903
113753,1,11,13,7,2,6,t,f,t,f,13.36770602,52.51569519
113751,4,9,16,6,3,0,f,t,f,f,13.30246233,52.51141245
113748,3,4,8,6,3,5,f,t,f,f,13.46246906,52.55090024
113745,7,3,16,3,3,2,f,t,f,f,13.36278717,52.41368886
113744,1,7,14,3,3,2,f,t,f,f,13.36878515,52.54897497
113742,7,10,18,6,2,5,t,t,f,f,13.39264889,52.42988274
113741,11,12,9,7,3,2,f,t,f,f,13.50520915,52.51072501
113740,3,5,19,2,1,9,f,f,f,t,13.39441799,52.61497212
113739,12,8,14,1,3,5,f,t,f,f,13.36335937,52.56545526
113738,2,9,18,5,3,0,t,f,f,f,13.45421809,52.51583651
113735,11,3,8,4,3,5,t,t,f,f,13.47745587,52.51351245
113732,2,6,15,4,2,5,f,t,f,t,13.4477218,52.50378233
113730,3,9,15,6,3,5,t,f,f,f,13.41449934,52.54079017
113729,5,8,19,7,3,5,t,t,f,f,13.17906614,52.51663247
113726,2,7,17,4,3,5,t,t,f,f,13.4537764,52.51572773
113724,3,10,16,3,2,1,f,t,f,t,13.42005685,52.53973689
113723,6,12,13,6,3,5,f,t,f,t,13.2760453,52.43969241
113722,12,5,11,3,3,1,t,t,f,f,13.36052743,52.5712232
113719,7,1,22,6,3,2,f,t,f,f,13.34228955,52.4705916
113715,10,6,10,2,2,0,t,f,f,f,13.57061624,52.50584757
113711,12,5,12,6,3,5,t,t,f,f,13.36464104,52.56132063
113710,1,8,13,1,3,6,t,f,t,f,13.36655154,52.51562148
113708,3,9,15,2,3,4,t,f,f,f,13.42883567,52.55732901
113706,7,3,13,7,3,2,f,t,f,f,13.35833861,52.47400349
113703,1,6,18,4,3,0,f,f,f,t,13.38257852,52.50990536
113701,9,9,10,2,3,5,t,t,f,f,13.50668551,52.45877487
113700,4,11,12,2,3,2,f,f,f,t,13.28531194,52.51599907
113699,3,8,12,3,3,6,f,f,t,f,13.42724652,52.54462798
113694,1,7,11,7,3,3,f,t,f,t,13.40728785,52.51547897
113693,7,10,10,4,3,5,t,t,f,f,13.35393795,52.47895617
113692,7,12,22,6,3,0,f,t,f,t,13.39266096,52.42986137
113689,1,1,6,4,3,5,f,t,f,f,13.36525561,52.55809552
113685,1,6,18,2,3,0,f,t,f,t,13.36548977,52.55802876
113681,1,5,18,3,3,2,t,f,f,f,13.41288192,52.51934336
113680,2,8,15,5,3,2,f,t,f,f,13.38426849,52.49862703
113673,7,7,16,4,3,2,f,t,f,t,13.32078171,52.45494259
113671,4,10,14,3,3,2,f,t,f,f,13.29666321,52.51084102
113670,3,11,7,2,3,5,t,f,f,f,13.44556002,52.54604672
113669,3,9,15,4,3,5,t,t,f,f,13.42977898,52.5371654
113666,1,4,14,4,3,2,f,f,f,t,13.36884728,52.54134988
113663,4,3,16,2,3,2,f,t,f,f,13.30810234,52.48240293
113662,1,10,15,1,3,6,t,f,t,f,13.4106853,52.52319297
113661,9,12,17,6,3,3,f,t,f,f,13.45973042,52.49309777
113660,10,9,9,3,3,0,t,t,f,f,13.56162991,52.50854872
113658,1,2,19,7,3,5,f,t,f,f,13.36549457,52.55800522
113654,4,6,12,3,3,6,t,f,t,f,13.31118698,52.51179079
113650,9,5,12,1,3,2,f,t,f,t,13.45891967,52.49275854
113649,4,8,7,3,3,3,f,t,f,f,13.28367596,52.50726525
113645,12,7,15,3,3,5,t,t,f,f,13.36440864,52.56376804
113643,6,10,13,4,3,5,t,t,f,f,13.26347695,52.4350722
113642,4,11,15,7,3,2,f,t,f,f,13.28102525,52.50322759
113638,11,4,7,2,3,2,f,t,f,f,13.484758,52.51276889
113635,4,3,8,3,3,5,t,t,f,f,13.27783658,52.50983567
113634,12,6,22,7,3,2,f,t,f,f,13.30795508,52.55624586
113632,12,10,18,7,3,3,f,t,f,f,13.36427709,52.56329983
113630,7,8,13,4,3,2,f,t,f,f,13.37580746,52.42955756
113629,11,9,8,2,2,3,f,t,f,t,13.52548669,52.51007985
113625,3,2,18,4,2,3,t,f,f,f,13.41216331,52.54102348
113622,9,6,19,7,3,0,t,f,f,f,13.46076636,52.49414526
113620,3,9,16,3,3,1,t,t,f,f,13.41297236,52.54089145
113619,4,11,16,4,3,2,f,t,f,t,13.31517937,52.51224488
113618,7,8,12,2,3,2,f,t,f,f,13.3596679,52.48991502
113612,11,2,8,4,3,2,f,t,f,f,13.50602357,52.51067364
113608,9,6,16,5,3,5,t,t,f,f,13.49310587,52.46781541
113603,1,5,2,4,3,0,f,f,f,f,13.41619904,52.52208292
113602,1,8,14,7,3,5,f,t,f,t,13.40155916,52.51144223
113598,7,7,8,5,3,6,t,f,t,f,13.36176734,52.41362265
113595,1,7,18,3,3,5,t,t,f,f,13.36927211,52.54052944
113593,7,10,16,5,3,1,t,t,f,f,13.4061695,52.40568548
113592,4,11,15,6,3,2,f,t,f,f,13.29928885,52.54629341
113590,12,9,7,3,3,0,t,t,f,f,13.33560779,52.59226624
113587,3,4,13,4,3,5,f,t,f,f,13.44491627,52.54549338
113584,9,4,15,1,3,2,f,t,f,f,13.45877971,52.49097383
113583,1,7,19,1,3,5,f,t,f,f,13.36548977,52.55802876
113581,12,10,22,4,3,2,f,t,f,t,13.33260156,52.59759017
113580,2,12,18,5,2,1,f,t,f,t,13.45901286,52.51522226
113579,7,8,18,3,3,6,t,f,t,f,13.39083121,52.4324357
113578,3,9,13,6,3,2,f,t,f,f,13.4317193,52.62293779
113574,3,2,12,4,3,2,f,t,f,f,13.41066311,52.56157618
113571,4,6,15,3,3,2,f,t,f,f,13.28381053,52.50746389
113569,9,9,15,4,3,3,f,t,f,f,13.5112177,52.42842525
113568,3,11,17,4,3,2,f,t,f,f,13.43618711,52.5877466
113567,3,8,15,6,3,0,t,f,f,f,13.44502944,52.54554481
113564,9,7,10,2,3,3,f,t,f,t,13.50636974,52.45899462
113563,9,10,15,5,3,5,f,t,f,f,13.49309137,52.46782518
113562,1,12,9,4,3,2,f,t,f,f,13.42003195,52.5255635
113561,1,5,12,7,3,2,f,t,f,f,13.36970082,52.50819564
113558,12,1,14,4,3,2,f,t,f,f,13.30756472,52.55583871
113554,2,6,19,3,3,3,f,t,f,f,13.46004059,52.51511989
113550,7,5,17,4,3,5,t,t,f,f,13.39438007,52.42617526
113549,6,8,20,3,2,5,f,t,f,f,13.27144105,52.43825917
113547,2,9,7,7,3,0,t,f,f,f,13.45289057,52.51368767
113545,1,3,12,2,3,4,t,f,f,f,13.37158471,52.50975703
113542,3,6,7,1,3,5,t,t,f,f,13.43693611,52.53971807
113540,2,9,15,5,2,5,f,t,f,f,13.38911875,52.49806758
113539,4,11,17,5,3,2,f,t,f,f,13.28268642,52.52856753
113538,4,8,12,5,3,3,f,t,f,f,13.32310896,52.51251936
113533,4,10,10,3,3,2,f,t,f,f,13.2813173,52.50989473
113532,10,12,9,5,3,2,f,t,f,f,13.57621942,52.50530324
113529,12,2,10,3,3,5,f,t,f,f,13.35902712,52.57340351
113525,2,6,15,5,3,5,t,t,f,f,13.46013094,52.51511089
113521,4,5,14,5,3,2,f,t,f,f,13.22665767,52.50705193
113520,2,8,15,5,3,5,f,t,f,f,13.38875758,52.49764635
113513,12,7,8,4,3,3,f,t,f,f,13.30302646,52.55108656
113511,12,10,10,3,3,0,f,t,f,f,13.31054869,52.56266535
113510,7,11,19,5,2,2,f,t,f,f,13.34763591,52.47608466
113509,1,9,0,6,3,0,t,t,f,f,13.41675606,52.52207519
113506,4,4,15,7,3,2,f,t,f,f,13.28391383,52.49633726
113503,7,3,18,7,3,5,f,t,f,f,13.35694852,52.48689687
113502,5,10,8,2,3,3,f,t,f,f,13.18604051,52.5152386
113501,4,12,17,4,3,0,f,f,f,t,13.29877824,52.53435461
113500,1,9,13,5,3,2,f,t,f,t,13.40958575,52.51708669
113498,9,2,14,1,3,3,f,t,f,f,13.45866036,52.49256807
113494,3,6,14,7,3,6,f,t,t,f,13.43399234,52.53589799
113490,7,5,11,2,3,5,f,t,f,t,13.38456464,52.45274925
113489,4,8,14,2,3,2,f,t,f,f,13.28134328,52.52268011
113485,4,7,18,5,3,5,t,t,f,f,13.30514625,52.51139924
113483,1,10,10,2,3,0,t,t,f,f,13.4188092,52.52444696
113482,3,11,7,4,3,5,t,t,f,f,13.43886066,52.54137468
113480,12,6,21,7,2,4,f,t,f,t,13.30191213,52.5495409
113477,9,1,22,2,3,5,f,t,f,f,13.45774553,52.49180222
113474,6,4,21,2,3,2,f,t,f,f,13.224512,52.45977913
113473,3,6,16,2,3,5,t,t,f,f,13.41232135,52.5410828
113471,7,11,13,3,3,3,f,t,f,f,13.40673386,52.46186414
113469,12,5,13,1,3,2,f,t,f,f,13.28633006,52.59350965
113468,3,8,6,2,2,5,t,t,f,f,13.43350037,52.53677288
113467,7,9,16,2,2,0,f,t,f,f,13.38398102,52.45760902
113463,12,3,19,2,3,5,f,t,f,f,13.31291158,52.62231691
113460,2,7,15,6,3,5,t,t,f,f,13.45313073,52.50100077
113458,11,9,15,7,3,2,f,t,f,f,13.47717245,52.51354176
113457,2,11,9,2,2,6,f,t,t,t,13.47018606,52.51424536
113456,7,8,0,3,3,5,t,t,f,f,13.35764355,52.48739605
113451,5,7,17,2,3,0,t,t,f,f,13.21218701,52.50996967
113450,10,10,14,4,3,2,f,t,f,f,13.55679001,52.50879953
113449,4,12,17,6,3,2,f,t,f,f,13.29681082,52.54253448
113448,3,5,10,1,2,2,f,t,f,t,13.39851261,52.57079523
113445,1,1,16,5,3,5,t,t,f,f,13.41967617,52.52525178
113441,6,6,18,2,2,0,t,t,f,f,13.26354332,52.43523492
113437,4,5,15,2,3,2,f,t,f,f,13.32586829,52.47794012
113436,1,8,22,1,3,5,f,t,f,f,13.37039194,52.53989305
113434,7,9,18,3,3,2,f,t,f,f,13.37824833,52.47007864
113433,7,3,10,7,3,3,f,t,f,f,13.34133752,52.4787996
113429,10,7,10,3,3,2,f,t,f,f,13.54845873,52.55110928
113427,3,9,8,5,3,1,f,f,f,t,13.4123784,52.54178747
113426,12,11,6,3,3,2,f,t,f,f,13.24877556,52.62245957
113425,1,8,6,1,3,8,f,t,f,f,13.36310508,52.53574212
113422,2,4,16,5,3,0,t,f,f,f,13.45121132,52.50894867
113419,12,3,7,6,3,3,f,t,f,f,13.27509239,52.60280518
113418,1,10,22,3,3,5,t,t,f,f,13.4195291,52.5251186
113417,4,12,16,5,3,2,f,t,f,f,13.28000178,52.50150681
113416,12,9,5,6,2,0,f,f,f,t,13.32170467,52.56119986
113414,7,2,14,2,3,3,f,t,f,f,13.41546446,52.46074937
113410,3,6,17,7,2,5,f,t,f,f,13.44797853,52.54688491
113407,1,7,16,3,3,6,f,t,t,f,13.41950444,52.52509562
113406,7,10,20,5,2,2,f,t,f,f,13.36667903,52.47241173
113405,9,12,9,4,3,5,t,t,f,f,13.46153402,52.49477566
113404,7,5,13,2,2,3,f,t,f,f,13.38562362,52.46407379
113401,2,1,22,4,2,5,f,t,f,f,13.44752824,52.52627563
113397,3,6,6,5,3,0,t,f,f,f,13.43394135,52.53715545
113393,4,5,13,7,3,2,f,t,f,f,13.27075375,52.50926341
113392,7,8,19,7,3,2,f,t,f,t,13.3619366,52.41358431
113390,2,9,0,7,2,0,f,f,f,f,13.45344256,52.51677701
113388,4,3,20,4,2,6,f,t,t,f,13.29916927,52.51119685
113385,7,7,9,6,2,2,f,t,f,f,13.345845,52.47771838
113383,4,9,17,4,3,2,f,t,f,f,13.30170751,52.48666489
113382,2,11,13,6,3,5,f,t,f,f,13.45421359,52.51585522
113381,12,8,13,7,3,2,f,t,f,f,13.30547751,52.57116401
113378,3,4,13,2,2,6,t,f,t,f,13.40170824,52.5889365
113375,10,3,14,6,3,5,t,t,f,f,13.55033169,52.5092976
113374,1,10,2,1,3,0,f,f,f,f,13.41659323,52.52246218
113373,3,12,7,6,2,6,f,t,t,f,13.42689962,52.54352638
113371,7,1,1,7,3,8,f,t,f,f,13.33732658,52.46677293
113367,4,6,7,4,3,2,f,t,f,f,13.28091525,52.49918777
113363,2,5,16,4,3,0,f,f,t,f,13.37442508,52.50262866
113362,1,5,1,1,3,9,f,f,f,t,13.36522376,52.55826072
113361,7,8,8,6,3,0,f,t,f,f,13.38413438,52.45523812
113354,2,7,18,5,3,5,t,t,f,f,13.45377552,52.51572367
113352,9,10,13,2,3,2,f,f,f,t,13.45876475,52.49264553
113351,1,11,9,4,3,6,t,f,t,f,13.40214388,52.51873448
113350,7,9,16,7,3,2,f,t,f,f,13.38444642,52.45340137
113348,7,6,15,7,3,3,f,t,f,t,13.38585069,52.47413749
113346,10,4,15,4,3,2,f,t,f,f,13.55450478,52.55780647
113343,3,3,19,3,3,1,t,t,f,f,13.41415195,52.55273676
113342,1,10,15,3,3,2,f,t,f,t,13.36978437,52.51570709
113341,3,12,9,2,3,6,t,f,t,f,13.40289427,52.58077441
113340,10,9,6,5,3,3,f,t,f,t,13.53688945,52.53066751
113337,7,2,22,2,3,9,f,t,f,f,13.35576999,52.47360425
113334,4,6,14,6,3,3,f,t,f,f,13.28241994,52.51013262
113331,1,5,19,3,3,1,f,t,f,f,13.36763951,52.53114827
113330,1,8,19,7,3,5,t,t,f,f,13.4195291,52.5251186
113326,3,7,14,7,3,2,f,t,f,f,13.39035452,52.61874378
113324,10,10,13,5,2,2,f,t,f,f,13.62444851,52.5038752
113323,7,11,13,7,3,9,t,f,f,f,13.39712079,52.42199285
113321,3,4,18,6,3,0,t,f,f,f,13.46132437,52.55054347
113318,7,1,15,5,3,2,f,t,f,f,13.38407735,52.45434721
113315,2,4,9,4,3,5,t,t,f,f,13.45372859,52.51597206
113314,7,6,13,1,3,2,f,t,f,f,13.35494352,52.47845001
113311,4,12,21,6,3,5,f,t,f,f,13.28176101,52.51008943
113310,4,5,8,3,2,3,f,t,f,f,13.29669328,52.49032101
113309,12,8,18,3,3,5,t,t,f,f,13.34765478,52.57449483
113307,3,9,14,4,3,5,t,t,f,f,13.44453002,52.54530935
113304,2,3,12,5,3,5,t,f,f,f,13.45372496,52.51598248
113301,2,6,17,3,3,5,t,t,f,f,13.38863989,52.49816417
113299,3,9,20,5,3,5,f,t,f,f,13.41197309,52.54113044
113298,12,11,10,3,3,1,t,t,f,f,13.36427468,52.56331184
113297,2,8,1,5,3,0,f,f,f,f,13.45197832,52.51165079
113292,3,7,9,5,3,3,t,f,f,f,13.41224868,52.54403738
113291,1,10,12,7,3,5,t,t,f,f,13.41266818,52.51924861
113290,6,12,12,3,3,2,f,t,f,f,13.31026631,52.45169554
113287,7,1,17,2,3,2,f,t,f,f,13.33487171,52.47820856
113283,6,6,12,6,3,5,f,t,f,f,13.27133843,52.43841561
113279,3,5,14,2,2,2,f,t,f,t,13.42779791,52.56194375
113278,7,6,8,5,2,5,t,f,f,f,13.35898642,52.48886804
113277,4,8,16,7,3,5,t,t,f,f,13.28924145,52.51039198
113274,1,3,19,3,3,1,t,t,f,f,13.36513953,52.50244574
113270,4,7,19,3,3,2,t,t,f,f,13.28160576,52.50991347
113268,3,9,17,4,3,0,t,f,f,f,13.41243543,52.54248093
113267,4,11,18,6,3,2,f,t,f,f,13.25873312,52.50855118
113266,7,8,11,5,3,0,f,t,f,f,13.38568117,52.44659164
113263,1,4,15,6,3,2,f,t,f,f,13.36592221,52.5557484
113260,7,3,16,1,3,2,f,t,f,f,13.37768377,52.43354712
113259,3,10,19,3,1,6,f,f,t,t,13.42474751,52.52888193
113258,7,12,16,6,3,2,f,t,f,f,13.36522865,52.47291048
113257,4,9,19,6,3,5,t,t,f,f,13.31247391,52.51187502
113255,1,2,19,2,3,2,f,t,f,f,13.39912141,52.51098813
113251,4,6,12,6,3,2,f,t,f,f,13.28373756,52.49657024
113246,7,5,16,4,2,6,f,t,t,f,13.41468696,52.38055966
113245,6,8,18,3,3,2,t,f,f,f,13.09225121,52.41348064
113241,7,7,17,6,3,9,f,t,f,f,13.35696989,52.47374908
113238,4,7,14,7,3,2,f,t,f,f,13.28450337,52.49572161
113236,1,10,17,7,3,6,f,t,t,f,13.37332187,52.50915428
113235,11,11,18,5,2,2,f,t,f,f,13.50697293,52.51061375
113233,4,9,21,1,3,3,f,t,f,f,13.33731675,52.47858399
113230,3,4,15,3,3,3,f,t,f,t,13.46082282,52.55043258
113227,6,4,14,6,2,3,t,f,t,f,13.17396998,52.42041973
113226,10,7,9,2,3,5,f,t,f,f,13.55958596,52.56365442
113224,1,10,6,7,3,5,f,t,f,f,13.36809596,52.50584514
113223,7,12,7,3,3,3,f,t,f,t,13.37100939,52.47094133
113222,2,5,17,3,3,6,f,f,t,f,13.47079728,52.51403618
113221,1,5,22,2,3,3,t,f,f,f,13.42210603,52.52019045
113220,4,8,14,1,3,3,f,t,f,f,13.26689556,52.50903465
113219,3,9,13,3,2,7,f,t,f,f,13.48693494,52.62461856
113216,3,3,17,2,2,3,f,t,f,t,13.41231563,52.54101101
113213,7,6,9,2,3,6,f,t,t,f,13.40631007,52.40490337
113211,12,9,13,4,3,5,t,t,f,f,13.31548831,52.61799731
113210,1,5,11,2,3,5,f,t,f,f,13.36525615,52.55809275
113209,7,8,22,3,3,2,f,t,f,f,13.3821163,52.43931241
113205,5,7,19,3,3,0,f,t,f,f,13.17909154,52.51664897
113203,3,10,17,5,2,3,f,t,f,f,13.4922943,52.62296377
113202,7,11,6,2,3,2,f,t,f,f,13.38590636,52.47660913
113200,10,5,18,7,3,3,f,t,f,f,13.55803233,52.5625531
113198,7,5,12,6,2,5,t,t,f,f,13.38810386,52.43763258
113197,2,8,7,6,3,1,t,t,f,f,13.46749993,52.51451457
113193,4,7,7,3,3,5,t,t,f,f,13.31096437,52.51177621
113189,2,7,12,4,3,0,t,f,f,f,13.45419077,52.51592891
113187,1,10,15,6,3,5,f,t,f,f,13.36549997,52.5579787
113186,7,11,8,2,3,5,t,t,f,f,13.34856685,52.48186492
113185,3,9,17,6,2,0,t,t,f,f,13.42611723,52.53041375
113182,6,4,15,2,3,5,f,t,f,f,13.27138455,52.43843054
113179,4,4,14,3,2,2,f,t,f,f,13.32424518,52.47794933
113178,7,10,12,6,3,2,f,t,f,f,13.3904606,52.4337292
113177,3,12,14,6,3,2,f,t,f,f,13.43220305,52.58390112
113176,3,7,9,7,3,0,t,f,f,f,13.43961985,52.54201952
113173,7,2,10,4,3,3,t,f,f,f,13.38528595,52.46314167
113170,1,6,13,1,3,0,t,f,f,f,13.34014808,52.51375576
113167,3,4,13,6,3,2,f,t,f,t,13.41365474,52.55782837
113166,2,8,13,4,3,1,t,t,f,f,13.44899768,52.50566662
113162,7,7,14,3,3,2,f,t,f,f,13.34856365,52.48186261
113160,12,10,22,3,3,2,f,t,f,f,13.35930883,52.57330942
113159,3,11,20,1,3,6,f,t,t,f,13.40137077,52.58050742
113157,7,5,20,1,3,5,t,t,f,f,13.3619437,52.41361158
113154,4,1,18,5,3,3,f,t,f,f,13.29380086,52.49224237
113151,4,4,18,1,3,2,f,t,f,f,13.28121525,52.49879995
113150,7,6,10,4,3,5,f,t,f,t,13.38436011,52.45273506
113147,1,12,0,2,3,5,f,t,f,f,13.40905623,52.51709999
113146,9,5,6,3,3,3,t,f,f,f,13.46058015,52.4937432
113145,6,8,23,6,2,5,f,t,f,f,13.27136365,52.43842377
113143,6,9,12,1,3,3,f,t,f,t,13.22455228,52.459811
113141,4,3,8,4,3,2,f,t,f,f,13.28476784,52.51554954
113138,4,6,17,4,3,2,f,t,f,f,13.23112791,52.50683694
113136,4,9,14,7,3,2,f,t,f,f,13.29752152,52.48990066
113135,1,11,17,4,3,0,t,f,f,f,13.40679496,52.52113597
113134,3,8,14,3,2,5,t,f,f,f,13.43518945,52.5350279
113129,2,7,6,6,3,0,t,f,f,f,13.47264887,52.51384948
113128,5,10,16,3,3,8,f,t,f,f,13.12489731,52.47831905
113127,4,12,0,3,2,6,f,t,t,f,13.26815157,52.50911157
113124,7,1,14,6,3,2,f,t,f,f,13.35857324,52.47404722
113120,6,6,13,4,3,2,f,t,f,f,13.31433699,52.4530922
113116,7,5,18,1,3,5,t,t,f,f,13.34830826,52.48176423
113115,1,6,9,5,3,6,f,t,t,f,13.36736733,52.55139221
113114,5,8,13,5,2,3,f,t,f,t,13.18041294,52.51637724
113108,9,7,12,7,3,3,f,t,f,t,13.46177768,52.48889537
113106,3,10,10,7,3,5,f,t,f,t,13.43326821,52.53623803
113105,7,11,7,4,3,2,f,t,f,f,13.3621048,52.47416052
113104,4,9,15,1,3,2,f,t,f,f,13.26600349,52.49334934
113101,3,4,22,5,3,5,f,t,f,f,13.43900179,52.54109443
113098,12,3,8,6,3,2,f,t,f,f,13.34483044,52.58167935
113097,4,10,16,5,3,2,f,t,f,f,13.30331784,52.48546557
113096,7,12,18,1,3,5,t,t,f,f,13.3881263,52.43756938
113095,1,9,18,2,2,5,t,t,f,f,13.36525796,52.55808336
113093,7,2,18,3,3,5,f,t,f,f,13.37780424,52.43380024
113089,2,6,18,4,2,5,t,t,f,f,13.37489397,52.50236276
113084,2,5,18,1,2,6,t,f,t,f,13.43603821,52.51754575
113083,3,8,19,1,2,0,t,f,f,f,13.41470803,52.55560285
113079,7,7,18,5,3,2,f,t,f,f,13.35393124,52.47917616
113076,1,7,11,2,3,0,f,f,t,f,13.40425714,52.51962565
113074,7,10,22,5,3,6,f,t,t,f,13.34859472,52.48188504
113073,3,11,6,6,3,5,t,t,f,f,13.44509524,52.54557471
113071,7,9,15,6,3,2,f,t,f,f,13.35569191,52.47774042
113068,12,4,14,3,3,1,t,t,f,f,13.36469252,52.56104147
113065,12,4,10,7,3,2,f,t,f,f,13.359273,52.57332622
113064,1,7,16,4,3,0,f,t,f,f,13.38789245,52.51023574
113062,4,10,6,3,3,0,f,t,f,f,13.28135028,52.52335903
113061,7,12,18,1,2,1,f,t,f,f,13.40207639,52.41262964
113060,12,8,13,5,3,0,t,t,t,f,13.3644164,52.56372719
113059,1,9,13,3,3,2,f,t,f,f,13.34306653,52.51395557
113055,2,2,15,6,3,3,f,t,f,f,13.44794141,52.52632917
113052,7,6,17,2,3,2,f,t,f,f,13.38448218,52.45320409
113050,3,9,11,1,3,5,t,t,f,f,13.42540722,52.52979472
113049,9,8,13,2,3,0,t,f,f,f,13.45783575,52.49174982
113046,4,7,15,7,3,5,f,t,f,f,13.32672526,52.5128492
113044,10,10,21,3,3,5,f,t,f,f,13.56035141,52.56223359
113043,4,12,11,1,3,2,f,t,f,f,13.24164505,52.50749081
113042,3,5,17,6,3,0,f,t,f,f,13.42438826,52.53925468
113038,6,1,22,5,2,2,f,t,f,f,13.19600239,52.42217919
113034,1,6,17,3,3,5,t,f,f,f,13.40473005,52.51986457
113031,4,12,11,4,3,2,f,t,f,t,13.24161538,52.50748898
113030,7,6,9,4,3,0,f,t,f,f,13.38395122,52.45508274
113029,1,8,21,1,3,5,f,t,f,f,13.36861705,52.50624374
113027,3,9,10,4,3,0,f,t,f,f,13.39816281,52.5710709
113025,10,3,17,7,3,5,t,t,f,f,13.55344813,52.50934436
113022,11,6,0,3,3,0,t,f,f,f,13.4941338,52.51182414
113020,10,9,11,3,3,0,f,f,f,t,13.53724885,52.52792806
113019,12,11,9,2,3,2,f,t,f,f,13.34763953,52.5743324
113018,9,8,8,2,3,3,f,t,f,f,13.47625827,52.47937032
113013,4,10,14,7,3,2,f,t,f,f,13.28297733,52.52865704
113012,9,12,9,2,3,2,f,t,f,f,13.46373911,52.45102311
113009,10,1,10,6,3,2,f,t,f,f,13.56014963,52.56199024
113005,10,6,14,7,3,0,f,f,f,t,13.53861696,52.50996248
113001,3,5,16,4,3,2,f,t,f,t,13.38440289,52.6268782
113000,6,8,9,6,3,2,f,t,f,f,13.33493974,52.46500016
112994,6,1,4,6,3,2,f,f,f,f,13.19986157,52.44002289
112990,1,6,22,7,3,0,f,f,f,f,13.40904581,52.51663677
112986,4,5,11,6,3,2,f,t,f,f,13.30085034,52.4872979
112985,7,6,13,4,3,5,t,f,f,f,13.4067866,52.39470471
112984,3,8,18,7,3,5,t,t,f,f,13.41459975,52.55633651
112982,7,9,7,3,3,3,f,t,f,f,13.39478206,52.46724443
112980,3,3,10,7,3,2,f,t,f,f,13.45778945,52.54971304
112977,7,6,16,4,3,6,f,f,t,f,13.34857302,52.48186937
112975,12,9,11,5,3,5,f,t,f,f,13.31643074,52.61404688
112974,4,11,18,2,3,2,f,t,f,f,13.22696238,52.50699081
112973,3,8,15,3,2,5,f,t,f,f,13.39880458,52.57240403
112969,4,7,13,6,3,2,f,t,f,f,13.29889074,52.54580249
112968,2,10,8,6,3,0,t,f,f,f,13.45251064,52.51851523
112967,7,12,16,2,3,2,f,t,f,f,13.39104501,52.4320533
112964,12,1,11,3,3,2,f,t,f,f,13.36046159,52.57101438
112960,2,6,17,7,3,3,f,t,f,f,13.38931269,52.49729386
112956,9,5,9,2,3,5,t,t,f,f,13.4794532,52.48452337
112955,2,6,19,5,2,3,t,f,f,f,13.45658095,52.51562574
112954,9,8,11,4,3,5,t,t,f,f,13.4592055,52.49296398
112947,11,7,12,3,3,2,f,t,f,f,13.50424715,52.51067161
112945,3,10,11,7,3,6,t,f,t,f,13.4282017,52.53221811
112944,1,11,1,3,2,0,f,f,f,f,13.40488154,52.5199411
112943,4,9,8,2,3,5,t,t,f,f,13.31799815,52.51243158
112940,9,4,11,4,3,6,f,t,t,f,13.48679928,52.47205733
112937,9,3,10,6,3,3,f,t,f,f,13.49536144,52.43503462
112936,10,10,3,1,2,3,t,t,f,f,13.55114624,52.50924548
112935,7,12,8,5,3,4,f,t,f,f,13.36193199,52.41374962
112934,12,9,6,5,3,5,t,t,f,f,13.3646427,52.56131114
112932,5,2,15,3,3,3,f,t,f,f,13.19977045,52.51246761
112928,1,6,9,6,3,4,t,f,f,f,13.38018039,52.50975036
112924,2,5,14,4,3,5,t,t,f,f,13.38585196,52.48602693
112923,4,8,18,2,3,5,t,t,f,f,13.31931106,52.51251826
112918,1,7,18,5,2,0,t,f,f,f,13.4042545,52.51310743
112916,4,10,16,6,3,2,f,t,f,f,13.32787176,52.47781328
112915,2,11,17,4,3,2,f,t,f,f,13.45275949,52.51234702
112913,3,9,15,6,3,5,t,t,f,f,13.40250718,52.59217441
112910,10,4,16,5,2,5,t,t,f,f,13.60628349,52.50495339
112907,6,4,15,3,3,5,t,t,f,f,13.15259252,52.41873762
112906,7,6,6,4,3,1,f,t,f,t,13.40611695,52.40585892
112904,4,11,17,5,3,2,f,t,f,f,13.31652971,52.47882739
112902,4,5,11,2,3,3,f,t,f,f,13.28329378,52.52911368
112901,10,8,10,1,3,2,f,t,f,f,13.59128738,52.50508499
112900,3,9,14,4,3,3,f,f,f,t,13.40331111,52.56937667
112896,7,2,10,1,3,5,f,t,f,f,13.40823972,52.38843483
112893,10,6,13,5,3,2,f,t,f,f,13.59900059,52.50501696
112891,4,9,13,6,2,3,f,t,f,t,13.28160831,52.50523245
112890,3,10,19,1,3,0,f,t,f,t,13.43358734,52.53609203
112889,3,8,18,7,3,5,t,t,f,f,13.4186307,52.53996076
112885,4,7,15,3,3,2,f,t,f,f,13.25762484,52.50847879
112884,7,10,14,2,2,1,t,f,f,f,13.35177042,52.48406667
112883,2,12,10,4,3,0,t,f,f,f,13.46541998,52.51457719
112882,7,5,8,7,3,6,f,t,t,f,13.385635,52.44598692
112879,8,1,17,2,3,3,f,t,f,f,13.44254228,52.46301784
112875,7,6,12,7,3,2,f,t,f,f,13.35906515,52.48926167
112871,12,5,18,6,3,3,t,t,f,f,13.33257128,52.59762041
112870,4,6,17,5,3,5,f,t,f,t,13.29730464,52.51088422
112869,7,8,19,6,3,1,f,t,f,f,13.36393564,52.41422752
112867,2,9,16,2,3,0,t,f,f,f,13.45096667,52.52189925
112865,2,3,9,6,3,3,f,t,f,f,13.38704204,52.49191876
112862,2,6,18,4,3,2,f,t,f,f,13.45388297,52.5168064
112860,4,9,15,2,3,2,f,t,f,f,13.32706268,52.4778169
112859,3,11,14,5,3,1,f,t,f,f,13.40384409,52.56889757
112858,2,9,12,4,3,5,t,t,f,f,13.38924901,52.4975501
112855,7,4,20,2,3,5,t,t,f,f,13.37830805,52.43484948
112852,12,10,16,3,3,2,f,t,f,f,13.32403838,52.60765938
112851,4,12,18,6,3,2,f,t,f,f,13.31131251,52.51199106
112848,9,2,22,3,1,8,f,t,f,f,13.46802652,52.48469146
112844,3,6,20,3,3,2,f,t,f,t,13.41618436,52.5403421
112840,10,5,12,6,3,2,f,t,f,f,13.59888545,52.50487782
112839,12,8,17,4,3,5,t,t,f,f,13.30176325,52.64297452
112832,5,7,9,7,2,5,f,t,f,f,13.191045,52.51423682
112830,3,10,16,6,3,5,t,t,f,f,13.42900767,52.57343634
112829,9,11,21,5,3,6,f,t,t,f,13.4784038,52.48400585
112828,12,9,15,5,3,2,f,t,f,f,13.33263831,52.59755348
112825,7,4,17,5,3,3,f,t,f,f,13.38516513,52.44850798
112822,12,3,13,3,3,3,f,t,f,t,13.32495108,52.60663763
112821,1,10,22,2,2,3,t,t,f,f,13.40800511,52.51577057
112820,7,12,10,4,3,3,f,t,f,f,13.38888826,52.43646749
112819,7,5,15,2,3,6,f,t,t,f,13.38578959,52.47091091
112818,5,9,15,5,1,5,f,t,f,t,13.15838734,52.50202459
112816,2,2,11,5,3,2,f,t,f,t,13.46525795,52.5145927
112813,7,6,9,1,3,5,t,f,f,t,13.38590022,52.47620466
112810,4,5,11,5,3,2,f,t,f,f,13.29072357,52.49375598
112809,7,8,15,7,3,2,f,t,f,t,13.39558814,52.42408883
112805,11,7,16,5,3,5,f,t,f,t,13.49420979,52.51165172
112803,12,10,15,5,3,5,f,t,f,t,13.31254366,52.62354013
112802,4,11,17,5,3,2,f,t,f,f,13.29487141,52.49145759
112798,2,1,6,1,3,8,t,f,f,f,13.44731622,52.50329643
112795,4,4,13,7,3,2,f,t,f,f,13.22732089,52.5069189
112794,4,6,13,1,3,5,t,t,f,f,13.28164774,52.50991619
112789,4,7,20,7,3,3,f,t,f,f,13.28267066,52.52854017
112787,7,10,7,3,2,2,f,t,f,f,13.35764538,52.47401282
112786,3,11,9,6,3,2,f,t,f,f,13.43271208,52.5361755
112785,7,9,16,6,3,2,f,t,f,f,13.38810149,52.43763926
112782,1,4,20,5,3,5,t,t,f,f,13.40855283,52.51622723
112779,7,3,14,5,3,2,f,t,f,f,13.37073656,52.47085474
112778,7,10,18,3,3,0,f,t,f,f,13.34990636,52.48272336
112777,1,12,16,1,3,5,f,t,f,f,13.37201659,52.5051321
112776,4,9,14,3,3,0,f,t,f,f,13.28948738,52.53331565
112774,7,2,12,2,3,4,f,t,f,f,13.37099303,52.42278671
112770,4,6,16,5,3,2,f,t,f,f,13.2906186,52.53309673
112766,1,5,18,4,3,0,t,t,f,f,13.41994934,52.52495889
112765,7,8,17,4,3,5,f,t,f,t,13.36203519,52.41374229
112761,1,7,13,5,3,5,t,f,f,f,13.41239386,52.51908037
112759,2,10,19,5,3,5,f,t,f,t,13.42831257,52.518929
112758,12,11,16,1,3,5,f,t,f,f,13.35903137,52.57340237
112754,3,4,14,5,3,1,f,t,f,f,13.41393292,52.55167622
112751,2,3,10,4,3,5,f,t,f,f,13.44780241,52.50245183
112750,4,6,15,4,3,6,f,t,t,f,13.29718326,52.51106526
112748,7,11,16,6,3,5,f,t,f,f,13.39110656,52.43194311
112746,6,5,14,4,2,2,f,f,f,t,13.27055314,52.43793943
112745,1,8,6,1,3,5,f,t,f,f,13.40901544,52.51706461
112744,3,9,15,4,3,5,f,t,f,f,13.40279116,52.59317197
112740,12,2,14,5,3,2,f,t,f,f,13.31534281,52.61298209
112737,9,6,16,7,3,2,f,t,f,f,13.51553888,52.4527076
112735,7,9,5,1,2,1,f,t,f,f,13.38578094,52.48086841
112734,2,11,0,7,3,6,f,f,t,f,13.44862415,52.50506882
112733,7,8,18,3,3,2,f,t,f,f,13.38681357,52.4413304
112728,12,7,19,2,3,3,f,t,f,f,13.33287849,52.59643436
112727,1,10,15,6,3,5,f,t,f,f,13.37057247,52.53997479
112726,2,11,17,3,3,5,t,t,f,f,13.46005519,52.51511844
112725,3,5,19,2,3,5,t,t,f,f,13.43266909,52.53618964
112722,7,1,15,3,3,2,f,t,f,f,13.35506211,52.47818526
112718,3,6,23,1,3,5,f,t,f,t,13.41238118,52.54099572
112714,3,5,16,6,2,2,f,f,f,t,13.43081005,52.53680286
112713,10,6,16,5,3,2,f,t,f,t,13.57545546,52.50518842
112712,3,8,18,1,2,5,f,t,f,f,13.39899157,52.57344078
112710,7,9,14,6,3,2,t,t,f,f,13.38860118,52.43638784
112709,9,3,13,6,2,2,f,t,f,f,13.4980823,52.46452364
112706,2,7,20,3,3,0,t,f,f,f,13.45419186,52.51592553
112704,9,9,0,4,3,5,t,f,f,f,13.45790523,52.49177837
112703,7,11,9,5,3,2,f,t,f,f,13.37645733,52.43094156
112702,3,8,16,2,3,2,f,t,f,f,13.41380945,52.54076003
112699,5,4,12,2,3,5,t,t,f,f,13.12628297,52.478571
112696,7,3,10,7,3,3,f,t,f,f,13.41416709,52.38151593
112695,1,10,4,1,3,0,t,f,f,f,13.34294534,52.51408331
112694,7,12,21,3,3,3,t,t,f,f,13.36173144,52.49710691
112693,1,9,20,6,3,2,f,t,f,f,13.36485473,52.50211651
112691,8,2,12,4,3,0,f,f,f,f,13.45061969,52.46366187
112687,2,6,9,5,3,0,t,f,f,f,13.42864886,52.51816057
112683,2,5,12,5,1,3,t,f,f,f,13.46606641,52.51465848
112682,7,8,6,4,3,1,f,t,f,f,13.39081485,52.43246494
112678,1,7,17,6,2,6,f,t,t,f,13.34305996,52.51395511
112674,3,7,12,6,3,0,t,f,f,f,13.42345838,52.52812226
112672,7,10,19,3,3,3,f,t,f,f,13.38638916,52.44305573
112671,3,11,20,3,3,3,f,t,f,f,13.44789755,52.54706378
112670,6,9,18,5,2,8,f,t,f,f,13.21306931,52.42715711
112667,4,4,15,7,3,5,t,f,f,f,13.24984365,52.50799966
112664,3,4,15,6,2,5,f,t,f,f,13.44489539,52.54548341
112663,7,10,20,3,3,2,f,t,f,f,13.38599291,52.48049173
112662,4,12,7,6,3,3,f,t,f,f,13.28215135,52.49783108
112661,4,8,13,2,2,0,f,f,f,t,13.28272412,52.52823738
112658,7,2,9,4,3,2,f,t,f,f,13.34838482,52.48173303
112655,1,6,13,3,3,2,f,t,f,t,13.4067335,52.51470582
112652,1,5,9,3,3,2,f,t,f,f,13.40153138,52.5114355
112651,4,8,13,2,3,6,t,f,t,f,13.31209963,52.5120425
112647,2,7,6,4,3,3,f,t,f,f,13.38062451,52.49923671
112645,3,10,17,5,3,3,t,f,f,f,13.42533456,52.53896051
112644,4,11,17,5,3,3,f,t,f,f,13.28087877,52.49954267
112642,4,5,15,1,3,2,f,t,f,f,13.25002692,52.50801096
112639,2,1,12,4,3,3,f,t,f,f,13.38846794,52.4938736
112636,7,4,1,1,3,5,f,t,f,f,13.38761144,52.4389981
112635,10,6,17,4,3,5,t,t,f,f,13.62072288,52.50419424
112631,12,5,11,3,3,2,f,t,f,f,13.36482456,52.56155023
112630,8,8,14,6,3,2,f,t,f,f,13.45576256,52.46176499
112628,7,9,16,6,3,0,f,t,f,f,13.38348592,52.46962055
112626,7,3,12,4,2,6,f,f,t,f,13.38590447,52.44539838
112623,3,7,20,6,2,0,t,t,f,f,13.41429792,52.55582286
112621,3,9,14,4,3,3,f,t,f,f,13.4908827,52.62318045
112620,6,11,8,2,3,5,f,t,f,f,13.20231835,52.42307542
112619,1,8,1,1,3,2,t,t,f,f,13.41859718,52.52375814
112614,1,7,14,7,3,5,t,t,f,f,13.3647686,52.50201693
112613,2,10,19,4,3,5,t,t,f,f,13.38039635,52.49926826
112612,7,12,8,6,3,0,f,f,f,t,13.33863494,52.4785543
112609,7,1,11,3,3,5,f,t,f,f,13.40690173,52.39264089
112605,7,6,16,6,3,2,f,t,f,f,13.36497445,52.47302675
112601,1,5,10,3,3,5,f,t,f,f,13.37210078,52.50510688
112600,12,6,12,6,3,2,f,t,f,f,13.34147364,52.5860729
112599,4,8,14,4,3,2,f,t,f,f,13.3006028,52.48748071
112593,9,7,6,2,2,2,t,f,f,f,13.45778571,52.49163438
112591,1,10,12,6,1,5,t,f,f,f,13.36995823,52.5419561
112590,4,11,7,5,3,3,f,t,f,f,13.28499402,52.51061356
112589,10,12,17,4,2,6,f,t,t,f,13.53689003,52.53197917
112588,12,5,15,1,3,5,f,t,f,f,13.34765205,52.5744516
112587,3,8,16,3,3,5,t,t,f,f,13.43970075,52.54169143
112586,3,9,10,5,3,4,t,f,f,f,13.41249553,52.5449713
112582,1,2,6,3,3,5,t,f,f,f,13.41677418,52.52209133
112579,6,6,17,1,2,1,f,t,f,t,13.10182059,52.4138131
112577,3,9,19,4,3,5,t,t,f,f,13.43307235,52.53604088
112576,2,11,9,3,3,2,f,t,f,f,13.45419019,52.51559552
112575,6,8,16,4,3,4,f,t,f,f,13.30888289,52.45118132
112570,7,7,22,3,3,5,f,t,f,f,13.38551458,52.47010245
112569,1,10,8,7,3,2,f,t,f,f,13.41608736,52.52213158
112568,3,12,16,2,3,5,t,t,f,f,13.42399761,52.52824209
112567,7,5,11,2,3,5,t,f,f,f,13.37588873,52.4297301
112563,4,1,11,5,3,5,f,t,f,f,13.29058684,52.4938056
112559,7,6,6,5,3,2,f,t,f,f,13.39538029,52.46714396
112555,4,5,20,2,3,3,f,t,f,f,13.27362675,52.49954795
112554,12,8,15,6,3,3,f,t,f,f,13.30201808,52.54967053
112552,11,9,5,4,2,3,f,t,f,t,13.48790172,52.51245096
112551,3,3,16,3,3,5,f,f,f,t,13.4295279,52.53295488
112547,12,7,15,6,3,2,f,t,f,f,13.32374253,52.60789923
112545,4,9,10,3,3,0,f,f,f,t,13.29040958,52.510466
112544,9,11,17,4,3,4,t,f,f,f,13.50208552,52.46188089
112543,4,8,16,6,3,2,f,t,f,f,13.28116817,52.49886081
112540,10,4,12,4,3,2,f,t,f,f,13.5506928,52.5094333
112537,6,3,14,4,3,3,f,t,f,f,13.19905864,52.43938145
112536,3,10,18,4,3,5,t,f,f,f,13.4333657,52.53619821
112535,1,12,20,7,3,2,f,t,f,f,13.36979314,52.51582761
112534,7,9,21,6,3,0,f,t,f,f,13.38561985,52.44606572
112532,7,2,9,4,3,2,f,t,f,f,13.38737777,52.46989725
112528,6,6,8,5,3,5,f,t,f,f,13.26941275,52.43762649
112524,2,5,17,1,3,2,f,t,f,f,13.44830319,52.51630742
112523,11,5,15,6,3,5,t,t,f,f,13.48409826,52.51270284
112522,4,8,7,6,3,2,t,f,f,f,13.26128174,52.50868732
112518,12,7,15,3,3,1,f,t,f,f,13.3638869,52.5648213
112514,3,7,17,7,3,0,t,f,f,f,13.41464372,52.55603072
112512,7,10,7,2,3,6,f,t,t,f,13.41676802,52.37781775
112511,7,11,19,2,3,0,f,t,f,f,13.3854368,52.46387574
112509,11,9,16,6,3,5,f,t,f,t,13.47704369,52.5134077
112506,3,4,11,2,3,2,f,t,f,f,13.42421394,52.53929287
112503,4,3,11,3,3,5,t,t,f,f,13.30750651,52.51174515
112502,4,7,14,5,3,6,f,t,f,f,13.2972564,52.48991496
112500,6,10,14,7,3,6,t,f,t,f,13.14366982,52.41783854
112499,6,12,19,7,3,0,f,t,f,t,13.30298862,52.44922442
112498,1,8,19,4,3,2,t,t,f,f,13.41236702,52.51906316
112495,1,3,15,3,3,5,t,f,f,t,13.36528315,52.5579551
112492,9,6,16,2,3,4,t,f,f,f,13.46200846,52.49516525
112490,7,9,14,5,3,5,f,t,f,f,13.40629986,52.39756716
112489,10,5,16,3,3,5,t,t,f,f,13.60627606,52.50495344
112488,1,8,16,3,3,1,f,t,f,t,13.41716039,52.52296623
112484,2,7,9,3,3,2,t,f,f,f,13.42764091,52.51891399
112482,7,10,14,4,3,5,t,t,f,f,13.3845895,52.45261618
112481,7,11,8,2,3,5,t,t,f,f,13.38578456,52.48102936
112479,2,5,14,7,3,0,f,t,f,t,13.44927101,52.52371401
112476,4,1,14,3,3,2,f,t,f,f,13.28422365,52.50944497
112472,12,4,17,1,3,3,f,t,f,f,13.30537096,52.57229285
112471,7,6,11,4,3,2,f,t,f,f,13.35873943,52.40840138
112467,2,5,15,5,3,5,f,t,f,f,13.45423284,52.51577096
112466,2,8,17,6,2,5,t,f,f,f,13.46009558,52.51511441
112464,1,9,19,3,3,2,f,t,f,f,13.41678806,52.5221037
112462,4,3,18,3,3,6,t,f,t,f,13.30531876,52.51159989
112459,6,6,2,1,3,1,f,t,f,f,13.21333065,52.42700483
112457,10,9,13,2,3,0,t,f,f,f,13.60981503,52.50479562
112456,9,11,14,4,3,6,f,f,t,t,13.46078691,52.49390335
112455,1,8,7,3,3,0,t,f,f,f,13.41984516,52.52540686
112451,2,7,13,7,2,5,f,t,f,f,13.45423481,52.51569931
112450,12,10,8,3,3,5,t,t,f,f,13.30178657,52.64295191
112449,2,12,21,4,2,6,f,t,t,f,13.46735914,52.51452867
112446,10,1,4,3,3,5,f,t,f,f,13.55830687,52.56291161
112442,3,6,1,1,3,0,f,f,f,f,13.4386214,52.54077026
112438,7,5,10,4,3,2,f,t,f,f,13.34934188,52.47520154
112437,4,8,16,7,3,0,f,t,f,f,13.24435547,52.47550757
112431,4,7,15,7,3,6,t,f,t,f,13.297513,52.51089788
112429,12,10,7,7,3,9,f,t,f,f,13.33233188,52.59853235
112428,7,11,16,5,3,6,f,t,t,f,13.38501819,52.45024897
112427,5,9,15,7,3,2,f,t,f,f,13.18174917,52.51610233
112424,1,4,13,5,3,5,f,f,f,t,13.40465139,52.51317304
112421,7,3,14,4,3,2,f,t,f,f,13.37107945,52.47078981
112420,3,10,10,6,3,0,f,t,f,f,13.42891996,52.54869279
112419,6,12,17,1,3,5,t,t,f,f,13.15509963,52.41900278
112418,10,9,7,3,3,2,f,t,f,f,13.55135659,52.50939248
112416,11,2,14,7,3,2,f,t,f,f,13.48496596,52.51274845
112412,3,6,17,6,3,2,f,t,f,f,13.43512908,52.58658314
112407,4,5,18,2,2,2,f,t,f,f,13.28558502,52.49468594
112406,6,8,15,7,2,4,f,t,f,f,13.09743214,52.41333744
112402,2,7,17,3,2,8,t,f,f,f,13.45419302,52.51592195
112399,10,7,8,2,3,0,t,t,f,f,13.54094269,52.5420696
112397,3,10,14,3,3,2,f,t,f,f,13.43015188,52.58249872
112396,1,11,15,4,2,6,f,f,t,f,13.36800827,52.50571215
112394,4,9,16,2,3,2,f,t,f,f,13.26709419,52.49421147
112391,2,4,9,3,3,5,f,t,f,f,13.47090462,52.5141723
112388,3,4,20,7,2,5,f,t,f,f,13.44463587,52.54535949
112387,9,7,15,2,3,2,f,t,f,t,13.46062598,52.49377817
112385,1,10,19,3,3,5,t,t,f,f,13.38643488,52.51014752
112384,7,12,17,3,3,5,f,t,f,f,13.38880606,52.43602515
112383,9,8,19,5,2,0,f,t,f,f,13.51727452,52.42781936
112382,4,9,19,4,2,5,f,t,f,t,13.30482131,52.51156637
112381,1,8,1,2,3,5,f,t,f,f,13.36807116,52.5058056
112378,4,4,17,3,3,2,f,t,f,f,13.32682689,52.47781795
112375,1,3,16,4,2,2,t,t,f,f,13.41638443,52.5220044
112374,3,10,7,4,3,5,t,t,f,f,13.43333697,52.53621198
112373,7,12,18,4,3,5,t,t,f,f,13.3998665,52.41653768
112372,12,9,11,5,3,2,t,t,f,f,13.36441284,52.56374593
112370,9,2,10,2,3,2,f,t,f,f,13.47946399,52.48451132
112366,1,6,23,3,2,5,f,t,f,f,13.36549774,52.55798965
112361,3,5,17,3,3,2,f,t,f,f,13.39825764,52.57795758
112360,11,5,16,6,3,2,f,t,f,t,13.49359909,52.51170268
112359,2,8,13,3,2,5,t,f,f,f,13.38926464,52.49748722
112355,3,7,19,1,3,3,f,t,f,t,13.42459511,52.54007139
112352,8,7,17,7,2,3,f,t,f,t,13.4499626,52.46358216
112350,7,10,15,6,3,6,f,f,t,f,13.38578959,52.47091105
112349,3,11,7,5,3,6,f,f,t,f,13.40344257,52.56939465
112347,9,9,12,6,3,3,f,t,f,f,13.4615116,52.45402889
112344,7,4,18,4,2,3,f,t,f,f,13.35790957,52.40735224
112341,12,3,5,2,3,5,t,t,f,f,13.36375388,52.56507286
112340,4,7,9,6,3,5,t,t,f,f,13.31461473,52.51201553
112338,1,10,19,5,3,0,t,t,f,f,13.36748994,52.53130006
112337,9,12,9,4,2,8,f,f,f,f,13.51724609,52.42792832
112336,1,8,14,4,3,4,t,f,f,f,13.37844483,52.50963289
112335,4,9,20,5,3,5,f,t,f,f,13.29733671,52.51088638
112332,3,2,23,6,3,1,t,t,f,f,13.42576078,52.52974645
112329,1,6,16,3,3,3,t,t,f,f,13.41289934,52.51967456
112327,10,9,16,5,3,5,t,t,f,f,13.53967385,52.51002362
112326,9,8,14,6,3,2,f,t,f,f,13.49208411,52.46871875
112322,12,7,17,4,3,5,t,f,f,f,13.34678763,52.57914807
112320,1,10,10,7,3,2,f,t,f,f,13.40518136,52.52032375
112319,2,11,23,3,3,6,t,f,t,f,13.44870076,52.50519356
112318,1,5,6,2,3,5,f,t,f,t,13.36525426,52.55810256
112315,12,1,19,6,3,5,f,t,f,t,13.33943047,52.58872396
112311,6,6,10,1,3,2,f,t,f,f,13.22556247,52.46061029
112308,2,12,20,1,3,5,f,t,f,f,13.46017461,52.51525051
112307,2,8,10,6,3,2,f,t,f,f,13.37703297,52.50180879
112305,2,9,18,3,3,3,t,f,f,f,13.46186659,52.51493809
112303,7,3,7,5,3,0,f,t,f,f,13.40664841,52.4620104
112300,1,6,19,1,3,5,t,t,f,f,13.36743985,52.55154931
112298,10,9,16,5,3,0,t,f,f,f,13.61342046,52.50489449
112297,7,11,8,2,3,5,f,t,f,t,13.39394585,52.42698259
112296,1,8,21,1,2,5,f,t,f,f,13.36671813,52.53208332
112291,1,7,10,5,3,5,t,t,f,f,13.36803323,52.50574924
112290,4,10,9,3,3,6,t,f,t,f,13.32318352,52.51255082
112289,7,12,11,6,3,2,f,t,f,f,13.35596193,52.47351786
112286,3,1,16,5,2,0,t,f,f,f,13.40309669,52.59478823
112282,9,6,14,2,3,5,t,t,f,f,13.46348555,52.48774795
112278,7,5,12,3,3,5,f,t,f,f,13.35663987,52.47366254
112277,2,8,17,4,3,3,t,f,f,t,13.45702176,52.51542343
112270,12,7,8,4,3,5,t,f,f,f,13.32391544,52.60776805
112268,4,10,15,2,3,5,f,t,f,f,13.29735383,52.51088753
112267,3,11,7,2,2,0,t,f,f,f,13.41346392,52.54908973
112266,12,9,17,4,3,5,t,t,f,f,13.36441303,52.56374493
112263,1,4,9,2,3,3,t,f,f,f,13.41970598,52.52475044
112260,3,3,17,3,3,2,f,t,f,f,13.41196655,52.54104049
112259,1,10,14,5,3,5,f,t,f,f,13.36971904,52.51582368
112258,10,12,18,5,3,9,f,t,f,f,13.53779005,52.52597584
112257,1,9,11,7,3,5,t,f,f,f,13.40483908,52.52015145
112255,10,2,17,5,3,1,f,t,f,f,13.56269645,52.50822028
112251,2,6,3,7,3,0,f,f,f,f,13.45213803,52.51093307
112247,10,5,17,4,3,5,t,t,f,f,13.61662401,52.50474033
112246,4,8,12,2,3,5,t,t,f,f,13.30748639,52.51174414
112241,7,7,12,2,3,2,f,t,f,f,13.37791564,52.47009272
112239,7,10,13,1,2,2,f,t,f,f,13.37750425,52.43316969
112238,7,11,17,4,3,2,f,t,f,f,13.36512274,52.47295892
112236,4,9,10,3,3,3,f,t,f,t,13.28380968,52.50746264
112233,1,4,12,3,3,2,f,t,f,f,13.36846485,52.50650666
112230,10,4,13,4,3,5,f,t,f,f,13.5581744,52.56275196
112229,4,6,12,2,3,6,t,f,t,f,13.29388922,52.51085172
112227,4,10,18,1,3,0,f,f,f,t,13.22864122,52.50674067
112225,3,6,15,3,3,5,t,t,f,f,13.39898821,52.57343045
112224,2,8,10,3,3,2,f,t,f,t,13.44809096,52.52610829
112223,9,9,6,4,3,5,t,t,f,f,13.47944987,52.4845046
112219,6,2,11,3,2,2,f,t,f,f,13.1969956,52.41648102
112216,4,6,8,5,3,2,f,t,f,f,13.33649249,52.47839438
112214,7,9,13,4,2,2,f,f,f,t,13.35908686,52.48897854
112213,2,10,10,1,3,5,f,t,f,f,13.45422929,52.51568645
112212,2,8,15,4,3,5,t,f,f,f,13.45370173,52.51604902
112207,1,7,17,1,3,0,f,f,f,t,13.37005341,52.53971626
112206,7,10,15,5,3,6,f,t,t,f,13.3855131,52.44662081
112205,3,12,21,1,2,9,f,t,f,f,13.39843348,52.5769232
112204,10,5,13,2,3,2,f,t,f,t,13.561709,52.50867757
112201,2,1,13,3,3,2,f,t,f,f,13.37730832,52.50150103
112197,7,6,11,5,3,5,t,f,f,f,13.37711181,52.43233722
112193,6,5,10,7,3,2,f,t,f,f,13.21465133,52.42752039
112192,10,6,6,5,2,5,f,f,f,t,13.53690265,52.53015604
112191,2,8,8,5,3,5,f,t,f,f,13.45375262,52.51589701
112189,4,9,14,3,3,2,f,t,f,f,13.30653019,52.48017738
112187,7,3,15,1,3,2,f,t,f,f,13.41958744,52.461058
112184,10,7,20,6,3,5,t,t,f,f,13.60629112,52.50495334
112182,9,9,19,4,3,5,t,t,f,f,13.45904954,52.49285035
112181,5,11,17,6,2,4,f,t,f,f,13.16402825,52.5057667
112180,2,8,10,3,2,3,t,f,f,f,13.38900556,52.49484111
112177,4,4,17,1,3,6,f,t,t,f,13.29724781,52.51088039
112174,4,3,16,4,3,6,f,t,t,f,13.29634478,52.51100814
111541,4,1,1,6,3,9,f,t,f,f,13.28949592,52.49381321
110370,3,1,20,1,3,3,f,t,f,f,13.42309463,52.52753402
109998,7,1,14,7,3,2,f,t,f,f,13.35925879,52.47436651
109753,12,1,14,2,3,5,f,t,f,f,13.31286818,52.6224611
