accident_id,district_code,accident_month,accident_hour,accident_weekday,accident_category_code,accident_type_code,involves_bicycle,involves_pedestrian,longitude,latitude
219248,7,12,19,7,3,6,f,t,13.39209027,52.43995086
219237,2,12,7,2,3,6,f,t,13.38345801,52.49378526
219230,7,12,10,3,3,6,f,t,13.34496711,52.49113688
219229,7,12,19,4,3,6,f,t,13.34076867,52.49993372
219226,7,12,18,5,3,6,f,t,13.3283651,52.46621546
219225,6,12,7,5,3,6,f,t,13.26178321,52.4417447
219221,4,12,18,4,3,5,t,f,13.30791309,52.48845278
219217,4,12,17,7,3,6,f,t,13.33266585,52.5063255
219215,9,12,11,2,2,6,f,t,13.55057965,52.42904384
219214,1,12,9,2,3,0,t,f,13.37669957,52.50827479
219213,3,12,18,2,3,6,f,t,13.4384967,52.5524347
219206,10,12,16,2,2,6,f,t,13.59823297,52.52839961
219195,4,12,17,2,3,6,f,t,13.3333858,52.48598039
219193,5,12,18,4,3,5,t,f,13.17922829,52.54864203
219190,1,12,12,6,3,1,t,f,13.40872126,52.52639286
219189,3,12,17,5,2,5,t,f,13.44403463,52.53383903
219188,7,12,18,3,3,5,t,f,13.32854151,52.46490792
219180,5,12,16,3,3,0,t,f,13.20053294,52.53665496
219178,9,12,17,3,3,6,f,t,13.53851982,52.42013462
219175,3,12,14,5,2,6,t,t,13.47948842,52.55588825
219172,1,11,20,3,2,6,f,t,13.34525341,52.53918465
219170,8,12,11,3,3,6,f,t,13.4416576,52.46964673
219169,11,12,16,2,3,5,t,f,13.4865488,52.5520336
219167,11,12,12,5,3,1,t,f,13.5301684,52.49432263
219163,6,11,15,3,3,5,t,f,13.33468927,52.41726546
219162,10,12,5,2,3,6,f,t,13.5516257,52.5543062
219161,2,12,16,2,3,6,f,t,13.42870657,52.49394608
219152,8,12,7,4,2,6,f,t,13.44818781,52.47762415
219151,9,12,18,2,3,2,t,f,13.54559048,52.43699986
219148,1,12,15,5,3,0,t,f,13.3876178,52.53337631
219140,2,12,9,4,3,6,f,t,13.38240017,52.5043678
219137,6,12,14,5,3,6,f,t,13.26676539,52.41211822
219136,12,12,11,7,3,6,f,t,13.29463366,52.57612526
219130,11,12,8,6,2,2,t,f,13.4961473,52.50021673
219129,11,12,16,2,3,6,f,t,13.48593464,52.5209323
219128,1,12,14,6,3,2,t,f,13.38720431,52.52653176
219125,11,12,18,6,3,6,f,t,13.47827589,52.53097938
219121,11,12,16,2,3,6,t,t,13.48328963,52.50047683
219120,1,12,9,1,3,6,f,t,13.35034674,52.53239077
219111,12,12,17,6,3,0,f,t,13.35592679,52.59819378
219110,3,12,16,6,3,5,t,f,13.43649048,52.54846501
219109,9,12,13,7,3,6,f,t,13.57406078,52.45686124
219107,4,12,14,2,3,6,f,t,13.27028079,52.51078164
219105,1,12,12,4,3,5,t,f,13.3413303,52.50519316
219099,2,12,5,2,2,6,f,t,13.42221822,52.50048862
219097,2,12,19,4,3,5,t,f,13.46440441,52.50991559
219094,2,12,14,5,3,1,t,f,13.38428038,52.4958187
219093,2,12,7,5,3,5,t,f,13.4077683,52.48889641
219088,7,12,13,3,3,2,t,f,13.36349874,52.47828799
219086,1,12,14,7,3,2,t,f,13.35770887,52.50115514
219082,1,12,16,6,2,6,f,t,13.35607778,52.55532798
219078,1,12,17,3,3,1,t,f,13.36139663,52.50012696
219069,3,12,8,2,3,6,f,t,13.43401815,52.54983167
219068,9,12,21,1,3,5,t,f,13.48138962,52.46080819
219067,1,11,7,3,3,6,f,t,13.34486166,52.53913834
219066,2,12,17,2,3,0,t,f,13.43294346,52.51806404
219064,11,12,16,5,3,5,t,f,13.47440847,52.50448
219062,1,12,19,7,3,6,f,t,13.386403,52.55864843
219055,12,12,21,5,3,6,f,t,13.36053212,52.5968058
219054,8,12,10,6,3,6,f,t,13.42115794,52.49554755
219052,2,12,13,5,3,5,t,f,13.4587347,52.52048014
219050,4,12,16,5,3,6,f,t,13.33427807,52.49859044
219047,1,12,14,1,3,2,t,f,13.3935253,52.51233654
219046,4,12,20,4,2,6,f,t,13.3308363,52.48601886
219045,10,12,15,5,3,6,f,t,13.584013,52.52420984
219044,8,12,10,3,3,6,f,t,13.48995252,52.42013961
219042,1,12,7,5,2,6,f,t,13.33403436,52.52354894
219041,3,12,19,5,3,1,t,f,13.42349506,52.54316133
219036,6,12,19,4,3,6,f,t,13.27780476,52.43192471
219033,10,12,13,6,3,5,t,f,13.55827873,52.55399136
219031,9,12,23,7,3,0,f,t,13.54274072,52.42387048
219029,4,12,16,2,3,5,t,f,13.32314189,52.49109312
219026,2,12,21,5,3,5,t,f,13.42486148,52.50202525
219023,4,12,14,2,3,0,t,f,13.3206747,52.5018733
219021,7,12,18,4,3,1,t,f,13.37351766,52.45552642
219020,3,12,19,2,3,0,t,f,13.42028321,52.54841869
219018,8,12,17,3,3,6,f,t,13.44627095,52.47108579
219016,6,12,15,6,3,5,t,f,13.25779733,52.43461527
219011,1,12,12,7,3,6,t,t,13.35797064,52.51696876
219010,12,12,23,4,3,6,f,t,13.29953349,52.57918639
219008,11,12,18,5,3,6,f,t,13.47362914,52.53578324
219001,6,12,18,2,3,6,f,t,13.33942537,52.46027704
218997,9,12,15,2,3,5,t,f,13.6244641,52.45051063
218993,7,11,16,2,2,6,f,t,13.34802773,52.41483607
218991,4,12,11,3,3,5,t,f,13.32009451,52.47165101
218990,4,12,20,5,3,2,t,f,13.33479288,52.49941212
218986,2,12,8,2,3,0,t,f,13.44116839,52.51819032
218983,1,12,17,3,3,6,f,t,13.36986399,52.55985498
218976,1,12,15,3,3,5,t,f,13.40561863,52.51415956
218974,11,12,19,5,3,6,f,t,13.50485518,52.56339623
218967,11,12,12,4,3,5,t,f,13.50158734,52.54896429
218959,2,12,14,3,3,6,f,t,13.38802391,52.4929762
218957,11,12,14,5,2,6,f,t,13.50387385,52.56424175
218952,9,12,9,6,3,3,t,f,13.59604549,52.44376719
218950,8,12,17,7,3,6,t,t,13.43791625,52.44837392
218946,3,12,12,5,3,3,t,f,13.40665644,52.55406253
218940,6,12,14,2,3,5,t,f,13.14369614,52.39756849
218938,1,12,19,4,3,5,t,f,13.40314693,52.52899714
218930,4,12,14,4,3,1,t,f,13.27624817,52.51461338
218927,10,12,7,4,3,5,t,f,13.58568851,52.52912098
218922,11,12,6,4,2,6,f,t,13.51053177,52.56908191
218921,4,12,9,3,3,1,t,f,13.30832325,52.49636544
218920,1,12,13,2,3,5,t,f,13.35664123,52.53566567
218916,5,12,22,6,3,5,t,f,13.20544905,52.53950932
218913,9,12,20,2,3,0,t,f,13.57170627,52.4378023
218909,1,12,16,7,3,6,f,t,13.33321436,52.56091056
218907,8,12,14,5,3,5,t,f,13.43115172,52.48460068
218905,4,11,14,2,3,1,t,f,13.31783007,52.47389584
218902,3,12,15,1,3,1,t,f,13.47604856,52.54911976
218899,7,12,13,3,3,5,t,f,13.35763943,52.48668166
218896,5,12,18,6,3,6,f,t,13.19819687,52.53303395
218894,7,12,19,1,3,6,f,t,13.35030304,52.41440182
218893,1,11,22,3,3,6,f,t,13.38417318,52.55479786
218892,9,12,10,2,3,5,t,f,13.50270483,52.47009671
218890,12,12,8,5,3,6,f,t,13.36053001,52.5968209
218885,7,12,16,1,3,6,f,t,13.37259307,52.42180841
218882,1,12,8,5,3,1,t,f,13.38066213,52.53249437
218881,1,12,6,4,3,5,t,f,13.35158885,52.52702046
218876,1,12,16,6,3,6,f,t,13.35069439,52.53240497
218873,1,12,11,2,3,5,t,f,13.38149942,52.51509311
218872,10,12,16,4,3,6,f,t,13.59296027,52.51841804
218864,3,12,8,4,3,0,t,f,13.4186537,52.56880549
218863,1,12,20,7,3,6,f,t,13.34082403,52.52630305
218861,1,12,15,2,3,5,t,f,13.33412993,52.55724691
218859,1,12,15,7,3,0,t,f,13.4019915,52.52364536
218854,12,12,19,1,3,6,f,t,13.33627696,52.59554936
218853,2,12,16,4,3,5,t,f,13.38408398,52.49521875
218851,7,12,16,6,3,6,f,t,13.34570532,52.49424853
218850,10,12,18,3,2,6,f,t,13.57459431,52.55529761
218845,7,12,13,2,3,6,f,t,13.38059476,52.48341059
218843,5,12,13,2,3,6,f,t,13.18291028,52.54793771
218841,6,12,13,4,3,5,t,f,13.31558307,52.44330574
218839,1,12,12,4,3,5,t,f,13.4037139,52.50823998
218835,1,12,23,4,3,1,t,f,13.40061328,52.54107529
218834,6,12,15,7,3,6,f,t,13.32430681,52.46179723
218831,2,12,14,5,3,3,t,f,13.47224289,52.50826935
218826,9,12,13,3,2,6,t,t,13.53464084,52.45243946
218825,1,12,15,5,3,6,f,t,13.35894465,52.54634556
218824,6,12,16,6,3,6,f,t,13.32237021,52.45625263
218817,6,12,16,3,3,1,t,f,13.32177882,52.43347564
218813,5,12,10,5,3,5,t,f,13.12546826,52.45361618
218811,1,12,7,2,3,6,f,t,13.38168604,52.55235831
218802,3,12,10,3,1,3,t,f,13.42507767,52.5281482
218801,10,12,13,4,2,6,f,t,13.57964629,52.5673496
218795,5,12,22,6,2,6,f,t,13.16248451,52.52189405
218794,1,12,7,4,3,6,f,t,13.32825336,52.53292604
218791,5,12,12,3,3,6,f,t,13.18784882,52.53430259
218784,2,12,20,3,3,4,t,f,13.43259573,52.52381837
218782,2,12,13,6,2,0,t,f,13.42127491,52.49308586
218780,8,12,21,5,3,3,t,f,13.43637251,52.48345923
218774,1,12,8,5,3,6,f,t,13.42122764,52.50986843
218771,11,11,5,3,3,6,f,t,13.50342264,52.50971262
218760,2,12,20,4,3,5,t,f,13.4603846,52.50889675
218752,9,12,17,2,3,1,t,f,13.57783394,52.45680071
218751,3,12,17,3,3,5,t,f,13.44225232,52.54679393
218745,9,11,14,3,3,6,f,t,13.53407828,52.43141756
218734,7,12,17,4,3,6,f,t,13.40639647,52.39376273
218732,1,12,6,6,3,6,f,t,13.37944605,52.55610619
218729,4,11,16,2,3,6,f,t,13.3142922,52.50779892
218721,3,12,8,7,2,5,t,f,13.3940032,52.59163818
218720,11,11,5,3,3,6,f,t,13.52084779,52.56854309
218719,1,12,16,1,2,6,f,t,13.38883497,52.55011119
218718,10,12,19,2,3,6,f,t,13.58701779,52.52360471
218715,8,12,17,6,3,2,t,t,13.42959607,52.48135183
218711,5,12,17,5,3,6,f,t,13.19900173,52.53486787
218710,7,12,15,2,3,6,f,t,13.4158648,52.45940996
218708,1,12,21,4,3,6,f,t,13.38995614,52.55527181
218705,4,12,11,5,3,5,t,f,13.30223816,52.54789185
218704,1,12,19,5,3,5,t,f,13.39902001,52.53908174
218703,4,12,19,6,2,5,t,f,13.30056107,52.50315602
218697,1,12,20,5,3,5,t,f,13.39547438,52.52893898
218696,4,12,7,4,3,1,t,f,13.31378039,52.47642556
218694,1,12,18,5,3,3,t,f,13.37689139,52.51776014
218693,5,12,0,1,3,6,f,t,13.19960463,52.53445739
218691,7,11,20,2,3,6,f,t,13.38063723,52.48226185
218690,5,12,16,1,3,6,f,t,13.20387243,52.54515399
218688,1,12,21,1,3,6,f,t,13.38656389,52.52370593
218686,5,12,16,6,2,6,f,t,13.18049088,52.55292715
218685,4,12,14,3,3,6,f,t,13.28333287,52.51866735
218682,3,12,16,6,3,1,t,f,13.40898608,52.53512985
218680,4,12,9,2,3,0,t,f,13.29737556,52.51060047
218679,12,11,7,3,2,6,f,t,13.32495477,52.5886721
218678,6,12,19,2,3,6,f,t,13.26652813,52.43059086
218673,5,12,16,5,3,6,f,t,13.19816983,52.53282077
218670,8,12,8,1,3,5,t,f,13.44934237,52.47412765
218668,8,12,13,5,3,0,f,t,13.42141541,52.48036449
218666,6,11,8,3,2,5,t,f,13.29200511,52.45451395
218662,5,12,10,7,3,6,f,t,13.18554196,52.55157
218655,4,12,20,4,3,6,f,t,13.33024391,52.51324344
218652,6,12,12,5,2,5,t,f,13.27854121,52.42994806
218651,11,12,7,5,3,5,t,f,13.46779069,52.54633364
218649,12,12,13,6,3,6,f,t,13.28506416,52.57573195
218645,9,12,12,5,3,6,f,t,13.52447222,52.40603115
218644,7,12,7,3,3,1,t,f,13.40085093,52.38690776
218639,10,11,15,2,3,5,t,f,13.57440999,52.51311761
218638,4,12,9,2,3,6,f,t,13.32034547,52.48638491
218636,2,12,16,7,3,6,f,t,13.40910342,52.50179348
218631,6,12,7,5,2,5,t,f,13.22909101,52.42586787
218629,4,12,18,5,3,6,f,t,13.33171559,52.50547089
218628,6,12,14,1,2,5,t,f,13.27776985,52.43191556
218623,2,12,15,3,3,5,t,f,13.42295865,52.48684089
218618,10,12,12,3,3,5,t,f,13.59176221,52.54497586
218614,5,12,4,6,2,5,t,f,13.23259903,52.53942847
218613,8,12,10,6,3,1,t,f,13.44756486,52.47793213
218604,1,12,9,5,3,5,t,f,13.36967575,52.53491083
218598,6,12,16,4,3,6,f,t,13.36265897,52.43659251
218597,8,12,9,6,3,6,f,t,13.49620299,52.4157517
218595,1,12,19,6,3,5,t,f,13.39116386,52.55028939
218593,1,11,16,2,3,6,f,t,13.42382724,52.51662243
218590,11,12,10,2,2,6,f,t,13.46549424,52.53073876
218588,4,12,16,2,3,6,f,t,13.32936923,52.50346903
218584,9,12,11,5,2,6,f,t,13.58621993,52.42540688
218580,1,12,12,2,2,6,f,t,13.38070528,52.51662691
218578,4,12,16,3,2,6,f,t,13.33092654,52.50106998
218571,2,12,17,3,3,6,f,t,13.45704827,52.51634359
218569,9,12,16,5,3,9,f,t,13.57441949,52.44433931
218568,9,12,10,5,3,6,f,t,13.58009862,52.41642267
218566,8,11,6,2,3,5,t,f,13.42118011,52.4673739
218561,7,12,18,2,3,6,f,t,13.36800821,52.45965892
218558,5,11,7,3,2,6,f,t,13.1802995,52.49261987
218557,4,12,15,2,3,5,t,f,13.32030756,52.4843298
218556,3,12,16,2,3,5,t,f,13.39244,52.57252736
218552,2,12,20,4,3,5,t,f,13.43005877,52.50347222
218547,9,12,17,5,2,5,t,f,13.571845,52.43025279
218544,9,11,9,3,3,6,t,t,13.52566811,52.45885405
218536,2,12,18,5,3,5,t,f,13.44384546,52.50008567
218533,1,12,17,4,3,6,f,t,13.37326068,52.50856863
218530,1,12,7,5,3,0,t,f,13.37057085,52.54550672
218527,12,12,21,7,3,3,t,f,13.30960036,52.58387487
218521,1,12,8,4,3,5,t,f,13.35857368,52.55416487
218519,2,12,16,5,3,6,f,t,13.43532705,52.51471203
218518,1,12,4,7,3,3,t,f,13.39904874,52.53237996
218516,5,11,17,2,3,6,f,t,13.20961566,52.55154162
218509,12,12,16,6,2,6,f,t,13.32199917,52.56549173
218508,1,12,18,6,3,6,f,t,13.39817002,52.52705235
218506,1,12,15,1,3,6,f,t,13.3303259,52.52727814
218503,6,12,17,6,2,6,f,t,13.30229768,52.45724106
218501,7,12,16,5,2,6,f,t,13.3743894,52.42327908
218498,1,12,15,2,3,5,t,f,13.3498684,52.53598641
218495,6,12,15,3,3,6,f,t,13.32742995,52.42834256
218490,6,12,15,7,3,0,f,t,13.29400801,52.44824917
218487,6,12,8,3,3,5,t,f,13.31866902,52.45442049
218485,9,12,9,4,3,5,t,f,13.5428179,52.43598944
218481,2,12,8,5,3,0,t,f,13.41826684,52.49574194
218480,1,12,4,7,3,6,f,t,13.39058686,52.51484718
218478,12,11,16,2,2,6,f,t,13.35180821,52.57362826
218469,5,12,14,3,3,1,t,f,13.17736162,52.54730308
218465,8,12,13,6,3,5,t,f,13.43794513,52.48287124
218462,6,11,7,3,3,6,f,t,13.35597741,52.44887108
218458,2,12,13,5,3,5,t,f,13.38283137,52.50418125
218457,8,12,18,2,3,1,t,f,13.43000879,52.4697683
218452,9,12,11,1,3,6,f,t,13.47874948,52.45181122
218445,1,12,0,4,3,6,f,t,13.37725714,52.55363858
218442,6,12,6,2,3,4,t,f,13.33869228,52.46624791
218441,6,12,21,3,2,6,f,t,13.32505788,52.42805957
218430,4,12,11,5,3,5,t,f,13.27344992,52.49996881
218427,6,12,9,6,3,6,f,t,13.26481146,52.41926765
218424,7,12,18,7,3,6,f,t,13.37060939,52.47042042
218422,1,12,14,1,3,0,t,f,13.38358985,52.53013849
218420,2,12,16,7,2,5,t,f,13.39642275,52.49132395
218412,8,11,16,3,3,2,t,f,13.43998737,52.47769015
218411,3,12,11,3,3,0,t,f,13.41711296,52.53287417
218406,8,12,18,2,3,6,f,t,13.44800532,52.47788289
218401,1,12,7,6,3,0,t,f,13.38528932,52.52014868
218400,1,12,20,2,2,6,f,t,13.35906251,52.54655273
218399,8,12,10,4,3,5,t,f,13.4324246,52.47014968
218398,7,12,16,2,2,5,t,f,13.34628313,52.49607774
218395,1,12,17,6,3,5,t,f,13.38745344,52.53350142
218393,2,12,18,4,3,5,t,f,13.47259981,52.50866037
218390,7,12,19,1,3,6,f,t,13.340801,52.49931519
218388,12,12,9,4,3,5,t,f,13.28592983,52.59513228
218383,1,12,15,7,3,6,t,t,13.41305236,52.50858393
218381,4,12,17,3,3,5,t,f,13.30073375,52.50321002
218378,6,12,18,6,3,6,t,t,13.26110303,52.43632537
218374,1,12,16,1,3,5,t,f,13.34331093,52.52641805
218370,4,12,16,3,3,6,f,t,13.32693229,52.49878934
218366,12,12,14,5,3,6,f,t,13.34128582,52.60001443
218363,6,12,21,4,2,6,f,t,13.30957101,52.43124315
218362,6,12,16,3,3,5,t,f,13.32637385,52.42772768
218360,4,12,17,4,3,6,f,t,13.29612754,52.50865342
218355,4,12,15,3,3,0,t,f,13.33306479,52.49288181
218354,7,12,18,4,2,0,t,f,13.39721504,52.48387914
218350,2,12,14,5,2,6,f,t,13.40784989,52.50427249
218349,12,12,14,5,3,5,t,f,13.33485298,52.58706692
218347,4,11,19,2,3,6,f,t,13.28118044,52.4768698
218343,7,12,8,6,3,4,t,f,13.35453629,52.49718296
218340,4,12,17,2,2,6,f,t,13.28850749,52.51891763
218339,9,12,15,3,3,5,t,f,13.57552638,52.44550501
218338,4,12,17,3,3,3,t,f,13.31953099,52.49969897
218333,6,11,19,2,3,0,t,f,13.28896465,52.44375054
218329,5,12,15,2,3,6,f,t,13.1652329,52.52148094
218326,1,11,13,3,3,6,f,t,13.35626805,52.54898951
218324,2,12,17,2,3,6,f,t,13.42318123,52.48674198
218319,7,12,8,5,3,0,t,f,13.41670876,52.45518697
218309,1,12,16,6,3,6,f,t,13.39159082,52.55173775
218306,3,12,17,2,2,6,f,t,13.437668,52.57087055
218304,10,12,16,3,3,6,f,t,13.59272914,52.54844754
218299,3,11,17,3,2,5,t,f,13.39022253,52.58517742
218297,8,12,21,3,3,1,t,f,13.42970068,52.48636552
218289,3,12,10,4,2,0,t,f,13.3972856,52.57972658
218286,10,12,9,4,3,5,t,f,13.58740363,52.52262449
218277,11,12,6,3,3,5,t,f,13.51317761,52.50524061
218272,6,12,17,2,2,6,f,t,13.29929766,52.41236077
218271,4,12,15,2,3,6,f,t,13.31428247,52.49033399
218269,9,12,15,4,3,6,f,t,13.56770712,52.44061838
218267,1,12,13,4,3,1,t,f,13.32989113,52.52453981
218262,8,12,7,4,3,6,f,t,13.50180403,52.4180801
218261,6,12,11,3,3,6,f,t,13.30302488,52.42725425
218259,1,12,17,4,3,5,t,f,13.39114199,52.51454916
218258,11,12,17,5,3,6,f,t,13.50862698,52.56476865
218252,6,12,17,3,3,5,t,f,13.29857707,52.45764913
218250,11,12,9,4,2,6,f,t,13.51935885,52.47713538
218248,4,12,19,5,3,5,t,f,13.31411359,52.4721202
218247,7,12,20,7,3,6,f,t,13.35251798,52.49790241
218245,8,11,16,2,3,6,f,t,13.47663288,52.46253889
218243,6,12,9,4,3,6,f,t,13.29513047,52.44440102
218239,2,12,14,3,3,5,t,f,13.38937697,52.49596341
218233,11,11,16,3,3,5,t,f,13.47786412,52.51018936
218232,7,12,10,2,2,6,f,t,13.4043081,52.403946
218230,9,12,14,4,3,6,f,t,13.57985373,52.45924201
218224,9,12,18,4,3,6,f,t,13.57985063,52.459236
218222,3,12,6,4,2,2,t,f,13.39813671,52.56755109
218219,11,12,14,5,3,5,t,f,13.51965164,52.5058593
218212,5,12,7,4,3,5,t,f,13.1934463,52.54905891
218211,1,12,14,3,3,1,t,f,13.40491439,52.53408772
218208,6,12,18,5,3,1,t,f,13.32363504,52.46498199
218205,2,12,15,7,3,6,f,t,13.39434303,52.49120677
218202,1,12,17,2,3,6,t,t,13.37974976,52.52261416
218201,6,12,8,5,1,6,f,t,13.27390024,52.43569101
218198,4,12,12,5,3,5,t,f,13.31784132,52.48800935
218196,11,11,7,2,3,5,t,f,13.47975866,52.51621366
218195,4,12,19,7,3,6,f,t,13.32254572,52.48662087
218187,2,12,8,6,3,5,t,f,13.38902943,52.48978784
218180,1,12,16,7,2,6,f,t,13.35770343,52.52595087
218175,1,12,14,4,3,6,f,t,13.35069274,52.55803189
218167,3,12,17,5,3,5,t,f,13.43255313,52.55771837
218166,7,12,17,6,3,1,t,f,13.37685555,52.4620702
218165,10,12,14,6,3,6,t,t,13.60343529,52.54243405
218163,10,12,16,6,3,5,t,f,13.59899829,52.52825262
218162,11,12,5,4,3,5,t,f,13.52806849,52.55687855
218158,1,12,11,3,3,5,t,f,13.39885781,52.54247391
218157,1,12,9,7,2,6,f,t,13.3653438,52.55710505
218155,12,12,7,6,3,6,f,t,13.36067023,52.59692238
218149,8,10,14,7,3,5,t,f,13.45459483,52.47455955
218148,8,11,9,3,3,5,t,f,13.44258075,52.48040159
218147,3,11,18,5,3,5,t,f,13.41315591,52.54768283
218146,11,10,16,6,3,5,t,f,13.55596081,52.57028005
218143,8,10,21,3,3,6,f,t,13.42669492,52.48743613
218141,11,11,12,3,2,5,t,f,13.52708647,52.49214567
218140,4,10,8,4,3,6,f,t,13.31392035,52.46718252
218139,3,11,12,6,3,0,t,f,13.45904596,52.52929441
218137,9,11,10,4,3,1,t,f,13.59232889,52.46185771
218136,1,11,16,7,3,5,t,f,13.38479407,52.55074534
218131,7,11,17,6,3,3,t,f,13.33306642,52.46929333
218127,1,11,8,4,3,2,t,f,13.38533092,52.55031593
218126,4,10,19,4,3,1,t,f,13.31607743,52.50623803
218125,5,10,13,5,3,0,t,t,13.16022606,52.54857861
218123,11,11,9,2,3,5,t,f,13.52339093,52.50952456
218120,11,10,16,7,3,5,t,f,13.50582435,52.54650541
218117,10,11,17,2,3,6,f,t,13.59987684,52.47515514
218116,1,11,10,5,3,5,t,f,13.37643947,52.51009263
218109,1,10,16,6,3,6,f,t,13.39995388,52.52956532
218106,3,11,8,4,3,6,f,t,13.41159065,52.58228444
218103,5,10,6,4,3,5,t,f,13.2053531,52.54177811
218102,12,11,9,2,3,6,f,t,13.32831681,52.56544439
218101,4,10,11,3,3,0,t,f,13.30833082,52.50021352
218100,3,10,12,4,3,2,t,f,13.44370802,52.53954104
218099,8,11,16,7,3,5,t,f,13.43427703,52.46318898
218098,8,11,16,2,3,5,t,f,13.43815504,52.46707035
218094,9,10,10,7,2,6,f,t,13.56622931,52.44515095
218092,12,11,18,5,3,5,t,f,13.3066448,52.55522514
218088,7,10,16,2,2,7,t,f,13.35899668,52.49832157
218087,12,11,18,4,3,0,t,f,13.28384485,52.58297666
218086,4,11,18,3,3,6,f,t,13.30907791,52.51654154
218085,3,10,15,4,3,5,t,f,13.47800545,52.55568763
218082,2,11,13,2,3,0,t,f,13.46692237,52.52014127
218081,2,11,14,4,3,3,t,f,13.37567937,52.48503702
218080,4,11,9,3,3,5,t,f,13.32266058,52.48817396
218079,6,10,11,7,3,5,t,f,13.25291639,52.42585741
218076,12,11,7,2,3,5,t,f,13.35823008,52.56938718
218072,2,10,16,5,3,0,t,f,13.46715949,52.5079638
218071,5,11,14,6,2,6,f,t,13.27260029,52.53693046
218062,1,10,23,1,3,5,t,f,13.40007279,52.52882024
218059,4,11,19,2,3,0,t,f,13.30241225,52.50686257
218058,3,11,9,5,3,5,t,f,13.36872494,52.58798055
218056,8,10,7,3,2,5,t,f,13.48357462,52.43127338
218055,3,10,7,4,3,2,t,f,13.4120663,52.53111379
218054,5,11,17,7,3,6,f,t,13.20828984,52.56150633
218053,2,11,20,1,3,6,f,t,13.38226704,52.48997906
218052,4,10,19,5,3,1,t,f,13.30942772,52.51115016
218051,1,10,12,6,3,5,t,f,13.39496255,52.52804734
218050,8,10,9,4,3,1,t,f,13.4449174,52.45297464
218049,1,11,20,6,3,6,t,t,13.35908649,52.53404817
218048,7,11,17,3,3,2,t,f,13.35963683,52.41906254
218047,11,10,15,5,3,5,t,f,13.52546916,52.48155078
218044,3,10,9,6,3,5,t,f,13.43460346,52.54960693
218040,5,10,16,1,2,8,t,f,13.18203255,52.4823519
218038,10,10,11,2,2,6,f,t,13.59163099,52.50684848
218032,9,11,20,7,3,6,f,t,13.478569,52.4774961
218029,3,10,12,6,3,6,f,t,13.45637575,52.53024568
218025,6,11,8,4,3,0,t,f,13.30852417,52.4441729
218022,8,10,6,4,3,5,f,t,13.42117876,52.48020349
218021,1,10,10,3,2,5,t,f,13.40946721,52.52886778
218020,4,10,9,2,3,5,t,f,13.32552833,52.49806809
218019,12,11,16,2,3,5,t,f,13.31395729,52.57673185
218018,8,10,20,3,3,2,t,f,13.43846093,52.46720179
218011,4,11,17,4,3,6,f,t,13.28930439,52.50650463
218009,1,10,22,1,3,6,f,t,13.40362705,52.52565476
218006,9,11,19,4,2,5,t,f,13.62705147,52.44674347
218005,4,11,19,3,3,6,f,t,13.31302029,52.48027672
218004,2,10,16,5,3,5,t,f,13.39505167,52.50306522
218000,9,11,18,4,3,0,t,f,13.58803638,52.44543781
217999,3,11,18,2,3,5,t,f,13.41355387,52.5476486
217995,1,10,16,1,3,4,t,f,13.41831032,52.51683091
217991,5,10,11,5,1,6,f,t,13.26726524,52.53677704
217988,3,10,18,5,3,5,t,f,13.46114425,52.52974526
217987,1,10,18,4,3,1,t,f,13.40858975,52.52428863
217985,3,10,8,6,3,5,t,f,13.45781029,52.52903901
217983,6,11,17,5,3,6,f,t,13.34388691,52.43520243
217979,12,10,14,3,3,5,t,f,13.31139652,52.59304624
217977,5,11,15,2,3,6,f,t,13.1913532,52.53230585
217976,3,11,19,7,3,0,t,f,13.44029522,52.55603207
217975,4,11,8,2,3,5,t,f,13.33602753,52.51421852
217973,6,10,8,4,3,5,t,f,13.33740531,52.46259332
217971,3,11,14,1,3,1,t,f,13.43560483,52.54255903
217970,8,11,8,3,3,0,t,f,13.44203254,52.47391151
217969,12,11,13,7,3,1,t,f,13.36656166,52.56392208
217966,3,10,14,2,3,6,f,t,13.44227365,52.59104849
217965,3,10,23,6,3,1,t,f,13.4137951,52.5423837
217963,10,11,8,5,3,5,t,f,13.57350027,52.54652869
217962,9,10,14,6,3,5,t,f,13.48700389,52.46552381
217961,4,10,14,6,3,2,t,f,13.31205674,52.50632134
217960,5,10,16,3,2,5,t,f,13.19953227,52.53488008
217959,11,10,16,3,3,1,t,f,13.493281,52.54485322
217958,1,11,8,3,3,0,t,f,13.41574317,52.52669911
217957,8,10,21,4,3,6,f,t,13.43049149,52.46432957
217954,8,11,14,6,3,6,f,t,13.43922814,52.48037888
217953,10,11,21,7,3,6,f,t,13.51693025,52.53570218
217952,7,11,9,4,3,1,t,f,13.33873132,52.46743925
217948,12,11,7,5,3,6,f,t,13.37816924,52.56520394
217947,1,11,14,6,3,0,t,f,13.38493317,52.53230241
217943,6,10,12,2,3,5,t,f,13.23240479,52.43764858
217940,8,11,14,5,3,6,f,t,13.43015349,52.48142012
217938,2,10,18,3,3,6,t,t,13.46997986,52.50634014
217934,7,10,13,4,2,6,t,t,13.35972414,52.41890838
217932,4,11,15,4,3,5,t,f,13.31881632,52.51920785
217931,9,11,13,7,3,2,t,f,13.57123625,52.40151287
217930,3,10,11,7,2,1,t,f,13.40232939,52.56672751
217929,5,10,14,7,3,4,t,f,13.22798217,52.53792556
217928,4,11,19,5,3,1,t,f,13.30505126,52.49581389
217926,11,10,13,1,3,1,t,f,13.49093223,52.52655399
217925,3,10,16,4,3,5,t,f,13.37867873,52.57492395
217922,8,10,14,5,3,5,t,f,13.43554468,52.48069031
217919,7,11,10,6,3,6,f,t,13.34473315,52.46265523
217914,4,10,12,5,3,5,t,f,13.28013138,52.51976111
217913,11,10,6,2,3,5,t,f,13.51173038,52.51314073
217912,12,11,6,2,3,5,t,f,13.35875652,52.59682299
217910,2,11,11,7,2,5,t,f,13.39440272,52.50691914
217908,1,10,1,5,3,1,t,f,13.34866832,52.53498653
217906,2,10,20,5,3,5,t,f,13.41029524,52.50378415
217902,2,11,13,2,2,5,t,f,13.43752333,52.51105933
217900,2,11,22,4,3,1,t,f,13.46122677,52.50869461
217895,3,11,10,6,3,0,t,f,13.43434827,52.54970556
217894,11,11,14,2,3,6,f,t,13.51325201,52.56644973
217893,1,10,9,2,3,0,t,f,13.34240298,52.50589065
217890,7,11,14,7,3,6,f,t,13.37570229,52.41489587
217883,3,11,9,3,3,4,t,f,13.41884704,52.55115178
217882,3,11,12,5,3,5,t,f,13.42671293,52.56502994
217880,3,10,22,6,3,6,f,t,13.48687539,52.55646368
217878,1,10,8,4,3,5,t,f,13.34492472,52.53907704
217877,2,10,19,2,3,1,t,f,13.4523427,52.52491756
217875,1,10,6,4,3,6,f,t,13.39356313,52.54128315
217874,1,10,9,4,3,6,f,t,13.40959991,52.51952192
217873,5,11,17,6,2,6,f,t,13.17500298,52.52393129
217871,4,11,14,4,3,5,t,f,13.28503043,52.51872139
217870,11,11,1,1,3,0,t,f,13.47552167,52.50262243
217869,6,10,15,4,2,6,f,t,13.34346646,52.4349573
217868,10,10,16,2,3,5,t,f,13.58687057,52.51231843
217865,3,11,9,6,3,6,f,t,13.40951853,52.54735414
217863,1,10,12,4,3,5,t,f,13.379491,52.52340233
217862,4,11,16,5,3,6,f,t,13.28675244,52.53671815
217860,8,10,9,5,2,6,f,t,13.43548543,52.48088961
217859,9,10,6,5,2,6,t,t,13.44860032,52.48813053
217857,1,11,19,2,3,1,t,f,13.37273847,52.53840513
217856,4,11,17,5,3,6,f,t,13.3065373,52.52874877
217855,1,11,7,2,3,0,t,f,13.37668647,52.50840008
217854,11,10,17,7,3,5,t,f,13.5188032,52.50933317
217853,7,10,8,5,3,5,t,f,13.36343586,52.47862837
217851,4,11,17,2,3,6,f,t,13.3205333,52.4992207
217850,2,11,19,5,3,0,f,t,13.40223951,52.50381189
217848,1,10,10,3,3,6,f,t,13.40060993,52.53049905
217847,8,11,13,5,3,5,t,f,13.4368387,52.46516285
217846,10,10,19,5,2,6,f,t,13.56803984,52.54527309
217845,6,10,18,6,3,6,f,t,13.34560149,52.43618837
217843,2,10,20,6,3,5,t,f,13.43768295,52.50034193
217839,5,10,18,1,3,2,t,f,13.20795482,52.5576881
217838,1,11,8,4,3,5,t,f,13.37375783,52.52418594
217835,1,10,12,6,3,2,t,f,13.411013,52.52787424
217832,4,11,10,2,3,5,t,f,13.30155862,52.49450269
217831,9,10,17,7,3,0,t,f,13.5883239,52.41858218
217830,1,10,11,5,3,6,f,t,13.34320618,52.53202683
217828,9,11,10,2,2,6,f,t,13.4846966,52.46361854
217827,11,11,12,5,3,5,t,f,13.47143742,52.53549986
217822,1,10,8,6,3,1,t,f,13.33809646,52.51960817
217818,2,11,7,3,3,5,t,f,13.44189408,52.50126515
217817,11,11,6,6,1,6,f,t,13.48512573,52.5335046
217815,3,10,12,1,2,6,f,t,13.44160629,52.53227121
217814,3,10,16,5,3,0,t,f,13.41807035,52.54637038
217813,9,10,16,3,3,6,f,t,13.50243452,52.44374089
217811,3,11,20,2,2,6,f,t,13.46538812,52.55755225
217809,2,11,20,7,3,5,f,t,13.42209391,52.49298978
217808,12,11,12,1,2,5,t,f,13.33111867,52.59481643
217806,6,11,16,6,3,5,t,f,13.22978282,52.43076047
217805,8,10,11,6,3,1,t,f,13.43965167,52.48153529
217803,4,10,18,7,3,5,t,f,13.29522835,52.5068658
217801,10,11,18,5,3,6,f,t,13.52700336,52.51620061
217796,1,10,8,3,3,0,t,f,13.38512094,52.53113123
217795,2,11,17,5,3,3,t,f,13.40909382,52.50154896
217794,8,11,18,3,3,5,t,f,13.43794409,52.48809399
217793,5,10,7,4,3,5,t,f,13.17711955,52.52542344
217789,7,11,15,4,3,5,t,f,13.3615403,52.41241146
217780,3,10,18,5,3,6,f,t,13.40663536,52.56540543
217779,3,11,18,5,2,5,t,f,13.42698872,52.56433822
217777,4,10,14,5,3,5,t,f,13.31729591,52.51216606
217776,10,10,14,5,3,5,t,f,13.60555366,52.48780172
217775,3,10,15,5,3,2,t,f,13.45951335,52.64604121
217773,7,11,16,5,3,1,t,f,13.33529722,52.4737629
217769,11,10,7,3,3,6,f,t,13.47949415,52.52687124
217767,10,11,12,5,3,5,t,f,13.61992887,52.53953529
217765,1,10,8,2,3,6,t,t,13.34759624,52.50699081
217763,1,11,16,7,3,6,f,t,13.37774713,52.50786628
217762,6,10,18,5,3,6,f,t,13.29079102,52.44829785
217759,1,10,15,6,3,6,t,t,13.34670603,52.51942919
217757,4,11,7,6,3,1,t,f,13.30094947,52.50509562
217756,9,11,17,4,3,6,f,t,13.51352629,52.46256485
217755,4,10,0,6,3,0,t,f,13.33886339,52.50268646
217753,8,10,19,3,3,1,t,f,13.43834645,52.48267346
217751,4,10,7,3,3,1,t,f,13.31852361,52.49192894
217746,5,11,15,7,3,6,f,t,13.19545722,52.53338794
217745,1,10,9,7,3,5,t,f,13.38827762,52.52027791
217743,3,11,15,3,3,0,t,f,13.39940977,52.54643621
217741,4,10,20,7,3,0,t,f,13.2735327,52.54174174
217738,6,11,16,4,3,5,t,f,13.312288,52.43034985
217734,2,10,13,4,3,1,t,f,13.41747697,52.49056775
217733,7,11,10,2,3,6,f,t,13.38440213,52.48167226
217732,6,10,7,3,3,6,f,t,13.36199819,52.43465051
217731,12,11,4,7,2,1,t,f,13.25828718,52.56839333
217730,4,11,13,2,3,5,t,f,13.31729575,52.51216626
217728,8,11,8,6,3,2,t,f,13.49507671,52.42101
217725,11,11,10,3,3,0,t,f,13.50536912,52.53455646
217723,1,10,14,7,2,6,f,t,13.38203567,52.55292317
217722,10,10,15,6,3,6,f,t,13.60465709,52.53215762
217721,7,10,21,3,3,0,t,f,13.36149085,52.49780742
217720,9,10,6,3,2,6,f,t,13.55961057,52.43550581
217712,7,11,16,2,3,6,f,t,13.34519262,52.49037761
217711,3,10,10,7,3,0,t,f,13.41092805,52.56117488
217710,1,10,17,4,2,6,f,t,13.33412148,52.52438474
217709,6,10,17,2,3,0,t,f,13.23224473,52.43752978
217707,3,11,8,4,3,5,t,f,13.4598737,52.59353666
217702,1,11,9,4,3,5,t,f,13.35467776,52.5170378
217701,2,10,18,4,3,6,f,t,13.41534915,52.50313183
217697,1,11,19,5,2,6,f,t,13.39103733,52.5445628
217696,2,11,9,4,3,5,t,f,13.39438668,52.50701462
217695,2,10,5,7,2,1,t,f,13.40243485,52.49230361
217694,8,10,16,5,3,6,f,t,13.48868743,52.42672121
217693,6,10,9,3,3,0,t,f,13.35020817,52.43420167
217691,11,11,16,2,3,3,t,f,13.50525509,52.56303169
217686,2,11,17,2,3,6,f,t,13.37665252,52.48781982
217684,2,10,7,6,3,1,t,f,13.44701828,52.52077451
217683,1,10,16,2,3,6,t,t,13.38320282,52.55423838
217678,7,10,8,3,2,5,t,f,13.38541881,52.46712304
217676,1,10,10,2,3,1,t,f,13.41364978,52.50737212
217673,1,10,2,1,3,0,t,f,13.40445982,52.52332854
217663,1,11,8,4,3,5,t,f,13.36683149,52.55720856
217662,7,11,16,3,3,5,t,f,13.38271249,52.40435201
217658,10,11,7,2,3,5,t,f,13.64688936,52.52148421
217657,11,11,8,4,3,6,t,t,13.4930884,52.54441911
217652,9,11,7,2,2,6,f,t,13.53641478,52.41243222
217650,8,11,16,7,3,5,t,f,13.43985456,52.47939464
217649,3,10,11,2,3,2,t,f,13.41431752,52.55389755
217648,7,10,15,5,3,1,t,f,13.3450327,52.49577354
217647,2,11,17,6,3,6,t,t,13.383425,52.49337219
217645,4,10,10,5,3,1,t,f,13.2743807,52.51066249
217644,1,10,20,4,3,6,f,t,13.39893891,52.53253371
217641,7,11,11,3,3,0,t,f,13.35190339,52.49481148
217640,12,11,17,5,3,6,f,t,13.37759089,52.56465779
217638,12,10,23,1,2,1,t,f,13.37711955,52.57219016
217637,7,10,8,5,3,6,f,t,13.35369669,52.49992095
217636,1,10,14,3,3,5,t,f,13.39019445,52.50863689
217634,2,10,8,2,3,5,t,f,13.39838032,52.50705543
217633,8,11,15,6,3,5,t,f,13.42495357,52.48062893
217631,1,11,12,5,3,1,t,f,13.38740747,52.52542008
217629,7,10,11,7,3,6,t,t,13.37944503,52.40657925
217627,11,10,10,2,3,6,f,t,13.48548825,52.52328251
217626,8,10,11,1,3,2,t,f,13.42105586,52.46720957
217624,7,11,0,7,3,1,t,f,13.34333848,52.47309715
217623,1,10,8,2,3,1,t,f,13.37775623,52.50788184
217618,10,10,13,5,3,5,t,f,13.52479973,52.53627875
217616,12,10,8,6,3,0,f,t,13.335774,52.59568913
217614,2,11,18,5,3,1,t,f,13.44567964,52.4991143
217612,11,10,17,1,2,5,t,f,13.48820744,52.50216514
217611,3,10,8,5,3,5,t,f,13.41326952,52.54870044
217610,2,10,18,2,3,1,t,f,13.43832435,52.5187765
217608,5,11,18,2,3,5,t,f,13.18496766,52.51553923
217607,3,11,9,5,3,6,f,t,13.45589963,52.53073331
217606,1,11,21,1,2,0,t,f,13.39869632,52.53257287
217604,8,10,18,2,3,6,f,t,13.46458015,52.4703169
217603,1,11,18,7,3,6,f,t,13.38345521,52.55491653
217602,4,11,14,2,3,6,f,t,13.30652985,52.51666392
217601,7,11,15,2,3,0,t,f,13.32840339,52.4775249
217600,10,10,7,6,3,5,t,f,13.59322011,52.52179381
217596,1,11,8,5,3,2,t,f,13.37968987,52.5296076
217587,4,11,16,4,3,5,t,f,13.26618832,52.4827535
217583,1,11,18,5,3,4,t,f,13.3573383,52.553032
217581,11,10,7,2,3,6,t,t,13.49464139,52.50387002
217578,4,11,8,4,3,5,t,f,13.3195814,52.49210723
217576,2,10,17,5,3,5,t,f,13.44061142,52.51702327
217575,2,10,15,6,2,0,t,f,13.46675101,52.49736666
217571,5,10,17,7,3,5,t,f,13.24756105,52.52452466
217570,2,10,11,5,3,5,t,f,13.42560919,52.5275187
217569,2,10,6,2,3,5,t,f,13.38975201,52.49590982
217567,9,11,12,5,3,6,f,t,13.50657515,52.44762434
217565,6,10,16,2,2,6,f,t,13.29816673,52.44163155
217564,11,10,15,3,3,5,t,f,13.50177149,52.49820518
217560,10,10,15,6,3,5,t,f,13.57656296,52.51314652
217558,1,10,14,6,3,5,t,f,13.37394759,52.52092284
217555,12,11,7,5,3,6,f,t,13.31367264,52.60816562
217554,6,10,10,1,3,5,t,f,13.28926249,52.41863603
217544,11,11,7,3,2,6,f,t,13.49688696,52.53412905
217542,4,10,16,6,3,3,t,f,13.29145177,52.51149333
217541,5,10,15,1,2,0,t,f,13.21428777,52.55885494
217539,11,11,17,3,3,5,t,f,13.51305281,52.56798157
217538,1,11,16,5,3,2,f,t,13.39341324,52.55664552
217536,3,10,11,6,3,2,t,f,13.41381244,52.56669519
217535,9,10,6,3,2,6,f,t,13.57820641,52.45712584
217533,1,10,16,2,3,5,t,f,13.34334331,52.52718291
217531,4,10,8,4,3,1,t,f,13.32571375,52.49809143
217530,7,10,9,4,2,5,t,f,13.33272845,52.47533819
217529,2,11,17,6,3,0,t,f,13.43441683,52.49633223
217528,6,11,10,1,2,0,t,f,13.35385171,52.41985739
217527,1,11,8,4,3,2,t,f,13.32748998,52.52441566
217526,1,11,17,7,2,6,f,t,13.35510266,52.55917824
217525,9,11,15,3,3,3,t,f,13.45369849,52.48874599
217522,1,10,15,3,3,5,t,f,13.38760043,52.53338954
217521,1,10,20,2,3,5,t,f,13.42225691,52.50547597
217520,7,11,18,7,3,5,t,f,13.36705253,52.49328964
217519,4,11,9,2,3,3,t,f,13.32532538,52.50304506
217518,7,11,19,3,3,5,t,f,13.37780061,52.46863264
217516,4,10,14,6,3,3,t,f,13.31249857,52.49925468
217513,3,11,15,4,3,6,f,t,13.46567392,52.55208759
217511,11,10,16,6,3,5,t,f,13.50386022,52.49791396
217510,12,10,16,6,3,5,t,f,13.36248124,52.56886359
217507,5,11,7,3,3,6,f,t,13.15930889,52.52965743
217506,2,10,22,4,3,2,t,f,13.38353201,52.49368968
217504,6,11,11,7,3,6,f,t,13.3416704,52.45060305
217491,5,10,15,5,3,5,t,f,13.19449165,52.53364893
217488,12,11,16,5,2,5,t,f,13.28046123,52.63004866
217486,9,10,7,6,3,6,f,t,13.47834448,52.44631203
217480,4,10,17,2,2,5,t,f,13.33219632,52.50617777
217477,4,10,8,5,3,5,t,f,13.32628004,52.5379432
217474,1,10,15,6,3,0,t,f,13.37940488,52.52943118
217472,10,11,16,5,3,2,t,f,13.57199561,52.49569537
217471,9,11,10,4,3,6,f,t,13.57737269,52.40702284
217469,1,10,8,2,2,0,t,f,13.34318804,52.53167245
217468,7,10,3,4,3,5,t,f,13.39460309,52.46559125
217466,5,11,12,2,3,6,f,t,13.21072273,52.56758388
217464,4,11,19,7,2,6,f,t,13.2718238,52.49846156
217463,1,11,19,1,3,5,t,f,13.38428419,52.55607501
217462,11,11,15,4,2,0,t,f,13.51256724,52.48370645
217461,7,11,14,6,3,6,t,t,13.35601886,52.49458443
217459,4,10,14,7,2,0,t,f,13.31275145,52.50628417
217457,2,11,20,3,3,5,t,f,13.3878123,52.49277285
217456,9,11,19,5,3,6,f,t,13.51429061,52.46238818
217455,8,10,13,7,3,2,t,f,13.42966273,52.47046646
217454,4,10,15,6,2,4,t,f,13.28539912,52.50736909
217452,9,10,12,3,2,3,t,f,13.61516734,52.42984967
217448,9,10,18,4,2,5,t,f,13.5998891,52.45223713
217447,8,11,20,6,3,1,t,f,13.42746001,52.48831908
217445,3,11,15,4,3,1,t,f,13.4535673,52.59199158
217443,9,10,9,7,2,0,t,f,13.51281196,52.44764903
217440,4,10,15,1,3,0,t,f,13.21182052,52.50509928
217439,10,11,9,5,3,5,t,f,13.57139954,52.54450181
217436,8,10,17,5,3,0,t,t,13.42552566,52.4793492
217431,1,10,10,6,3,5,t,f,13.32825216,52.53292594
217428,1,11,9,3,3,0,t,f,13.40503839,52.50935039
217427,10,10,12,1,3,5,t,f,13.57635319,52.49234074
217423,5,11,13,5,3,6,f,t,13.20046364,52.52332331
217422,1,11,16,1,3,5,t,f,13.41955557,52.50606651
217421,1,10,22,2,3,0,f,t,13.38834675,52.51977285
217420,7,10,10,5,3,5,t,f,13.3654905,52.49738973
217419,10,10,11,2,1,6,f,t,13.6071628,52.53364474
217417,1,11,17,4,3,1,t,f,13.37302284,52.53821953
217415,12,10,17,2,3,5,t,f,13.30587649,52.62051649
217414,11,10,7,4,3,5,t,f,13.52705605,52.48656998
217413,12,11,13,4,3,6,f,t,13.30260012,52.5915956
217412,1,11,17,3,3,5,t,f,13.40996824,52.51070032
217407,12,11,18,5,3,6,f,t,13.34761279,52.59610669
217406,11,11,17,2,3,1,t,f,13.48129786,52.52073347
217405,10,10,9,6,3,0,t,f,13.53829067,52.55432327
217404,9,10,9,5,3,5,t,f,13.5220062,52.40231126
217403,3,10,22,2,3,5,t,f,13.41729228,52.60537847
217402,5,11,14,2,3,5,t,f,13.21921239,52.53716831
217395,5,10,15,5,3,6,f,t,13.20617561,52.54229641
217394,8,10,15,6,2,5,t,f,13.44939541,52.41777603
217392,9,10,15,6,3,0,t,f,13.50203374,52.48217748
217391,4,11,16,2,3,0,t,t,13.29981862,52.4962007
217389,2,11,10,5,3,5,t,f,13.41045956,52.50380558
217388,12,10,14,1,2,5,t,f,13.32688346,52.56252305
217386,1,10,11,4,3,5,t,f,13.36761603,52.51053921
217385,7,11,14,2,3,6,f,t,13.37462248,52.42630215
217381,2,11,10,3,3,5,t,f,13.41728287,52.49240112
217378,3,10,2,1,3,0,t,f,13.41239279,52.53815466
217376,5,11,16,5,3,6,f,t,13.1988329,52.55419733
217374,2,10,14,6,3,5,t,f,13.43189047,52.50578948
217373,8,10,8,4,3,5,t,f,13.43499839,52.43927952
217372,3,10,15,3,3,3,t,f,13.44238496,52.53987036
217371,4,11,15,4,3,5,t,f,13.33322134,52.48374419
217369,6,10,9,4,3,2,f,t,13.29359348,52.44580593
217368,2,10,12,6,3,3,t,f,13.42510363,52.49966973
217366,8,11,9,2,3,0,t,f,13.44278161,52.46509517
217365,4,11,10,5,3,5,t,f,13.31445041,52.49038611
217364,1,11,8,2,3,5,t,f,13.40281311,52.52136298
217363,6,10,15,6,3,5,t,f,13.28697622,52.41784302
217362,3,10,12,5,3,5,t,f,13.42336766,52.56265021
217361,9,10,7,2,3,5,t,f,13.5886446,52.46993315
217358,1,11,19,6,3,5,t,f,13.34272054,52.52532858
217357,1,10,12,2,3,6,f,t,13.3744148,52.52800122
217353,3,10,18,4,3,6,f,t,13.41410405,52.53044426
217349,1,11,18,5,3,6,f,t,13.36143774,52.54792692
217348,1,11,10,4,3,5,t,f,13.35958335,52.55419174
217343,9,11,15,5,3,5,t,f,13.58167423,52.4407839
217340,8,11,18,7,3,6,f,t,13.4352669,52.49117337
217339,1,11,13,1,2,6,f,t,13.35737127,52.50989007
217338,2,10,17,5,3,3,t,f,13.41673538,52.50223606
217336,10,10,16,2,2,6,f,t,13.56401832,52.55630527
217330,7,10,21,3,3,5,t,f,13.33929188,52.46689659
217329,10,10,17,2,2,5,t,f,13.51704782,52.53554578
217328,1,11,14,2,3,6,t,t,13.41419034,52.50807516
217327,2,10,15,4,3,6,f,t,13.40464476,52.50039706
217326,2,10,14,4,3,6,f,t,13.39559396,52.49834675
217317,1,10,19,6,3,6,f,t,13.40612501,52.51910899
217312,10,10,13,3,3,3,t,f,13.54899573,52.5342256
217307,5,11,16,7,3,6,f,t,13.17972941,52.50307049
217306,2,11,21,3,3,5,t,f,13.40403413,52.49129411
217304,2,10,12,7,3,2,t,f,13.39449934,52.49175679
217303,1,10,14,7,3,5,t,f,13.35489984,52.54397929
217301,2,11,13,5,3,1,t,f,13.39439795,52.48611616
217296,1,11,15,3,3,6,t,t,13.38359693,52.55480556
217294,4,10,15,5,3,5,t,f,13.2948258,52.53963087
217290,10,11,13,4,3,0,f,t,13.53349467,52.52571598
217289,4,11,10,3,3,6,f,t,13.3090119,52.50012467
217286,4,10,2,2,3,0,t,f,13.28503731,52.52486412
217285,2,10,16,1,3,5,t,f,13.44397632,52.50013256
217283,7,11,10,7,2,6,f,t,13.36131747,52.41633683
217281,2,10,20,4,3,5,t,f,13.43049074,52.51102145
217280,2,11,19,5,3,6,f,t,13.43436274,52.52319722
217279,12,11,10,4,3,5,t,f,13.24664808,52.61347232
217270,2,10,11,1,3,2,t,f,13.38886754,52.4991767
217266,4,11,11,7,3,0,t,f,13.31933651,52.50150633
217265,9,11,8,2,3,6,f,t,13.59127395,52.43762965
217263,7,11,17,7,3,6,f,t,13.41266076,52.40264272
217259,11,10,18,6,3,6,f,t,13.5188367,52.48701454
217256,2,11,19,3,3,5,t,f,13.45648575,52.50752684
217255,4,11,8,5,3,5,t,f,13.3138242,52.48680895
217254,5,10,11,7,2,6,f,t,13.17120541,52.52015189
217249,1,10,12,4,3,0,t,f,13.39847558,52.5325491
217243,9,10,16,1,3,5,t,f,13.57804165,52.44730387
217242,8,10,20,7,3,6,f,t,13.46082552,52.46816818
217239,2,10,3,1,2,5,t,f,13.45613832,52.50979138
217238,1,10,9,4,3,0,t,f,13.36078843,52.52690506
217236,2,11,8,3,3,0,t,f,13.45959461,52.51245246
217235,7,10,16,5,3,6,f,t,13.36124844,52.41260336
217230,2,11,18,5,3,5,t,f,13.42683416,52.49912849
217227,1,10,2,5,3,0,t,f,13.38646532,52.56740138
217224,1,11,5,5,3,6,f,t,13.38059749,52.54350078
217222,6,10,8,2,3,0,t,f,13.34265841,52.42581325
217221,1,10,1,6,3,5,t,f,13.40429691,52.53312272
217220,6,11,7,6,3,3,t,f,13.34184864,52.43488301
217219,9,10,17,7,3,6,f,t,13.51475981,52.46227671
217218,2,11,19,4,2,6,f,t,13.46730378,52.50270227
217217,7,11,19,6,3,5,t,f,13.36314427,52.47610054
217216,1,10,15,7,2,6,f,t,13.32863647,52.52883332
217215,2,10,19,4,3,5,t,f,13.39967654,52.49841434
217214,5,11,18,4,3,5,t,f,13.1300011,52.46430286
217213,1,11,18,3,3,5,t,f,13.36394343,52.50618886
217212,1,10,14,5,3,3,t,f,13.39629793,52.51739687
217211,1,10,14,5,3,5,t,f,13.42122594,52.50986604
217209,5,11,11,7,3,2,t,f,13.19695499,52.52830542
217206,9,11,18,3,3,5,t,f,13.56205527,52.43676466
217204,7,10,18,4,3,5,t,f,13.33808226,52.46683907
217202,1,10,16,1,2,0,t,f,13.40335406,52.53215748
217197,10,11,16,7,3,6,f,t,13.60054613,52.4768847
217194,11,10,12,7,3,5,t,f,13.45907271,52.52605765
217192,5,11,18,2,2,0,t,f,13.26309017,52.54029923
217191,1,11,18,5,3,6,f,t,13.36172425,52.54793161
217190,2,11,19,4,3,5,t,f,13.40028232,52.49026926
217189,5,10,16,1,3,6,f,t,13.19880968,52.55534734
217183,4,10,10,3,3,6,f,t,13.29545527,52.4788972
217181,12,11,16,7,2,6,f,t,13.35114157,52.56736638
217180,1,11,16,2,2,0,t,f,13.38852716,52.52603913
217179,3,11,18,3,3,3,t,f,13.42072255,52.53347934
217177,5,10,17,6,3,5,t,f,13.14799212,52.53258105
217174,10,11,12,3,2,5,t,f,13.60207584,52.47447473
217171,2,10,18,6,3,1,t,f,13.43958283,52.4995511
217169,4,10,18,3,3,3,t,f,13.32623648,52.49119157
217165,7,10,16,4,2,5,t,f,13.35526872,52.41325916
217162,1,11,8,4,3,5,t,f,13.39586876,52.53822634
217161,1,11,15,7,3,1,t,f,13.38053237,52.52985879
217160,8,10,14,4,3,5,t,f,13.44054116,52.47950414
217159,6,10,10,2,2,5,t,f,13.24124407,52.44217291
217158,11,11,12,2,3,0,t,f,13.48671735,52.52072618
217157,1,11,11,4,3,0,t,f,13.40175543,52.52101142
217156,6,11,10,6,2,4,t,f,13.35893197,52.4318274
217155,8,10,23,1,3,1,t,f,13.4997981,52.40679479
217154,3,10,16,4,3,2,t,f,13.43267077,52.59601194
217153,5,11,16,5,3,6,f,t,13.20990788,52.54788194
217152,4,11,15,3,3,5,t,f,13.2761239,52.51434363
217148,2,11,19,2,3,5,t,f,13.39585879,52.49902832
217146,10,11,15,3,3,5,t,f,13.60111714,52.47923918
217142,10,11,16,2,3,5,t,f,13.60207818,52.48331294
217138,1,11,17,6,3,5,t,f,13.33960672,52.52406361
217135,4,10,20,7,3,6,f,t,13.29945567,52.50606963
217133,4,11,19,2,3,6,t,t,13.3269857,52.49943968
217132,3,11,8,6,3,5,t,f,13.41847201,52.55347237
217129,2,10,11,3,3,3,t,f,13.43360957,52.52290318
217128,12,10,13,4,2,6,f,t,13.29792022,52.59119417
217126,5,10,7,4,3,2,t,f,13.19812472,52.55549708
217123,9,11,11,4,3,5,t,f,13.45256449,52.48993715
217120,7,10,1,1,3,1,t,f,13.3921113,52.42161887
217119,3,11,9,4,3,5,t,f,13.43965445,52.54774954
217116,9,10,15,6,3,1,t,f,13.64087694,52.38978173
217115,1,10,8,6,2,5,t,f,13.33434381,52.54114469
217114,1,10,18,6,3,6,f,t,13.38411262,52.55604464
217113,2,10,8,7,3,5,t,f,13.38622122,52.49007634
217112,3,10,16,6,3,5,t,f,13.36977934,52.58939386
217110,4,11,19,5,3,5,t,f,13.31394509,52.49040801
217109,1,11,8,3,3,5,t,f,13.40532113,52.53852233
217107,1,10,20,5,3,5,t,f,13.39304236,52.56455017
217106,2,10,14,3,3,0,t,f,13.45488828,52.51914635
217105,4,11,10,2,3,1,t,f,13.30359868,52.51286188
217104,4,11,17,6,3,6,f,t,13.31207075,52.46846437
217101,6,11,19,7,3,6,f,t,13.24037191,52.44261149
217100,10,11,16,2,3,6,f,t,13.55877115,52.53184197
217098,7,11,17,6,3,6,f,t,13.36104079,52.49133012
217097,8,10,15,6,3,6,t,t,13.43142333,52.49238639
217094,2,11,12,3,2,1,t,f,13.38290715,52.4918075
217092,4,10,11,7,3,5,t,f,13.30725375,52.50479605
217091,10,10,16,6,3,6,f,t,13.5753562,52.53130774
217090,10,10,8,2,3,5,t,f,13.62585628,52.52931276
217089,4,10,11,4,3,6,f,t,13.32842778,52.5083921
217086,7,10,11,4,2,6,f,t,13.40087607,52.41452446
217083,6,11,2,7,3,6,f,t,13.32861513,52.4563609
217081,12,11,23,2,3,5,t,f,13.32686885,52.56252391
217080,7,10,14,4,3,5,t,f,13.33518949,52.46927124
217076,1,11,21,6,3,6,f,t,13.39098579,52.51487471
217075,3,10,15,1,3,5,t,f,13.42347227,52.54311252
217074,9,10,18,4,3,5,t,f,13.63147753,52.39484495
217072,8,11,15,3,3,6,f,t,13.43532201,52.48607363
217071,10,10,12,5,3,5,t,f,13.61183172,52.520973
217070,11,10,18,5,2,0,t,f,13.49945868,52.52137667
217068,6,11,8,2,3,6,f,t,13.31579097,52.44319527
217066,9,11,9,3,3,6,f,t,13.5619573,52.3889378
217064,3,10,10,5,3,1,t,f,13.42577367,52.56038635
217062,11,11,8,2,3,2,t,f,13.47584562,52.53680533
217058,9,11,17,7,3,5,t,f,13.51201073,52.47070783
217057,9,10,19,5,3,1,t,f,13.5736468,52.45418988
217056,1,10,18,6,3,6,f,t,13.40171035,52.52962803
217047,4,10,16,2,3,5,t,f,13.31525387,52.51457927
217043,2,11,10,1,3,0,t,f,13.45673769,52.50977655
217042,1,11,10,2,3,5,t,f,13.39750825,52.52873101
217037,9,11,17,3,3,5,t,f,13.56946997,52.44450685
217036,1,11,8,5,3,2,t,f,13.37752135,52.52223958
217035,1,10,19,7,3,1,t,f,13.36825168,52.52352723
217034,3,10,7,4,3,0,t,f,13.36110256,52.58969898
217031,7,11,8,3,3,0,t,f,13.3831005,52.43403915
217028,3,11,18,6,3,1,t,f,13.43338326,52.55302078
217027,10,11,12,2,2,5,t,f,13.60356326,52.47893317
217026,3,11,6,5,3,5,t,f,13.38976021,52.57429667
217023,1,10,15,4,3,0,t,f,13.41576152,52.52727298
217022,11,10,14,2,3,5,t,f,13.47795918,52.52300265
217019,5,11,14,6,2,6,f,t,13.14571815,52.52398053
217018,11,10,17,2,3,5,t,f,13.48125326,52.53869518
217017,8,10,13,5,2,5,t,f,13.44810258,52.47054774
217016,8,11,14,6,3,6,f,t,13.44883197,52.4786292
217015,9,11,7,4,3,1,t,f,13.6371038,52.44860768
217014,1,10,9,5,3,0,t,f,13.40014167,52.53942658
217013,4,10,13,4,3,0,t,f,13.33101817,52.49473819
217008,4,10,17,4,3,0,t,f,13.26135261,52.47914255
217007,8,11,10,6,2,6,f,t,13.43536634,52.42313341
217006,12,11,15,7,3,5,t,f,13.28539402,52.59482019
217005,10,11,19,4,3,2,t,f,13.55959809,52.55239434
217002,3,10,20,4,3,5,t,f,13.47024945,52.55363618
217001,2,10,17,1,3,5,t,f,13.40666144,52.49844446
216999,4,11,10,4,3,1,t,f,13.3050707,52.51255492
216997,8,10,23,7,3,6,f,t,13.42421887,52.4773324
216995,9,11,10,6,2,0,t,f,13.50257624,52.44719625
216994,4,11,16,3,3,6,f,t,13.3252232,52.5023211
216991,2,10,22,1,2,6,f,t,13.46546986,52.50776627
216986,9,10,12,2,3,6,f,t,13.53414227,52.43295769
216983,3,11,13,2,3,6,f,t,13.42684901,52.57182246
216982,8,11,20,6,3,0,t,f,13.46010575,52.43179426
216981,1,11,19,1,3,5,t,f,13.37658503,52.51016658
216979,10,10,11,2,3,5,t,f,13.58550709,52.50525497
216974,9,10,16,2,3,5,t,f,13.6369516,52.45080528
216973,9,10,14,6,3,0,f,t,13.48466697,52.46359376
216972,1,11,12,4,3,0,t,f,13.33317954,52.53288097
216971,10,11,15,5,3,5,t,f,13.60211684,52.536015
216970,2,10,12,6,3,5,t,f,13.42722266,52.49914508
216969,1,10,7,3,3,5,t,f,13.40309469,52.53371271
216965,2,10,17,4,3,5,t,f,13.42961433,52.50301622
216964,9,10,15,4,3,1,t,f,13.44415345,52.49059558
216958,1,11,18,4,3,5,t,f,13.36034021,52.5372443
216957,6,11,6,5,3,6,f,t,13.3277286,52.4640587
216946,6,11,16,2,3,1,t,f,13.3164454,52.45666755
216945,2,10,19,7,3,5,t,f,13.39936879,52.4982864
216943,9,10,9,2,3,5,t,f,13.57714515,52.4558427
216941,7,11,13,5,3,5,t,f,13.3819707,52.39771026
216940,6,11,11,7,2,6,f,t,13.35751082,52.42302453
216939,11,10,17,3,3,5,t,f,13.48463403,52.51397351
216938,9,10,21,5,3,5,t,f,13.58054915,52.45549845
216936,10,11,15,4,3,6,f,t,13.5852889,52.52127439
216931,6,11,15,2,3,5,t,f,13.22982201,52.42773211
216930,10,11,16,5,2,6,f,t,13.55613683,52.54825778
216928,7,10,3,1,3,5,t,f,13.363324,52.45592642
216927,1,10,19,5,2,4,t,f,13.41337354,52.50701314
216925,4,11,17,3,3,5,t,f,13.32825099,52.47883054
216924,4,11,8,6,3,6,f,t,13.31599379,52.50725282
216923,2,11,22,1,2,6,f,t,13.4292642,52.5008749
216922,3,10,7,3,3,6,f,t,13.43962792,52.55542172
216921,1,10,8,4,3,5,t,f,13.39300642,52.5275198
216919,7,11,17,7,3,6,f,t,13.35047739,52.41422371
216917,9,11,12,4,3,6,f,t,13.58781749,52.42204947
216916,10,11,16,6,3,6,f,t,13.62102702,52.52600686
216915,3,10,13,6,3,6,f,t,13.48077134,52.55307551
216914,1,10,17,6,3,6,f,t,13.37742967,52.50958069
216908,1,10,9,6,3,0,t,f,13.384653,52.55600058
216906,4,10,17,3,3,1,t,f,13.30279742,52.50984068
216905,11,10,19,2,3,6,t,t,13.50515629,52.50916616
216904,4,10,17,7,2,5,t,f,13.24178119,52.50645689
216899,1,10,23,7,3,5,t,f,13.39148401,52.52208359
216897,1,10,14,3,3,6,f,t,13.38373783,52.55127689
216895,4,11,9,5,3,5,t,f,13.32333336,52.49216447
216894,4,11,14,7,3,0,t,f,13.32588455,52.50001841
216892,4,11,17,7,2,6,f,t,13.31390418,52.4903956
216890,4,10,14,5,3,5,t,f,13.32505162,52.50255299
216888,4,10,19,2,3,5,t,f,13.33575209,52.51348847
216885,8,11,19,5,3,5,t,f,13.42872195,52.48671554
216884,1,10,18,6,3,1,t,f,13.40822092,52.52725232
216878,1,10,20,4,3,5,t,t,13.39290603,52.52749272
216875,2,11,18,7,3,6,f,t,13.43890897,52.49784636
216873,5,10,13,7,3,5,t,f,13.19416659,52.52210589
216869,5,10,15,4,3,6,f,t,13.20558023,52.5396425
216866,1,10,14,5,3,5,t,f,13.35637821,52.55248195
216865,3,10,8,5,3,1,t,f,13.41713075,52.54122768
216863,3,11,6,6,3,6,f,t,13.43533014,52.59396949
216862,1,11,10,2,3,0,t,f,13.37366753,52.55657113
216859,3,10,20,7,3,5,t,f,13.42792824,52.54551304
216858,7,10,14,4,3,5,t,f,13.36903454,52.49305197
216856,10,11,6,2,2,5,t,f,13.55046922,52.54293752
216851,1,11,22,6,3,1,t,f,13.40208927,52.52871956
216849,3,10,12,6,3,1,t,f,13.4356788,52.53249035
216844,1,11,23,5,3,6,f,t,13.40272894,52.5240381
216841,4,10,17,3,3,5,t,f,13.31627577,52.49868503
216840,8,11,14,2,3,5,t,f,13.42869573,52.47900869
216835,3,11,17,2,3,5,t,f,13.42791883,52.54569971
216834,1,11,21,3,3,1,t,f,13.38899162,52.56689922
216833,4,11,6,6,3,1,t,f,13.29706399,52.53057703
216828,2,11,14,5,3,5,t,f,13.38929028,52.4960476
216827,1,10,11,7,3,0,t,f,13.40075759,52.52364119
216826,2,10,16,6,3,5,t,f,13.43188928,52.50565695
216823,10,10,17,2,3,5,t,f,13.55017018,52.49960842
216817,2,11,12,4,3,5,t,f,13.4089589,52.50414866
216813,8,11,8,2,3,3,t,f,13.42620752,52.47741067
216812,6,11,12,4,3,5,t,f,13.32046957,52.44805
216810,7,10,16,2,3,0,t,f,13.37840534,52.43759604
216809,2,10,19,3,3,0,t,f,13.45148034,52.52038771
216806,9,10,11,5,2,6,f,t,13.47511683,52.47994351
216805,12,10,23,5,3,0,t,f,13.30034921,52.59144918
216803,8,11,18,1,3,1,t,f,13.42785691,52.4739352
216802,1,11,21,5,3,5,t,f,13.35468102,52.55205942
216800,10,10,9,7,3,6,f,t,13.5552844,52.56821043
216798,9,10,22,4,3,5,t,f,13.55931983,52.44658336
216796,6,10,19,1,3,6,f,t,13.34273187,52.4345337
216795,7,11,11,7,3,2,t,f,13.34889069,52.45886847
216794,8,11,15,7,3,2,t,f,13.44046812,52.46737088
216793,7,11,13,4,3,6,f,t,13.3378787,52.48827708
216788,2,11,18,6,3,6,f,t,13.41534903,52.50301969
216783,3,10,16,5,3,5,t,f,13.44049365,52.54069706
216781,7,10,10,2,3,1,t,f,13.38540244,52.46712292
216780,10,10,9,6,3,5,t,f,13.56566499,52.52889357
216779,8,11,7,2,3,6,f,t,13.44641562,52.48635823
216777,1,11,9,3,3,5,t,f,13.40537584,52.50826494
216776,11,10,19,7,3,0,t,f,13.47480431,52.50282232
216775,2,10,13,5,3,5,t,f,13.44230446,52.5008819
216772,2,11,16,5,3,0,t,f,13.41966232,52.48983879
216769,8,11,17,7,3,6,f,t,13.47386282,52.42581847
216767,4,10,16,6,3,5,t,f,13.31503289,52.50090722
216765,1,10,16,6,3,2,t,f,13.38392496,52.51688557
216762,11,11,20,4,3,6,f,t,13.49923775,52.51037168
216761,7,10,21,1,2,6,f,t,13.40131325,52.41463747
216759,2,10,13,3,3,1,t,f,13.44032249,52.50488452
216757,3,11,13,2,3,5,t,f,13.47586414,52.55042898
216756,10,10,7,4,3,0,t,f,13.55350079,52.50251989
216754,7,11,17,7,3,6,f,t,13.38691116,52.48324688
216753,12,11,15,7,3,1,t,f,13.37009652,52.56891547
216751,3,11,6,6,2,5,t,f,13.36985077,52.58937295
216750,5,10,15,6,1,6,f,t,13.1829182,52.54787408
216747,7,11,15,4,3,6,t,t,13.32824523,52.46721977
216746,1,11,19,5,2,6,f,t,13.38447685,52.55607608
216744,3,10,11,6,3,6,f,t,13.49316029,52.63636739
216742,1,10,14,4,2,1,t,f,13.40243074,52.53115218
216741,4,10,13,3,3,2,t,f,13.29335649,52.49744872
216739,11,11,14,3,2,3,t,f,13.52774151,52.489569
216738,6,10,10,4,2,5,t,f,13.29228978,52.44141714
216737,9,10,17,4,3,5,t,f,13.52947007,52.42960666
216733,3,11,7,4,3,1,t,f,13.4372886,52.53626528
216730,12,10,13,5,3,0,t,f,13.3322879,52.57636079
216728,2,11,13,2,3,0,t,f,13.45828519,52.51268276
216726,12,11,14,6,3,5,t,f,13.31513214,52.58637805
216725,1,10,17,7,3,5,t,f,13.39209606,52.55404984
216724,1,10,9,5,3,0,t,f,13.41742984,52.51297807
216721,1,10,16,4,3,0,t,f,13.41051805,52.51245795
216719,9,10,12,6,3,5,t,f,13.51404492,52.46234673
216718,3,11,7,2,3,5,t,f,13.45942158,52.56281635
216717,1,11,16,5,3,5,t,f,13.40977994,52.52401536
216716,11,11,7,3,3,5,t,f,13.47433443,52.50463933
216714,5,10,14,5,3,4,t,f,13.18365776,52.5476613
216712,12,11,12,2,3,0,f,t,13.33426115,52.58237851
216710,2,11,15,1,3,6,f,t,13.46757797,52.49585509
216709,3,10,15,2,3,4,t,f,13.42756038,52.56794173
216704,8,10,21,6,3,3,t,f,13.43062699,52.46867582
216702,4,11,11,3,3,2,t,f,13.3176479,52.50140992
216701,5,11,18,5,3,5,t,f,13.20846131,52.56161857
216700,1,10,9,7,3,1,t,f,13.38187285,52.53820816
216699,1,10,5,3,3,6,f,t,13.35754749,52.53590203
216697,7,11,16,1,3,0,t,f,13.34526929,52.49199442
216695,8,10,13,5,3,6,f,t,13.45469658,52.42346367
216694,12,10,11,3,3,6,f,t,13.33510872,52.5956528
216693,1,11,18,2,3,5,t,f,13.35153634,52.50951353
216692,4,11,14,5,3,2,t,f,13.31746088,52.51196124
216689,11,11,7,6,3,5,t,f,13.49483432,52.54543035
216688,11,10,17,5,2,5,t,f,13.50830363,52.55007688
216684,12,11,5,3,3,5,t,f,13.32380143,52.58738793
216681,8,10,22,1,3,6,f,t,13.46702844,52.46864763
216679,11,10,5,3,3,5,t,f,13.51182803,52.55065032
216678,8,11,16,2,3,6,t,t,13.45582152,52.47380072
216676,1,10,9,4,3,5,t,f,13.35411019,52.54168197
216675,1,11,18,7,3,6,f,t,13.39601806,52.53837546
216673,1,11,11,3,3,2,t,f,13.3385488,52.53026199
216672,6,11,14,6,3,6,t,t,13.26633684,52.45199047
216671,5,10,13,7,3,6,f,t,13.15574691,52.53307724
216670,11,10,11,7,3,6,f,t,13.53277387,52.51278604
216668,6,11,13,5,3,6,f,t,13.24032604,52.44278047
216666,5,10,11,6,2,2,f,t,13.19876085,52.54281209
216663,11,11,9,4,3,5,t,f,13.48509138,52.49596802
216657,6,11,18,1,3,6,f,t,13.34586255,52.43621209
216656,8,11,17,4,2,0,t,t,13.43466805,52.47260589
216655,12,11,13,3,2,6,f,t,13.29163557,52.59514666
216654,7,10,12,6,3,5,t,f,13.3501086,52.41429517
216652,6,10,15,1,3,5,t,f,13.12479917,52.42825754
216648,1,10,16,3,3,6,t,t,13.41016975,52.51754814
216647,9,10,9,5,3,5,t,f,13.4403622,52.48990713
216642,4,10,12,6,3,1,t,f,13.28624956,52.49772046
216641,1,11,9,3,2,5,t,f,13.41197506,52.52817524
216640,1,11,17,5,3,6,f,t,13.38301909,52.5420474
216636,12,10,7,3,3,5,t,f,13.36053154,52.59680995
216634,1,11,8,5,3,0,t,f,13.37065005,52.55906021
216633,1,11,19,1,3,5,t,f,13.42104211,52.50980291
216627,8,10,15,2,3,5,t,f,13.44238844,52.46576829
216626,8,10,13,6,3,4,t,f,13.42069821,52.46888503
216625,5,11,8,4,3,5,t,f,13.24163029,52.54337407
216624,10,11,9,5,3,5,t,f,13.62374866,52.52190103
216620,1,10,8,2,3,5,t,f,13.39130208,52.53621992
216619,1,11,8,2,3,5,t,f,13.38677104,52.54345054
216618,4,10,15,4,3,5,t,f,13.301066,52.52806897
216616,1,11,18,7,3,0,t,f,13.36384461,52.54830015
216615,1,11,9,3,3,5,t,f,13.35628351,52.54320751
216609,3,10,9,2,3,6,f,t,13.42443664,52.53293753
216608,11,10,7,4,3,5,t,f,13.47945155,52.51619707
216607,2,11,11,5,3,5,t,f,13.43734543,52.51081187
216604,3,10,15,5,3,1,t,f,13.40172322,52.56868647
216603,1,10,15,2,3,1,t,f,13.41760087,52.51334903
216600,7,11,13,5,2,6,f,t,13.38220136,52.39938756
216598,3,10,12,7,3,2,t,f,13.42876759,52.58174554
216594,4,11,13,7,3,5,t,f,13.32306717,52.49067983
216593,9,11,9,2,3,5,t,f,13.5504115,52.42915252
216590,5,10,8,7,3,7,t,f,13.1436323,52.45535062
216588,5,11,20,3,3,5,t,f,13.17194199,52.55013197
216583,3,11,10,5,3,1,t,f,13.47363336,52.60995417
216582,6,11,7,3,3,1,t,f,13.30532563,52.46564862
216581,6,10,10,4,3,5,t,f,13.25007242,52.42123494
216577,2,11,16,4,3,6,f,t,13.39456068,52.48737405
216576,8,11,17,3,3,1,t,f,13.45113562,52.47355068
216575,1,10,15,7,3,6,t,t,13.39099336,52.5448523
216574,9,10,14,4,2,0,t,f,13.54991445,52.43626561
216572,3,10,15,1,3,2,t,f,13.46066018,52.5638208
216570,3,11,18,5,3,5,t,f,13.4132368,52.54767621
216568,2,10,20,4,3,5,t,f,13.45769721,52.51280133
216567,6,11,17,6,2,6,f,t,13.34302581,52.43967448
216566,1,11,9,4,3,5,t,f,13.36668252,52.55729216
216565,5,10,18,4,3,6,f,t,13.19830424,52.54845094
216562,9,10,21,1,3,5,t,f,13.55502377,52.43253311
216560,4,11,18,2,2,6,f,t,13.29964078,52.47330867
216555,1,10,7,3,3,5,t,f,13.41515451,52.52083594
216554,8,11,13,2,3,6,f,t,13.45318897,52.48287403
216553,6,11,11,7,2,5,t,f,13.33965441,52.44776802
216550,2,11,18,7,3,5,t,f,13.43041849,52.4992144
216549,11,11,22,2,2,6,t,t,13.50775348,52.54504034
216548,4,11,15,2,3,6,f,t,13.31277395,52.48987297
216547,1,10,14,6,3,6,f,t,13.38392061,52.51691312
216546,2,10,17,6,3,5,t,f,13.38662062,52.505373
216543,3,11,17,3,2,6,f,t,13.45167896,52.53503769
216542,6,11,16,5,2,5,t,f,13.32874848,52.45417061
216541,9,10,9,7,2,6,f,t,13.53676615,52.39787901
216539,12,10,17,3,2,4,t,f,13.27574038,52.59750842
216538,7,10,21,2,3,5,t,f,13.33910891,52.49231657
216536,5,10,15,4,2,6,f,t,13.19582126,52.52926985
216531,1,11,12,7,3,5,t,f,13.34140687,52.52057782
216529,9,10,19,7,3,4,t,f,13.59331104,52.4501155
216525,9,10,18,4,3,5,t,f,13.53653258,52.45993509
216523,3,11,8,3,2,5,t,f,13.42875718,52.57800946
216517,1,11,17,3,3,0,t,f,13.39133514,52.56344871
216515,4,10,11,5,3,3,t,f,13.32043979,52.48546949
216514,11,10,7,2,3,6,f,t,13.51291092,52.56631824
216513,10,10,14,1,3,5,t,f,13.6085282,52.54299402
216508,1,11,0,6,3,0,t,f,13.33351806,52.52784405
216505,3,10,13,7,2,6,t,t,13.40975334,52.53589281
216504,8,10,17,7,3,6,f,t,13.43243473,52.48834206
216503,3,11,17,2,3,2,t,f,13.41672193,52.54704581
216502,4,11,9,6,3,6,t,t,13.32169626,52.48822353
216497,7,11,13,2,3,1,t,f,13.37258938,52.48789897
216493,5,11,19,7,2,6,f,t,13.16547,52.55108533
216491,8,11,16,4,3,5,t,f,13.43624528,52.46745943
216487,1,11,22,7,3,6,f,t,13.3494112,52.54234954
216485,5,10,12,5,3,6,f,t,13.20559191,52.54183953
216484,9,11,10,7,3,5,t,f,13.51346283,52.46459675
216482,12,10,7,5,3,5,t,f,13.35163281,52.57806933
216480,4,10,5,1,2,5,t,f,13.29949078,52.51975876
216478,6,11,14,2,2,6,f,t,13.32030723,52.4570194
216477,4,11,17,5,3,6,f,t,13.32743128,52.52202214
216476,7,11,15,4,3,1,f,t,13.38670783,52.45057682
216473,2,10,14,3,3,6,f,t,13.46572878,52.5014055
216470,1,11,11,2,3,5,t,f,13.38996617,52.50944457
216469,5,10,15,3,2,1,t,f,13.19461744,52.53180133
216466,9,11,14,3,3,6,t,t,13.57873063,52.45787365
216465,1,11,18,6,3,3,t,f,13.35300578,52.55951608
216463,5,10,16,6,3,3,t,f,13.15526165,52.5513612
216462,6,10,17,7,2,6,f,t,13.28820751,52.46498329
216461,9,11,15,4,3,6,t,t,13.51392078,52.46288498
216459,3,10,9,6,3,1,t,f,13.43954933,52.53562014
216456,8,10,11,4,3,1,t,f,13.4291599,52.47145189
216451,4,11,13,7,3,5,t,f,13.2496798,52.51557566
216449,3,11,15,1,2,6,f,t,13.42756324,52.57690838
216447,6,10,15,7,3,1,t,f,13.32506945,52.43697443
216445,8,11,14,6,3,5,t,f,13.44751009,52.47260494
216444,3,10,18,7,3,5,t,f,13.40251027,52.58559586
216443,6,10,22,3,3,6,f,t,13.34591059,52.43644214
216442,11,11,13,5,3,5,t,f,13.49650479,52.53398574
216440,3,10,10,5,3,5,t,f,13.4653622,52.52343443
216439,2,10,19,5,3,5,t,f,13.42764435,52.49619403
216437,10,11,6,2,3,6,f,t,13.59951151,52.54390549
216436,9,11,16,5,3,5,t,f,13.50240504,52.46123204
216434,8,10,15,7,3,6,f,t,13.42361922,52.46544309
216433,6,10,18,5,2,5,t,f,13.33017236,52.44529752
216432,1,10,15,3,3,5,t,f,13.35144046,52.53945451
216431,1,11,15,2,3,1,t,f,13.40897735,52.51039374
216426,10,10,14,5,3,5,t,f,13.52934344,52.52561018
216425,1,10,9,6,3,5,t,f,13.40561898,52.53453765
216423,1,10,16,6,2,6,t,t,13.3860046,52.55588942
216422,3,11,10,3,3,5,t,f,13.42699977,52.55221122
216421,10,11,7,6,2,6,f,t,13.61985376,52.53926706
216420,1,11,13,4,3,5,t,f,13.39302184,52.51500761
216419,4,10,22,1,3,6,f,t,13.30852754,52.47932785
216417,7,10,12,4,3,6,f,t,13.38440991,52.45697597
216414,1,10,17,1,3,5,t,f,13.36425665,52.50996969
216411,4,11,9,3,3,0,t,f,13.33619566,52.50527957
216410,8,11,16,6,3,6,f,t,13.44935756,52.47501705
216408,11,10,9,1,3,5,t,f,13.5069958,52.49685213
216407,11,11,12,4,3,6,f,t,13.5200818,52.50529147
216406,11,11,18,5,3,6,f,t,13.49451935,52.50383726
216404,5,10,15,6,3,6,f,t,13.19780256,52.53311315
216403,7,10,11,4,3,5,t,f,13.36093695,52.41700543
216401,4,11,17,5,3,1,t,f,13.3264783,52.49091527
216398,7,10,10,4,3,5,t,f,13.38286278,52.43825294
216395,11,11,9,7,3,0,t,f,13.46990318,52.54130217
216394,2,11,14,4,3,4,t,f,13.3870978,52.49315304
216390,12,10,11,2,3,5,t,f,13.31524287,52.5779174
216388,10,11,13,4,3,2,t,f,13.60150933,52.53328047
216386,3,10,16,2,2,5,t,f,13.40804131,52.57289193
216385,1,9,7,4,3,3,t,f,13.42816503,52.50723579
216384,10,9,16,2,3,6,f,t,13.60237681,52.4790816
216383,4,9,7,3,3,5,t,f,13.31438708,52.47278767
216382,1,9,20,2,3,1,t,f,13.35878309,52.50086854
216381,1,9,12,6,3,6,t,t,13.35491565,52.55000002
216380,4,9,16,4,3,0,t,f,13.32801343,52.4797421
216378,2,8,14,6,3,5,t,f,13.43203388,52.50572828
216377,4,9,15,2,3,1,t,f,13.29035045,52.47396967
216375,8,9,16,7,3,3,t,f,13.43587758,52.48378974
216374,6,10,14,6,3,5,t,f,13.3146688,52.41735055
216373,7,9,19,3,3,6,f,t,13.33526636,52.47240576
216372,2,9,14,3,2,5,t,f,13.40467912,52.49088898
216370,10,8,13,3,3,5,t,f,13.57353036,52.54653685
216368,5,9,8,5,3,6,t,t,13.18787902,52.53932311
216367,3,9,17,3,3,5,t,f,13.36741544,52.58627711
216366,1,9,17,7,3,5,t,f,13.35390555,52.52852749
216364,1,9,19,7,3,3,t,f,13.39097358,52.53995031
216362,1,9,9,5,2,3,t,f,13.34770763,52.52477906
216361,1,9,16,5,3,6,f,t,13.36806102,52.50253264
216359,3,9,12,4,3,4,t,f,13.48791037,52.61841028
216354,2,9,12,3,3,6,f,t,13.41934314,52.50134672
216353,6,9,7,3,2,5,t,f,13.21209329,52.43395276
216352,4,9,10,5,3,3,t,f,13.28901639,52.51894838
216350,4,9,15,3,3,6,f,t,13.32362878,52.48645686
216348,2,9,15,6,3,5,t,f,13.39765976,52.49517007
216346,2,9,6,5,3,4,t,f,13.40358771,52.49391415
216345,6,9,10,5,3,6,f,t,13.31326995,52.41880059
216342,6,9,15,2,3,6,f,t,13.31903747,52.4574999
216341,2,9,12,1,2,5,t,f,13.45105177,52.50854809
216339,4,9,13,6,3,0,t,f,13.29627901,52.48411178
216337,9,9,16,3,3,5,t,f,13.58442868,52.46420055
216336,2,9,16,3,3,5,t,f,13.44655082,52.50272547
216335,2,9,18,3,3,1,t,f,13.45935746,52.50102276
216334,2,8,15,2,2,5,t,f,13.42620357,52.5158061
216327,3,8,17,3,3,5,t,f,13.41482442,52.55385933
216326,3,9,14,1,3,5,t,f,13.37091649,52.59067948
216324,8,9,18,5,3,6,f,t,13.43844094,52.41750692
216322,9,9,7,4,3,5,t,f,13.52110381,52.44172019
216319,9,8,17,3,3,6,t,t,13.57906133,52.45823902
216317,5,9,14,4,3,0,t,f,13.23316704,52.53953665
216315,1,9,19,1,3,5,t,f,13.38420252,52.55603754
216313,11,9,21,2,2,1,t,f,13.53985684,52.49372715
216312,1,9,15,5,3,0,t,f,13.41042522,52.51703583
216311,4,9,17,1,3,5,t,f,13.33663144,52.50511614
216310,2,8,14,6,2,3,t,f,13.44550817,52.50164496
216309,3,9,6,5,3,5,t,f,13.42717465,52.54491337
216308,4,9,15,6,2,5,t,f,13.30573041,52.47974851
216307,6,9,16,4,3,6,f,t,13.34707507,52.44996379
216306,12,9,14,4,3,0,t,f,13.22626806,52.61340966
216305,2,8,10,6,3,2,t,f,13.39948752,52.49824791
216304,7,8,11,4,3,5,t,f,13.34993167,52.47024444
216301,1,9,13,6,2,6,f,t,13.36381666,52.543556
216297,9,9,8,3,3,5,t,f,13.54110662,52.43011745
216295,6,8,19,3,3,3,t,f,13.32659443,52.40631284
216294,1,9,10,2,3,6,t,t,13.38778537,52.55544482
216293,10,9,15,5,3,3,t,f,13.6339654,52.53860595
216291,6,8,14,7,2,5,t,f,13.14778386,52.41828377
216287,8,9,21,4,3,5,t,f,13.43223748,52.46454045
216285,8,8,22,4,3,6,f,t,13.44180008,52.4697141
216284,3,9,2,7,2,5,t,f,13.38976021,52.57429667
216283,1,9,16,5,3,5,t,f,13.39603839,52.53834939
216278,6,9,18,3,3,5,t,f,13.36466838,52.42705831
216274,4,9,12,7,3,5,t,f,13.32468763,52.49506812
216271,8,8,21,1,3,4,t,f,13.44274735,52.4804082
216269,8,8,22,6,3,6,f,t,13.42484757,52.4822447
216268,2,9,17,7,3,6,f,t,13.4659353,52.50887254
216267,9,9,9,7,3,2,t,f,13.57519493,52.42442854
216264,6,10,6,6,3,3,t,f,13.31232472,52.41971477
216263,1,9,16,3,3,6,f,t,13.3816644,52.55630959
216262,2,9,17,3,3,5,t,f,13.45752259,52.51286161
216261,6,9,7,3,3,5,t,f,13.35320676,52.44930924
216259,11,9,10,6,3,1,t,f,13.52260721,52.50683915
216256,4,9,9,7,3,0,t,f,13.31564025,52.46974367
216255,12,9,14,4,3,5,t,f,13.35448267,52.61807207
216252,9,9,15,4,3,3,t,f,13.68575658,52.4429488
216251,7,9,16,5,3,5,t,f,13.33273013,52.47547308
216250,8,9,15,4,3,5,t,f,13.44476932,52.48509734
216246,4,9,17,6,3,5,t,f,13.28683884,52.51297162
216245,7,9,15,4,3,6,f,t,13.36666266,52.47473111
216244,6,9,20,3,3,0,t,f,13.32652596,52.45971082
216242,1,9,14,5,2,5,t,f,13.36105558,52.55536577
216240,3,9,15,1,3,6,f,t,13.48331722,52.61188405
216238,1,9,7,6,3,5,t,f,13.37318181,52.5470586
216230,1,8,8,2,3,2,t,f,13.37379338,52.54744072
216229,10,9,13,6,2,5,t,f,13.5616338,52.50105236
216228,4,9,17,4,3,0,t,f,13.30958422,52.5065914
216222,5,9,20,6,3,1,t,f,13.26384797,52.54074203
216221,7,9,18,4,3,3,t,f,13.36026426,52.48200883
216219,3,9,18,2,3,0,t,f,13.4210161,52.56537076
216217,3,8,20,3,2,0,t,t,13.43844237,52.56665132
216216,4,9,19,5,3,4,t,f,13.33169048,52.50535259
216215,12,9,16,6,3,6,f,t,13.3062012,52.62701259
216213,11,9,7,3,2,6,f,t,13.49625698,52.52042048
216212,2,9,9,4,3,5,t,f,13.43753732,52.50337759
216210,3,8,7,5,3,5,t,f,13.42639461,52.60313147
216209,10,8,18,3,3,3,t,f,13.57994549,52.52545017
216207,9,9,16,3,3,5,t,f,13.61269165,52.45419925
216203,3,8,17,2,2,3,t,f,13.40059764,52.55441591
216202,6,9,18,6,3,5,t,f,13.33154029,52.46377512
216196,9,9,18,2,3,1,t,f,13.53635466,52.4602152
216193,4,10,8,6,3,5,t,f,13.3294503,52.48165438
216192,7,9,11,3,2,1,t,f,13.38279195,52.47200761
216191,2,9,8,3,3,5,t,f,13.38670722,52.49130415
216189,4,8,8,3,3,0,t,f,13.30937738,52.5073258
216188,1,9,9,6,3,5,t,f,13.41719446,52.51246753
216184,7,8,23,3,3,1,t,f,13.34496739,52.48630538
216183,9,9,13,5,3,0,f,t,13.59149646,52.42630345
216182,4,9,11,7,3,0,t,f,13.33143775,52.50376622
216177,9,9,12,4,3,6,f,t,13.56245014,52.45667508
216176,3,8,16,5,3,5,t,f,13.43388545,52.61209951
216174,1,9,16,6,3,3,t,f,13.32798729,52.53289094
216173,2,9,8,5,3,5,t,f,13.38836492,52.50198352
216169,6,9,10,2,3,6,t,t,13.26835665,52.44717044
216168,4,9,15,1,3,0,t,f,13.25969859,52.51619169
216166,5,9,7,5,3,5,t,f,13.14171765,52.54693211
216165,6,9,13,6,3,1,t,f,13.27714495,52.43244635
216164,8,9,18,4,3,0,t,f,13.42873874,52.49324927
216161,6,9,15,5,3,0,t,f,13.28007774,52.45941357
216160,9,8,8,4,3,5,t,f,13.55934701,52.42333599
216159,1,9,15,1,3,5,t,f,13.34332475,52.52623249
216156,5,9,7,4,3,5,t,f,13.2673447,52.53115448
216153,11,9,14,2,3,0,t,f,13.49221577,52.54395796
216152,4,8,14,3,2,3,t,f,13.33057436,52.50357487
216151,9,9,15,6,3,6,t,t,13.51898049,52.45413549
216150,3,9,16,4,3,6,t,t,13.4411765,52.54346857
216147,3,9,7,2,3,6,t,t,13.44164322,52.54327567
216145,4,8,9,3,3,5,t,f,13.28061261,52.51684452
216142,4,9,17,3,3,5,t,f,13.26456558,52.52077235
216141,7,9,15,4,3,5,t,f,13.41615268,52.45957439
216139,12,8,15,5,2,8,t,f,13.2254688,52.61351744
216138,4,8,19,3,3,5,t,f,13.28170806,52.47647253
216129,1,9,18,5,3,2,t,f,13.41587139,52.52155245
216127,1,9,19,4,3,1,t,f,13.40078355,52.53028943
216126,2,8,6,6,3,5,t,f,13.38805794,52.49296994
216125,8,8,21,4,2,6,f,t,13.45580718,52.47398875
216124,8,9,15,7,3,6,f,t,13.43368104,52.48495877
216122,6,9,14,3,3,2,t,f,13.262606,52.43927852
216121,7,9,14,2,3,3,t,f,13.33393304,52.47150179
216120,12,9,8,4,2,6,f,t,13.29015853,52.57554207
216119,1,9,18,2,2,5,t,f,13.41712972,52.51610358
216118,3,9,16,2,3,5,t,f,13.44232016,52.54658939
216117,9,8,12,2,2,6,f,t,13.58618551,52.42547788
216114,3,9,11,6,3,6,f,t,13.42557659,52.60799596
216113,1,9,7,4,3,1,t,f,13.39144575,52.52533976
216112,1,9,11,1,3,5,t,f,13.4114556,52.52395585
216111,3,8,11,7,3,5,t,f,13.44509383,52.58136901
216103,6,9,17,4,3,6,t,t,13.25781178,52.43658795
216102,1,9,10,3,3,5,t,f,13.34192413,52.53422712
216101,4,9,16,7,3,0,t,f,13.3131523,52.49991813
216100,2,9,20,4,3,0,f,t,13.40913927,52.50178298
216099,11,9,15,2,3,5,t,f,13.48181985,52.52687663
216098,6,9,9,2,3,6,f,t,13.32849267,52.46323124
216096,1,9,1,6,3,5,t,f,13.39292362,52.52746306
216095,11,9,10,7,3,5,t,f,13.5244972,52.47866138
216091,1,8,18,4,3,6,f,t,13.33193665,52.52712793
216089,10,9,14,5,2,5,t,f,13.52755094,52.53722791
216085,11,9,15,3,3,5,t,f,13.5141606,52.5353581
216084,7,8,16,3,2,6,t,t,13.36720057,52.49344213
216083,2,9,13,6,3,6,f,t,13.43967823,52.52393359
216082,9,9,17,4,3,0,t,f,13.51061844,52.44463503
216081,1,8,12,2,3,6,f,t,13.38824978,52.52042096
216078,7,9,16,7,3,1,t,f,13.36944526,52.48815722
216074,2,9,9,5,3,1,t,f,13.39064133,52.50598564
216073,4,9,16,5,3,6,f,t,13.3325213,52.50602716
216072,3,9,15,4,3,5,t,f,13.42361052,52.55618163
216071,1,9,8,3,3,5,t,f,13.33550727,52.53308969
216069,9,8,13,3,3,0,t,f,13.51205052,52.47079927
216068,4,9,14,6,3,5,t,f,13.28662581,52.51888103
216067,6,9,17,5,3,0,t,f,13.34286986,52.4453811
216066,3,9,11,2,3,6,t,t,13.42338726,52.53705367
216065,1,9,17,7,3,6,t,t,13.34690033,52.5505392
216064,8,8,12,3,2,5,t,f,13.43396607,52.48984627
216063,10,9,9,2,3,5,t,f,13.61950597,52.53312524
216061,9,8,17,7,3,6,f,t,13.5717053,52.45373363
216059,8,9,4,7,3,6,f,t,13.4276462,52.48113005
216051,6,9,14,4,3,5,t,f,13.36616408,52.43028573
216050,4,9,8,3,3,5,t,f,13.33278185,52.47974237
216048,4,9,10,3,3,1,t,f,13.3237807,52.49472324
216047,2,9,10,3,3,4,t,f,13.43129909,52.50497957
216044,9,9,19,1,3,1,t,f,13.51383083,52.46330606
216042,9,9,17,5,2,6,f,t,13.58871168,52.45551391
216041,12,8,12,7,3,5,t,f,13.36435733,52.562646
216039,12,9,15,1,3,5,t,f,13.29095513,52.58100842
216038,11,8,6,3,3,6,f,t,13.47375237,52.53617561
216035,1,9,7,4,3,6,f,t,13.3801115,52.56030916
216030,1,8,3,6,2,0,t,f,13.39668694,52.51114382
216029,2,9,19,2,3,0,t,f,13.45667318,52.50979348
216028,9,9,8,7,2,5,t,f,13.50191585,52.46079086
216027,2,9,16,6,3,5,t,f,13.41769667,52.49926921
216020,4,9,16,3,2,6,f,t,13.30805705,52.51703842
216017,9,8,6,2,3,2,t,f,13.57249541,52.46123425
216016,12,9,9,6,3,6,f,t,13.32673524,52.5632029
216012,7,9,18,2,3,2,t,f,13.35952461,52.39905806
216009,3,9,21,7,3,0,f,t,13.42532302,52.52818989
216006,4,9,11,6,3,1,t,f,13.29713727,52.51226035
216002,1,8,9,3,3,2,t,f,13.387547,52.52458342
216001,5,9,18,6,3,0,t,f,13.25887139,52.54810598
216000,10,9,7,5,3,5,t,f,13.56640471,52.53428807
215999,3,9,0,2,3,6,f,t,13.42981578,52.613507
215998,7,9,17,2,2,5,t,f,13.33264897,52.46911454
215996,5,9,20,2,3,6,f,t,13.19706496,52.53834234
215995,6,9,14,1,3,3,t,f,13.11041554,52.41889208
215993,9,9,7,6,3,5,t,f,13.57679818,52.46401266
215990,5,9,14,6,2,5,t,f,13.20277294,52.54087076
215989,5,9,15,5,3,5,t,f,13.26504603,52.536658
215987,10,8,17,4,3,6,f,t,13.56559785,52.50727322
215984,11,9,11,4,3,0,f,t,13.49784129,52.54688623
215983,1,9,9,2,3,5,t,f,13.37921118,52.50699452
215980,1,9,13,2,3,6,f,t,13.38386746,52.51841273
215979,7,8,13,2,3,5,t,f,13.37820812,52.46628256
215978,3,9,12,6,3,5,t,f,13.43580274,52.55109566
215976,1,9,6,5,3,5,t,f,13.38910896,52.53461128
215974,1,10,19,6,3,5,t,f,13.37679083,52.50963555
215972,4,9,14,2,3,6,f,t,13.29834268,52.51800182
215971,11,9,16,7,3,6,t,t,13.47676097,52.500918
215970,1,9,17,5,3,0,t,f,13.40614333,52.53509702
215969,2,9,16,6,3,5,t,f,13.38516491,52.50219247
215966,3,9,12,3,2,6,f,t,13.46565792,52.5521041
215965,12,9,10,4,2,5,t,f,13.34764295,52.59483732
215964,1,8,7,3,3,0,t,f,13.38418632,52.5100163
215963,1,9,14,6,3,0,t,f,13.39290386,52.51918017
215962,8,9,18,3,3,5,t,f,13.44009403,52.48957565
215960,12,9,14,4,3,6,f,t,13.29684397,52.62157317
215959,6,9,21,7,3,5,t,f,13.3354334,52.45151258
215955,6,9,15,4,3,5,t,f,13.33872966,52.44439304
215954,3,9,7,4,3,5,t,f,13.43393973,52.60849
215952,1,8,12,3,3,5,t,f,13.35944965,52.52329469
215951,4,9,12,7,3,5,t,f,13.30631479,52.51758748
215950,11,9,16,5,3,2,t,f,13.49539643,52.54703556
215949,10,9,7,3,3,5,t,f,13.5581152,52.52963589
215947,5,9,20,4,3,1,t,f,13.21828964,52.55745686
215946,2,9,15,2,3,3,t,f,13.39906486,52.50686936
215943,1,9,8,5,3,5,t,f,13.34294142,52.52531604
215941,7,9,18,4,3,0,t,f,13.38576518,52.46708637
215938,3,9,12,1,2,5,f,t,13.48579202,52.61585559
215937,3,8,9,6,3,5,t,f,13.40807343,52.54722273
215936,3,9,18,5,3,5,t,f,13.45723475,52.56106718
215934,1,9,7,4,3,5,t,f,13.37552111,52.54329931
215933,1,9,11,4,2,6,f,t,13.37859524,52.55041809
215932,7,8,11,5,3,0,t,f,13.37289381,52.43681343
215931,6,8,20,3,2,0,t,f,13.25065735,52.43513265
215929,12,8,14,2,3,0,t,f,13.30048053,52.57941944
215927,6,9,22,2,3,2,t,f,13.34973093,52.45025014
215925,8,9,6,4,3,5,t,f,13.4505741,52.48638491
215923,1,9,13,2,3,5,t,f,13.37643168,52.54310099
215921,5,9,7,5,3,0,t,f,13.23312243,52.52761887
215920,2,9,21,6,3,5,t,f,13.43116763,52.49922531
215918,1,9,14,6,2,0,t,f,13.34123075,52.50556204
215914,3,9,12,1,3,1,t,f,13.43262618,52.60526102
215913,4,9,13,6,3,5,t,f,13.30913761,52.50648547
215911,7,9,13,3,2,5,t,f,13.35903066,52.49436577
215910,6,9,18,3,3,3,t,f,13.32598949,52.45919166
215908,2,9,16,3,3,6,f,t,13.46887821,52.50246017
215903,6,8,7,7,3,1,t,f,13.2567178,52.42936486
215901,2,9,11,1,3,5,t,f,13.39554999,52.49773659
215900,7,8,16,3,3,5,t,f,13.34990143,52.50083891
215899,12,9,16,6,3,5,t,f,13.28327425,52.58295157
215896,2,9,16,3,3,5,t,f,13.44072113,52.52441433
215895,4,9,11,3,2,6,f,t,13.32184967,52.50577673
215894,4,8,11,5,3,2,t,f,13.32222467,52.506417
215893,4,8,11,3,3,5,t,f,13.30309548,52.51353067
215892,11,9,7,6,3,6,f,t,13.48971964,52.5205221
215890,6,9,16,2,3,1,t,f,13.30457421,52.43696582
215886,3,8,22,7,3,5,t,f,13.38379102,52.5727594
215885,11,9,16,5,3,2,t,f,13.5009947,52.50915332
215884,2,9,13,6,3,5,t,f,13.39276918,52.4920341
215879,8,8,18,4,2,1,t,f,13.43603403,52.42424148
215876,7,9,17,3,3,1,t,f,13.36412037,52.47587438
215875,8,9,23,1,3,6,f,t,13.43294562,52.46459526
215870,2,9,21,5,3,5,t,f,13.45203057,52.51068857
215869,2,9,17,6,2,3,t,f,13.46614092,52.50010599
215867,7,8,12,2,3,5,t,f,13.34444927,52.48557597
215857,6,8,16,3,3,1,t,f,13.3388084,52.45395986
215853,6,8,16,5,3,5,t,f,13.31559464,52.4431967
215852,4,9,15,2,3,5,t,f,13.30592485,52.50678052
215851,9,9,15,6,3,6,f,t,13.58241015,52.44245733
215850,1,8,15,3,3,1,t,f,13.35254055,52.53968599
215848,12,10,14,6,3,6,f,t,13.32021355,52.57596849
215843,7,9,13,6,3,5,t,f,13.35333549,52.50093877
215842,6,9,13,6,3,6,t,t,13.35971228,52.43172936
215840,12,9,10,2,3,1,t,f,13.35580492,52.56879943
215839,4,9,8,3,3,5,t,f,13.31658872,52.49951724
215838,8,9,18,3,2,6,f,t,13.47354231,52.4242769
215835,6,9,8,4,3,5,t,f,13.34399496,52.43526542
215834,1,8,13,7,3,2,t,f,13.42173845,52.51423351
215830,1,9,16,6,3,3,t,f,13.38871754,52.51769248
215827,1,9,13,4,3,6,t,t,13.34432364,52.53152861
215825,7,8,10,5,3,5,t,f,13.3288431,52.47232632
215824,2,8,15,3,3,4,t,f,13.44917471,52.51776462
215822,4,9,14,3,3,1,t,f,13.29737614,52.49561784
215820,10,9,11,7,3,0,t,f,13.56402307,52.55641722
215819,5,9,15,4,3,5,t,f,13.22321304,52.53710861
215817,8,8,20,7,3,1,t,f,13.45299738,52.48178476
215816,10,9,15,4,3,6,t,t,13.60028072,52.47560701
215812,1,8,17,5,3,6,f,t,13.37686933,52.55661744
215808,1,9,15,5,3,6,f,t,13.42452781,52.51639263
215806,2,9,7,2,3,5,t,f,13.42170342,52.49296487
215805,1,9,21,4,3,0,t,f,13.39861713,52.5325576
215801,1,9,20,5,3,5,t,f,13.3794029,52.52943285
215797,12,8,11,6,3,5,t,f,13.32544792,52.60830639
215796,2,8,16,4,3,5,t,f,13.44384176,52.50008758
215792,11,9,17,3,3,6,t,t,13.48340019,52.52869965
215790,11,9,17,3,3,0,t,f,13.47526209,52.50172907
215789,8,8,14,3,3,1,t,f,13.45094871,52.43850452
215788,7,9,13,6,3,3,t,f,13.34522061,52.48487236
215787,9,9,16,4,3,5,t,f,13.67263039,52.4185517
215786,7,8,15,2,3,5,t,f,13.37089721,52.49265788
215785,7,8,9,6,3,5,t,f,13.36092405,52.49426084
215782,4,8,10,3,3,5,t,f,13.33515032,52.48590083
215780,3,8,11,6,3,5,t,f,13.41310839,52.54767851
215779,3,9,18,5,3,5,t,f,13.49013221,52.61711157
215777,4,9,10,4,3,5,t,f,13.32311654,52.49095289
215774,11,8,19,3,2,0,t,f,13.46858408,52.54425256
215767,8,9,15,1,3,6,f,t,13.42516369,52.48046521
215760,9,8,20,4,3,0,t,f,13.56512996,52.44550976
215758,6,9,13,3,3,6,f,t,13.29218512,52.45805004
215757,5,9,7,4,3,5,t,f,13.1893328,52.54294191
215755,2,8,12,5,3,1,t,f,13.4664988,52.50211117
215752,2,9,16,4,3,6,f,t,13.45468028,52.52396422
215750,2,9,18,2,2,1,t,f,13.42918093,52.50912371
215748,4,9,13,1,3,3,t,f,13.27843801,52.47363408
215747,4,8,13,7,3,5,t,f,13.3061928,52.52461527
215742,2,8,8,6,3,5,t,f,13.43261582,52.50239609
215740,8,9,7,6,3,0,t,f,13.45620886,52.48402469
215737,1,9,7,6,3,5,t,f,13.3980069,52.52725172
215735,10,9,8,3,2,6,f,t,13.58397981,52.53961235
215731,4,8,17,1,3,5,t,f,13.28358151,52.50639994
215729,2,9,10,7,3,5,t,f,13.41423411,52.48824263
215728,1,9,13,4,3,5,t,f,13.37427171,52.52795606
215727,9,9,14,5,3,5,t,f,13.51184327,52.46431769
215725,9,8,10,4,3,0,f,t,13.57005928,52.46808462
215723,1,9,16,7,3,5,t,f,13.34342912,52.52622983
215720,6,9,9,4,2,5,t,f,13.3461524,52.43398986
215718,6,8,11,2,3,5,t,f,13.34476392,52.46149585
215714,2,8,6,6,3,5,t,f,13.46612757,52.50007396
215712,9,9,21,6,3,6,f,t,13.54517971,52.43268973
215711,7,8,15,3,3,6,t,t,13.32925196,52.46561891
215710,4,9,17,7,2,6,f,t,13.31370943,52.54213086
215708,2,9,14,5,3,5,t,f,13.4715528,52.49384635
215700,3,9,9,3,3,4,t,f,13.45990894,52.54912878
215699,1,9,14,2,3,5,t,f,13.37703173,52.55629778
215698,7,9,14,5,3,5,t,f,13.35146048,52.4159082
215695,11,8,22,7,3,2,t,f,13.52550602,52.48174353
215693,1,9,9,6,3,5,t,f,13.35913896,52.52237256
215691,8,9,14,5,3,5,t,f,13.44384702,52.45224614
215690,3,8,9,6,3,6,f,t,13.43342932,52.53113959
215689,2,8,7,3,2,0,t,f,13.4341018,52.50483638
215688,2,9,18,1,3,6,t,t,13.46751607,52.50611727
215685,6,9,18,3,3,5,t,f,13.26137484,52.44324841
215682,3,9,15,3,3,6,f,t,13.42738377,52.55250809
215681,12,8,14,2,3,6,f,t,13.35516022,52.56276768
215680,2,9,18,6,3,1,t,f,13.41863134,52.50146255
215679,7,9,16,1,3,1,t,f,13.32598672,52.46710247
215676,2,9,6,5,3,6,f,t,13.44235373,52.50085645
215672,6,8,11,3,3,1,t,f,13.26133607,52.43673497
215671,3,9,20,6,3,0,t,f,13.40115935,52.56921523
215670,8,10,18,6,3,5,t,f,13.45149188,52.48390706
215669,9,9,15,3,2,5,t,f,13.50415202,52.45488695
215668,12,9,16,5,3,6,f,t,13.30679659,52.58089434
215666,7,9,15,2,3,0,f,t,13.37818106,52.48333799
215663,8,9,17,3,3,6,f,t,13.42451532,52.4864409
215660,7,9,17,7,3,1,t,f,13.4064013,52.38589214
215658,6,9,14,4,3,5,t,f,13.23025699,52.43013234
215656,2,9,22,7,3,5,t,f,13.44392552,52.50007591
215651,2,10,21,6,3,0,t,f,13.42162027,52.48723836
215650,2,9,18,3,3,2,t,f,13.39713584,52.49546236
215648,3,9,12,3,3,0,t,f,13.41272369,52.52900174
215646,7,9,8,6,3,1,t,f,13.34851902,52.49038439
215644,10,9,13,2,3,5,t,f,13.61740103,52.48405837
215643,1,9,20,7,3,5,t,f,13.33412504,52.52441884
215642,8,8,15,3,3,3,t,f,13.42924969,52.49308369
215641,2,9,15,5,3,6,f,t,13.4316608,52.49515206
215639,8,8,11,6,3,1,t,f,13.44783091,52.48561819
215638,1,9,18,5,3,5,t,f,13.36432302,52.54493977
215635,5,9,19,4,3,6,t,t,13.1865599,52.55122332
215633,1,8,12,3,3,5,t,f,13.34915977,52.52458911
215629,1,9,9,7,3,1,t,f,13.40746605,52.52388858
215627,11,9,13,2,3,2,t,f,13.51968411,52.49394677
215626,1,9,9,5,3,5,t,f,13.40711636,52.51310962
215623,7,9,7,5,3,1,t,f,13.40001749,52.42336276
215621,1,9,13,5,2,1,t,f,13.38288028,52.55158726
215615,3,9,9,4,3,0,t,f,13.45906665,52.54895203
215610,8,8,16,3,3,2,t,f,13.44035429,52.46748862
215608,4,9,8,5,3,5,t,f,13.31862808,52.51384334
215606,5,8,16,1,3,6,f,t,13.20382207,52.54127918
215605,2,9,14,2,2,1,t,f,13.38835786,52.50658653
215604,7,9,12,1,3,1,t,f,13.330171,52.4691696
215603,3,8,7,3,2,5,t,f,13.49928577,52.63063692
215602,4,9,22,6,2,6,f,t,13.32206042,52.52107243
215600,1,9,16,3,3,5,t,f,13.38235968,52.53774433
215597,11,8,16,5,3,5,t,f,13.52117385,52.49986526
215596,5,8,17,3,3,1,t,f,13.20860381,52.54749604
215593,5,9,5,3,3,5,t,f,13.14941096,52.55424483
215588,1,8,21,7,3,5,t,f,13.40447481,52.50786683
215586,2,9,17,5,3,4,t,f,13.44435723,52.50055739
215585,1,9,8,4,3,3,t,f,13.3785293,52.52915075
215584,9,9,12,4,3,5,t,f,13.59272702,52.42889567
215583,2,8,6,6,2,0,t,f,13.43380561,52.523318
215578,3,9,22,3,3,6,f,t,13.43766227,52.55487852
215577,1,8,17,2,3,6,t,t,13.39233519,52.52733878
215574,10,9,14,7,3,5,t,f,13.55429308,52.53765597
215573,9,9,9,4,3,0,t,f,13.45554943,52.48784757
215572,2,9,18,5,3,6,f,t,13.41392991,52.50023166
215569,4,9,16,5,3,1,t,f,13.30152016,52.5121146
215568,1,9,7,5,3,0,t,f,13.39096588,52.56330085
215565,12,8,20,5,2,6,f,t,13.33812251,52.61112441
215564,4,8,12,3,3,1,t,f,13.26047195,52.4998569
215563,1,9,21,6,3,6,f,t,13.37640017,52.52206172
215562,2,9,17,5,2,0,t,f,13.44286379,52.50059291
215561,3,9,13,4,3,1,t,f,13.46071324,52.545887
215559,10,9,17,4,3,5,t,f,13.60842276,52.538973
215557,2,9,4,1,3,5,t,f,13.39606925,52.49837954
215555,8,9,16,5,3,2,t,f,13.42841742,52.4933534
215551,3,8,14,6,3,1,t,f,13.45661575,52.5477002
215549,1,9,14,7,3,5,t,f,13.39590535,52.53242141
215546,2,9,17,4,3,5,t,f,13.42634795,52.49932326
215542,1,8,17,2,3,5,t,f,13.40392366,52.51537291
215539,2,8,9,2,3,5,t,f,13.46995871,52.51240868
215538,8,8,11,6,3,5,t,f,13.42828464,52.49350553
215537,4,9,17,2,3,2,t,f,13.30633268,52.51001309
215535,12,8,9,3,3,3,t,f,13.28634046,52.59119807
215533,9,10,14,6,3,0,t,f,13.57139456,52.432103
215532,4,9,18,3,3,5,t,f,13.32236525,52.4865411
215530,6,9,15,3,3,6,f,t,13.35466829,52.44862023
215529,3,8,7,5,3,6,f,t,13.43754674,52.57279051
215527,6,9,19,6,3,1,t,f,13.29520518,52.46560081
215526,5,9,15,4,3,6,f,t,13.18277466,52.5417028
215525,4,9,16,3,3,0,t,f,13.28169787,52.50942013
215521,4,8,20,7,2,6,f,t,13.31362954,52.50637337
215519,12,9,13,6,3,6,f,t,13.36594724,52.5725092
215515,3,8,14,4,3,5,t,f,13.42817829,52.54001286
215514,9,9,7,6,3,5,t,f,13.54656777,52.42637728
215511,7,9,12,2,3,6,f,t,13.39547614,52.38649685
215510,3,9,18,5,2,6,f,t,13.39834843,52.56186881
215509,12,9,15,2,3,0,f,t,13.35248126,52.56436598
215506,3,9,7,5,3,6,f,t,13.45804043,52.52884581
215502,6,8,13,7,2,2,t,f,13.18920194,52.45568991
215501,8,8,16,4,3,5,t,f,13.44279651,52.46507742
215500,2,9,1,7,2,5,t,f,13.38582718,52.48503473
215497,9,9,19,2,3,6,f,t,13.6249352,52.45506086
215496,7,9,9,3,3,1,t,f,13.38247596,52.46710119
215495,8,8,13,2,3,1,t,f,13.43979197,52.48705821
215492,6,9,7,3,3,1,t,f,13.34861458,52.45380803
215488,1,9,13,2,3,5,t,f,13.40114241,52.51132464
215486,1,9,15,5,3,6,t,t,13.35863576,52.54006808
215484,3,9,12,5,3,5,t,f,13.40742984,52.56319222
215481,12,8,16,4,3,1,t,f,13.31669819,52.56541068
215480,1,9,14,7,3,5,t,f,13.41743077,52.51075348
215479,2,9,18,6,3,0,t,f,13.46222583,52.51182864
215475,4,9,9,2,3,5,t,f,13.28851765,52.51307615
215474,1,8,14,2,3,5,t,f,13.3927737,52.56410348
215471,1,8,12,2,3,5,t,f,13.36020818,52.53726411
215470,1,8,15,5,2,5,t,f,13.37350147,52.52066335
215469,4,9,16,2,3,6,t,t,13.30690379,52.50664069
215467,1,8,19,3,3,1,t,f,13.3865007,52.53299416
215466,8,9,14,7,2,1,t,f,13.43646173,52.47283644
215464,4,8,12,5,3,1,t,f,13.32726211,52.50168783
215461,1,8,5,5,3,2,t,f,13.39587447,52.53822801
215460,9,8,17,3,3,5,t,f,13.57359682,52.40797058
215459,1,9,15,6,3,6,t,t,13.33009854,52.52566646
215455,1,9,18,4,3,2,t,f,13.39872563,52.53257852
215453,10,9,17,1,3,5,t,f,13.58928927,52.52938698
215446,8,8,14,4,3,5,t,f,13.47814138,52.41776108
215444,6,9,12,6,3,6,t,t,13.34938628,52.44760386
215443,4,9,12,3,3,5,t,f,13.29205741,52.47912109
215439,3,9,10,3,3,1,t,f,13.43222459,52.6045062
215438,2,8,12,1,3,3,t,f,13.44546121,52.50160845
215433,4,9,14,6,2,5,t,f,13.29624147,52.49789702
215432,9,8,15,7,3,1,t,f,13.54668859,52.45727412
215431,11,8,7,4,2,0,t,f,13.49995669,52.53275957
215428,9,8,5,3,3,5,t,f,13.48838575,52.45135807
215425,4,9,14,3,3,5,t,f,13.33109482,52.49316084
215424,1,9,8,4,3,5,t,f,13.37863148,52.52755817
215423,5,9,20,3,3,6,f,t,13.19814752,52.53279468
215421,5,9,7,6,3,5,t,f,13.18873272,52.54661218
215419,12,8,7,6,3,5,t,f,13.35423472,52.56506512
215416,11,9,10,4,3,1,t,f,13.47700586,52.52027214
215413,2,9,15,4,3,5,t,f,13.39720479,52.50023241
215411,8,9,15,4,3,5,t,f,13.48229043,52.42484176
215410,3,9,15,4,3,5,t,f,13.44291606,52.57047005
215406,12,9,15,4,3,2,t,f,13.30010109,52.58639318
215405,6,9,15,3,3,1,t,f,13.34707658,52.43702357
215402,9,8,15,6,3,5,t,f,13.57094157,52.38964869
215401,12,9,14,2,2,6,f,t,13.31579726,52.57448769
215400,1,9,10,7,3,5,t,f,13.34647932,52.53042807
215396,1,9,17,5,3,1,t,f,13.3475077,52.55308501
215395,2,9,16,5,3,5,t,f,13.44657492,52.50272511
215393,8,9,8,4,2,6,f,t,13.43895061,52.48040291
215391,3,8,13,3,3,5,t,f,13.41144072,52.58222236
215389,8,9,22,5,3,6,f,t,13.45849573,52.47365066
215387,3,9,6,2,3,5,t,f,13.42306486,52.55116982
215386,9,9,15,5,3,5,t,f,13.50631064,52.43748328
215383,8,9,11,1,3,1,t,f,13.43513356,52.4708303
215381,2,9,23,5,3,4,t,f,13.37934287,52.49047739
215377,1,8,17,6,3,5,t,f,13.38262574,52.5518769
215372,3,9,12,3,3,2,f,t,13.40608869,52.55409562
215371,2,9,14,2,3,5,t,f,13.43288609,52.51783677
215370,3,8,9,2,3,0,t,f,13.39071347,52.58428849
215362,1,8,18,7,2,6,t,t,13.40248388,52.52375068
215361,3,9,7,2,3,2,t,f,13.41150058,52.58213996
215360,9,9,10,1,3,5,t,f,13.65355155,52.41678492
215359,8,8,9,3,3,0,t,f,13.40632409,52.4158214
215358,7,9,15,6,3,3,t,f,13.35592602,52.45736953
215356,6,9,15,3,3,5,t,f,13.2983725,52.42200711
215354,1,9,12,3,2,0,t,f,13.40593384,52.53487344
215352,8,9,18,6,3,3,t,f,13.46484097,52.43331181
215351,6,9,8,3,3,5,t,f,13.31560634,52.443093
215349,1,9,9,4,3,5,t,f,13.40431076,52.5331369
215348,12,9,15,5,3,6,f,t,13.29693747,52.59016541
215347,11,9,12,7,3,1,t,f,13.50956223,52.57334332
215344,1,9,7,5,3,5,t,f,13.35848914,52.50165381
215343,12,9,14,3,3,5,t,f,13.34660939,52.56858154
215341,12,8,14,5,3,6,f,t,13.32520721,52.57378107
215339,12,9,20,7,3,2,t,f,13.35141838,52.57168553
215338,2,9,16,5,3,6,f,t,13.4683078,52.49947874
215337,4,9,11,3,3,0,f,t,13.30941448,52.50016579
215336,9,9,18,7,3,5,t,f,13.51403473,52.46231914
215335,8,9,23,4,3,1,t,f,13.42669268,52.48102865
215333,4,9,8,1,2,5,t,f,13.31502943,52.52456027
215325,5,9,7,2,3,5,t,f,13.18027282,52.50918382
215324,8,8,18,2,3,6,f,t,13.44297218,52.47128139
215320,2,9,16,2,3,0,t,f,13.38582718,52.48503473
215317,2,9,9,2,3,5,t,f,13.40526428,52.49052142
215316,1,8,8,3,3,5,t,f,13.38904542,52.51567389
215314,6,9,20,4,2,5,t,f,13.32385312,52.45609006
215312,3,9,9,4,3,0,t,f,13.41209503,52.5431422
215308,4,9,9,6,3,5,t,f,13.31162276,52.52331999
215306,8,9,20,4,3,1,t,f,13.43931144,52.48218523
215305,1,9,14,5,3,5,t,f,13.37042758,52.53425731
215304,11,8,17,5,3,0,t,f,13.47936984,52.52040768
215297,8,9,8,3,3,5,t,f,13.45463718,52.47464192
215296,3,9,18,2,3,1,t,f,13.39828275,52.56881866
215294,1,9,12,6,2,5,t,f,13.35947746,52.5232911
215292,2,9,2,5,2,0,t,f,13.39907638,52.49455826
215291,4,8,20,1,3,6,f,t,13.33954912,52.50324634
215290,9,10,12,6,2,6,f,t,13.49987743,52.44026528
215288,9,9,16,2,3,5,t,f,13.52614594,52.42378425
215286,5,8,17,3,2,6,f,t,13.19770746,52.53228023
215285,4,9,10,6,3,5,t,f,13.32318568,52.48739394
215284,3,9,6,5,3,6,f,t,13.43013981,52.60964338
215283,5,9,17,3,3,5,t,f,13.15780108,52.5430001
215282,8,9,16,3,3,6,f,t,13.43380891,52.48976879
215281,9,9,10,4,3,6,f,t,13.45280329,52.48976783
215280,8,8,17,2,3,5,t,f,13.46416645,52.47247479
215277,1,9,6,3,3,0,t,f,13.3911517,52.53620723
215276,6,9,14,6,2,5,t,f,13.34026451,52.43615629
215274,4,9,11,5,3,6,f,t,13.33533009,52.50402833
215273,8,9,20,7,3,6,f,t,13.46731262,52.46858704
215271,4,9,16,5,3,5,t,f,13.31075136,52.49507015
215270,7,9,23,5,3,1,t,f,13.35070236,52.49657876
215269,8,9,7,4,3,0,t,f,13.44713225,52.42701187
215267,5,8,7,6,3,6,f,t,13.14154062,52.53234699
215265,4,9,21,6,2,4,t,f,13.30958289,52.50659147
215264,11,9,19,4,3,6,f,t,13.49129363,52.50260554
215262,3,9,17,7,3,0,f,t,13.41646088,52.54728581
215261,1,9,13,5,3,6,t,t,13.37976069,52.55292007
215256,4,9,9,6,3,6,t,t,13.32550135,52.50936927
215254,6,9,12,5,2,6,t,t,13.25766214,52.45134948
215252,6,8,16,4,2,4,t,f,13.3453387,52.43665826
215250,9,9,14,5,3,5,t,f,13.47720769,52.46222378
215248,6,9,20,2,3,5,t,f,13.31684156,52.42580352
215244,11,9,15,6,2,5,t,f,13.4757824,52.53302318
215241,12,8,11,6,3,5,t,f,13.28805651,52.58888729
215240,2,9,13,2,3,5,t,f,13.41104101,52.50349606
215237,1,9,20,6,3,5,t,f,13.36033767,52.53724679
215235,2,9,12,4,3,1,t,f,13.46084627,52.51224246
215234,5,9,19,3,3,0,t,f,13.18290274,52.48569168
215231,8,9,18,6,3,5,t,f,13.45910324,52.44043489
215229,6,9,7,3,3,1,t,f,13.34861498,52.45381062
215228,1,9,0,1,3,2,t,f,13.35843153,52.50096756
215226,2,9,13,1,3,5,t,f,13.38970239,52.49591504
215225,6,8,11,7,3,5,t,f,13.27987357,52.43966441
215223,3,8,13,6,3,5,t,f,13.42743193,52.53617257
215222,6,9,11,2,2,5,t,f,13.2958022,52.45102438
215219,10,9,17,5,3,0,t,f,13.54540069,52.52585725
215218,7,9,16,6,3,5,t,f,13.36039807,52.49038472
215216,1,9,10,3,3,6,f,t,13.37629621,52.53599467
215215,1,9,11,4,3,5,t,f,13.39292146,52.5274667
215212,1,8,19,3,3,5,t,f,13.39896173,52.5082284
215211,10,9,18,6,3,5,t,f,13.52000596,52.52583451
215209,11,9,16,3,3,6,f,t,13.45903231,52.526127
215208,1,9,21,7,3,6,f,t,13.35801789,52.53533541
215206,1,9,23,5,2,5,t,f,13.42615181,52.51590111
215204,10,8,13,7,3,5,t,f,13.58391293,52.52435901
215203,3,9,17,5,3,0,t,f,13.40765788,52.57391013
215202,3,9,23,5,3,1,t,f,13.41828686,52.54436777
215201,9,9,10,4,3,5,t,f,13.48401852,52.46323846
215200,1,9,17,4,3,5,t,f,13.39294318,52.52750274
215196,6,9,9,5,3,3,t,f,13.33345463,52.42993908
215193,11,9,21,4,2,0,f,t,13.52284599,52.56627042
215191,1,9,8,2,2,5,t,f,13.34755446,52.51552395
215190,3,8,7,2,3,0,f,t,13.41054166,52.55160944
215184,4,8,15,4,3,4,t,f,13.27780769,52.50681307
215182,2,9,16,5,3,5,t,f,13.43041803,52.51137076
215180,7,9,17,4,2,0,t,f,13.34670263,52.50145008
215179,9,9,18,3,3,2,t,f,13.5676082,52.44501868
215178,11,9,15,3,3,5,t,f,13.47668915,52.50095021
215175,1,9,15,6,3,6,f,t,13.34305652,52.50484167
215174,11,9,16,4,3,4,t,f,13.48960553,52.5120984
215172,10,8,11,6,3,5,t,f,13.59189092,52.54566404
215171,8,9,12,2,3,1,t,f,13.44485321,52.48714374
215170,2,9,21,7,3,0,t,f,13.40489389,52.50473896
215169,5,8,7,3,3,6,f,t,13.21854525,52.52523809
215168,2,9,16,5,2,5,t,f,13.43567086,52.49167242
215167,11,9,14,1,3,1,t,f,13.49026954,52.526567
215165,6,9,16,4,3,5,t,f,13.33898646,52.46452439
215164,10,9,15,6,3,5,t,f,13.59030417,52.52954725
215163,10,9,15,4,3,6,f,t,13.59143332,52.53136047
215162,3,9,11,4,1,0,t,f,13.50228673,52.63755925
215161,7,8,17,5,3,5,t,f,13.37821452,52.45199142
215160,3,8,19,3,2,3,t,f,13.42881873,52.57933285
215159,1,9,16,6,3,6,t,t,13.36496074,52.49942478
215158,8,9,21,5,3,1,t,f,13.44362836,52.46423119
215157,4,9,16,3,2,6,f,t,13.31199389,52.5178085
215155,12,8,15,3,2,6,t,t,13.3324225,52.57677846
215149,12,9,8,5,3,5,t,f,13.31719052,52.56894477
215143,2,9,15,6,3,5,t,f,13.38408115,52.49521011
215142,10,9,13,4,3,6,f,t,13.58692039,52.54897129
215140,10,9,12,5,3,5,t,f,13.59195838,52.54584546
215139,8,9,8,3,3,5,t,f,13.40715125,52.41575524
215138,7,9,17,3,3,6,f,t,13.37155807,52.49253016
215136,6,9,17,6,3,5,t,f,13.28987624,52.45806482
215134,10,9,14,5,3,5,t,f,13.57724327,52.51315442
215133,9,9,7,5,3,5,t,f,13.55167911,52.42852256
215132,9,8,11,7,3,6,f,t,13.48959605,52.46767845
215131,11,9,15,1,3,6,f,t,13.5178794,52.5716046
215130,1,9,17,1,3,2,t,f,13.39555353,52.53873608
215127,1,9,18,4,2,5,t,f,13.4162543,52.51105578
215126,2,8,9,6,3,5,t,f,13.45800423,52.5094552
215125,1,8,22,4,2,6,f,t,13.4122128,52.51583122
215124,1,9,17,7,3,5,t,f,13.39182959,52.51043883
215123,12,9,21,5,3,6,f,t,13.33398379,52.58972083
215122,4,9,7,3,3,5,t,f,13.30997322,52.47893806
215120,5,9,18,4,3,5,t,f,13.21744428,52.53777769
215119,4,9,11,2,3,5,t,f,13.33246134,52.50605507
215116,6,9,8,6,3,5,t,f,13.36327309,52.43478567
215115,2,9,12,7,3,1,t,f,13.4543533,52.52196577
215113,1,9,18,5,3,5,t,f,13.36595255,52.52517794
215112,1,8,17,7,3,6,f,t,13.35487459,52.55180547
215111,1,8,7,4,3,5,t,f,13.39031744,52.55554551
215110,11,9,15,2,3,2,t,f,13.49667002,52.50731828
215109,3,8,9,3,3,1,t,f,13.42477195,52.54366458
215095,1,9,9,1,3,5,t,f,13.41820321,52.51540851
215092,2,9,23,5,2,5,t,f,13.41044608,52.5037966
215089,12,8,9,5,3,0,t,f,13.28782949,52.59011582
215088,1,8,14,3,3,6,f,t,13.38260385,52.53045568
215087,4,9,17,6,3,0,t,f,13.29128565,52.49712963
215086,7,9,23,5,2,6,f,t,13.38577953,52.46572896
215085,9,9,7,3,3,2,t,f,13.54102151,52.43551539
215080,4,8,14,7,3,1,t,f,13.32254522,52.49987065
215079,1,9,20,5,3,6,t,t,13.35107706,52.54978162
215076,3,9,18,5,3,5,t,f,13.43378396,52.54957056
215075,9,8,17,6,2,0,t,f,13.57538052,52.4474879
215074,2,8,21,4,3,5,t,f,13.43042227,52.49920317
215073,10,9,15,1,3,5,t,f,13.5575374,52.52739003
215072,7,9,9,6,2,6,f,t,13.38450159,52.45933966
215069,2,8,4,1,2,0,t,f,13.4601146,52.51236542
215067,1,9,6,3,3,4,t,f,13.35858882,52.53650907
215065,3,9,9,6,3,5,t,f,13.40428096,52.58148695
215063,4,9,11,5,3,5,t,f,13.33108894,52.49515045
215061,1,10,10,6,3,5,t,f,13.40431057,52.52176434
215060,1,8,10,7,3,6,f,t,13.38945239,52.55531083
215059,5,9,16,2,3,5,t,f,13.17255063,52.56067511
215056,1,9,10,6,3,5,t,f,13.35115859,52.5096367
215053,2,9,7,3,3,5,t,f,13.40588139,52.4895139
215052,4,9,10,4,3,6,f,t,13.32221934,52.49553972
215051,4,8,14,3,3,5,t,f,13.29569138,52.51948956
215050,2,9,15,6,3,5,t,f,13.46590694,52.49695473
215047,11,9,15,4,2,6,f,t,13.51920751,52.51360517
215043,4,9,18,5,3,5,t,f,13.31257802,52.50643069
215041,2,9,15,4,3,5,t,f,13.43910054,52.51241021
215037,7,9,18,3,3,6,f,t,13.32871372,52.4652921
215036,9,9,9,4,3,5,t,f,13.50710179,52.46324125
215034,1,8,15,2,3,6,f,t,13.41164731,52.52396202
215031,10,8,16,5,3,5,t,f,13.60369644,52.47893431
215030,2,9,20,2,3,0,t,f,13.45907673,52.50119371
215028,10,8,14,3,3,2,t,f,13.56421985,52.50368322
215024,3,9,11,6,3,5,t,f,13.42384431,52.53831692
215023,2,9,19,3,1,5,f,t,13.45234224,52.52756271
215022,12,9,10,4,3,5,t,f,13.29669839,52.59466002
215021,2,8,12,5,2,6,f,t,13.40933768,52.49960925
215019,1,9,14,7,2,0,t,f,13.38718228,52.52664909
215018,8,9,4,5,3,2,f,t,13.43194255,52.46643116
215017,6,9,16,3,2,5,t,f,13.16714461,52.42054941
215016,7,9,19,7,3,5,t,f,13.36219402,52.49793114
215011,8,8,18,7,3,5,t,f,13.42530206,52.48082565
215009,9,9,17,6,3,6,f,t,13.47246635,52.44949587
215005,6,8,22,4,3,6,f,t,13.32061749,52.4566998
215003,1,9,9,6,3,5,t,f,13.36588209,52.52532973
214999,6,9,0,3,2,0,t,f,13.32499758,52.4612526
214998,2,9,16,3,3,6,f,t,13.40912655,52.5017867
214997,3,8,15,2,3,5,t,f,13.44138706,52.53193843
214995,9,9,11,5,3,5,t,f,13.54638681,52.42642731
214994,9,8,7,2,3,5,t,f,13.69943788,52.43592505
214992,8,9,12,2,3,5,t,f,13.46435231,52.47020064
214989,10,9,11,6,3,6,f,t,13.60338611,52.53043091
214986,4,9,6,3,2,3,t,f,13.31751445,52.49140108
214985,4,9,7,3,3,5,t,f,13.29384799,52.49752437
214983,8,8,10,3,3,5,t,f,13.43869014,52.44811871
214980,7,9,22,2,3,5,t,f,13.36717349,52.46715508
214979,4,9,14,6,3,5,t,f,13.2185166,52.50886923
214977,4,9,15,7,3,3,t,f,13.33372174,52.50875866
214976,1,8,21,7,2,5,t,f,13.39520689,52.54612964
214974,1,9,10,6,3,6,f,t,13.40069399,52.52960219
214972,7,9,17,4,3,5,t,f,13.3708711,52.49266354
214970,3,8,16,4,2,5,t,f,13.40460814,52.54059655
214965,12,9,17,4,3,5,t,f,13.31198716,52.56808605
214964,6,9,16,1,3,5,t,f,13.35156782,52.44017763
214962,7,8,14,1,3,1,t,f,13.35747003,52.49961384
214961,1,9,8,5,3,5,t,f,13.40592491,52.53110959
214959,6,9,12,5,3,3,t,f,13.34222714,52.44116296
214956,8,8,16,4,3,5,t,f,13.45378002,52.46524289
214954,8,9,18,6,3,5,t,f,13.4263443,52.47754772
214952,9,8,17,5,3,0,f,t,13.48729168,52.47571028
214951,4,8,12,3,3,0,f,t,13.33263016,52.50630315
214950,1,9,23,6,3,0,t,f,13.37358494,52.51140706
214949,2,9,16,5,3,5,t,f,13.46952498,52.4945998
214948,1,9,14,3,3,5,t,f,13.38063055,52.51820782
214946,8,9,15,5,3,5,t,f,13.43584882,52.4821073
214945,4,9,15,2,3,2,t,f,13.32384497,52.49509836
214942,3,8,12,2,3,0,t,f,13.41102011,52.56717351
214941,1,9,5,5,3,5,t,f,13.3989326,52.50822652
214940,12,9,9,6,3,6,f,t,13.28729532,52.58883114
214936,4,8,17,4,3,1,t,f,13.3077473,52.50574591
214932,11,9,7,3,3,0,t,f,13.49466901,52.54594785
214931,5,9,8,3,3,5,t,f,13.13276653,52.54919668
214928,9,9,15,6,2,3,t,f,13.59451605,52.42639855
214924,12,9,10,2,3,5,t,f,13.30723299,52.62106473
214923,1,9,17,7,3,6,f,t,13.34295629,52.52598225
214921,10,10,9,6,3,5,t,f,13.56999431,52.48687866
214919,5,9,21,4,2,6,f,t,13.19978588,52.53481867
214918,3,9,22,3,2,6,f,t,13.4344894,52.55350733
214913,2,9,12,2,3,6,f,t,13.43797289,52.49329705
214908,2,9,19,5,3,6,f,t,13.4659181,52.50888484
214906,7,9,8,4,3,7,t,f,13.37610998,52.4557709
214905,2,9,19,4,3,2,t,f,13.43873466,52.49508539
214904,3,8,8,6,3,6,f,t,13.40295786,52.56274293
214903,1,8,14,4,3,0,t,f,13.3379394,52.51381253
214901,4,9,14,5,2,6,t,t,13.32011759,52.47508846
214898,1,9,21,4,3,0,t,f,13.33841109,52.52180959
214897,12,9,8,2,2,6,t,t,13.36468655,52.57193875
214896,1,9,15,2,2,5,t,f,13.37188873,52.50905405
214894,3,9,23,5,3,0,t,f,13.46619308,52.55047765
214889,10,8,9,4,3,3,t,f,13.54609779,52.52607711
214884,1,9,10,3,3,3,t,f,13.40185912,52.52963702
214880,2,9,7,4,3,3,t,f,13.38143335,52.50058687
214879,4,8,12,2,3,5,t,f,13.33217092,52.50618977
214876,12,9,20,6,2,6,f,t,13.32764813,52.56398191
214875,12,8,15,3,3,2,t,f,13.2299013,52.62502228
214874,2,9,22,5,3,5,t,f,13.44479284,52.50109721
214873,11,9,12,7,2,6,f,t,13.47949761,52.52686338
214871,7,9,12,4,3,5,t,f,13.33860987,52.49381072
214868,2,9,7,4,3,5,t,f,13.46618412,52.49690507
214867,2,8,12,5,3,5,t,f,13.41267159,52.49207527
214866,2,8,15,3,3,2,t,f,13.38660495,52.50105126
214865,2,9,15,6,3,6,t,t,13.39112056,52.48949106
214864,9,8,10,6,3,1,t,f,13.52231265,52.46188857
214863,7,8,6,2,2,5,t,f,13.37107161,52.47036961
214862,5,8,8,5,2,5,t,f,13.24778485,52.54721395
214859,2,7,22,4,3,5,t,f,13.41030067,52.50378271
214858,3,7,23,5,3,1,t,f,13.41853926,52.54680449
214857,2,8,15,4,3,5,t,f,13.41029918,52.50378311
214854,5,8,10,2,3,0,t,f,13.20223087,52.5380626
214853,11,8,18,7,3,3,t,f,13.50008921,52.48401744
214852,12,7,11,2,3,5,t,f,13.32759442,52.56409475
214851,7,8,6,2,3,5,t,f,13.37349978,52.48292709
214850,8,8,7,6,3,6,t,t,13.44178859,52.45766663
214849,7,7,15,6,2,5,t,f,13.34392226,52.48571858
214847,2,8,13,4,3,4,t,f,13.43563356,52.49614056
214844,11,8,13,5,3,5,t,f,13.5074962,52.56424458
214834,3,8,20,6,2,9,f,t,13.42408169,52.55282082
214833,11,8,11,3,2,6,t,t,13.51920765,52.51361314
214829,4,8,11,3,3,1,t,f,13.29050839,52.47445079
214828,1,7,14,3,3,5,t,f,13.37572677,52.54864381
214825,2,8,15,2,3,1,t,f,13.38500999,52.49797153
214822,9,7,18,3,3,5,t,f,13.51926775,52.45407803
214821,8,8,16,4,2,2,t,f,13.4167918,52.41836959
214820,10,7,22,5,3,5,t,f,13.51947088,52.53535614
214817,1,8,9,4,3,5,t,f,13.38031039,52.5188031
214816,8,7,15,4,3,5,t,f,13.42556831,52.47921627
214814,9,8,13,4,3,2,t,f,13.59329217,52.45290871
214813,12,8,13,2,3,6,f,t,13.37351699,52.56420867
214811,11,7,17,3,3,5,t,f,13.50713695,52.51525125
214809,1,8,22,1,3,6,f,t,13.38126765,52.55243548
214805,4,7,14,6,3,5,t,f,13.29431652,52.49776158
214804,11,7,5,6,3,5,t,f,13.50213355,52.55735916
214803,8,8,18,5,3,6,f,t,13.44559506,52.48583617
214801,8,8,12,3,3,5,t,f,13.43395844,52.48984928
214795,1,8,21,3,2,5,t,f,13.35303224,52.50229271
214794,1,8,22,7,3,5,t,f,13.40303057,52.53366999
214792,8,7,21,6,3,5,t,f,13.4239943,52.47727486
214791,9,8,13,4,3,0,t,f,13.55083023,52.42907889
214790,12,7,5,4,3,5,t,f,13.36206523,52.56870076
214789,4,7,18,6,3,5,t,f,13.29122279,52.5065936
214785,9,8,12,1,2,3,t,f,13.59258499,52.4546539
214784,2,7,10,4,3,5,t,f,13.38153388,52.50057387
214783,11,8,15,2,2,5,t,f,13.52403337,52.47743857
214782,8,7,0,6,2,1,t,t,13.42446792,52.48467019
214781,11,7,17,6,3,0,t,f,13.48650844,52.50238496
214780,2,7,19,2,3,1,t,f,13.41960362,52.50119306
214779,9,8,6,6,3,5,t,f,13.47377849,52.47499338
214776,1,8,19,6,3,0,t,f,13.40335907,52.5273833
214773,3,7,16,4,3,0,t,f,13.47306435,52.61692268
214770,1,7,23,3,3,6,f,t,13.3792875,52.55299519
214769,4,7,19,7,3,5,t,f,13.30954019,52.5136503
214768,1,8,21,6,3,0,t,f,13.41095719,52.52207601
214765,1,7,17,2,3,1,t,f,13.38651523,52.52369796
214764,11,7,16,5,3,5,t,f,13.47630075,52.53313042
214762,1,8,21,4,2,1,t,f,13.346938,52.54727743
214761,1,8,17,3,3,6,f,t,13.40356883,52.52310998
214760,8,7,20,4,3,1,t,f,13.44615973,52.48627032
214758,2,8,12,4,3,3,t,f,13.44423554,52.51157041
214757,11,8,7,2,3,3,t,f,13.52783069,52.55675155
214747,9,7,15,3,3,5,t,f,13.50861704,52.463702
214746,5,8,13,5,3,5,t,f,13.17747471,52.52532918
214744,2,8,19,2,2,0,t,f,13.4566541,52.50979849
214740,1,7,15,2,3,0,t,f,13.368469,52.52203943
214739,1,7,11,2,3,2,t,f,13.38732191,52.52591489
214738,9,8,17,6,3,7,t,f,13.52437232,52.44965267
214737,12,8,17,1,2,0,t,f,13.32393309,52.56072668
214730,1,7,22,4,2,5,t,f,13.41937449,52.50580077
214725,7,8,15,3,2,6,f,t,13.34770842,52.48530739
214724,8,8,22,6,2,5,t,f,13.43604229,52.44899516
214722,2,8,9,6,3,5,t,f,13.39858715,52.49640915
214715,9,8,11,2,3,0,t,f,13.59657295,52.44149595
214713,1,8,14,6,3,5,t,f,13.39768158,52.52945209
214711,1,8,18,6,3,3,t,f,13.30982716,52.55171485
214709,12,7,17,6,3,5,t,f,13.37817668,52.56600369
214708,2,8,9,4,2,5,t,f,13.45786422,52.50950102
214706,3,7,15,7,3,6,t,t,13.43337752,52.55825595
214705,7,8,14,5,3,6,f,t,13.32836504,52.46617066
214704,12,8,17,3,3,1,t,f,13.27701929,52.58958538
214702,2,8,16,7,3,5,t,f,13.41253614,52.49189708
214701,6,7,19,3,2,0,t,f,13.33920187,52.46267204
214699,6,8,21,7,3,5,t,f,13.29028936,52.45805649
214698,2,7,15,7,3,5,t,f,13.45356431,52.51413556
214697,8,7,19,7,2,2,f,t,13.46995447,52.42663276
214696,2,8,9,5,3,5,t,f,13.44634432,52.51763801
214695,2,7,15,5,3,0,t,f,13.4044485,52.49831277
214694,5,8,12,6,3,5,t,f,13.15882492,52.46259064
214693,10,8,18,4,3,3,t,f,13.58200854,52.5207137
214692,8,8,18,4,3,5,t,f,13.42498582,52.48063265
214691,6,7,17,7,3,5,t,f,13.34397618,52.46205835
214690,3,8,16,2,3,2,t,f,13.44971409,52.55266176
214689,6,7,18,5,2,3,t,f,13.33226656,52.46384839
214686,5,7,12,1,3,5,t,f,13.15977524,52.56447809
214685,1,8,20,6,3,6,f,t,13.38413901,52.51009976
214684,11,8,16,2,3,6,t,t,13.49676221,52.50747419
214683,2,8,14,6,3,5,t,f,13.37503017,52.48503927
214682,12,7,12,2,2,5,t,f,13.34403097,52.59604216
214680,1,7,11,4,3,5,t,f,13.3766071,52.50963631
214679,4,7,15,5,3,1,t,f,13.31703594,52.51788582
214678,1,8,13,4,3,3,t,f,13.39063096,52.52439993
214669,12,7,11,5,3,0,t,f,13.31206194,52.56795857
214668,4,7,13,6,2,2,t,f,13.33455058,52.50327685
214667,3,8,7,4,3,1,t,f,13.42043753,52.56663371
214666,2,7,12,4,3,5,t,f,13.43420307,52.52332382
214664,6,8,12,4,3,5,t,f,13.26794133,52.44545663
214659,1,8,16,1,3,5,t,f,13.39125581,52.55371159
214657,1,7,14,5,2,6,f,t,13.32835042,52.53429349
214652,9,7,14,5,3,5,t,f,13.54526465,52.42571165
214651,1,8,13,5,3,5,t,f,13.40567026,52.51411913
214646,5,8,16,3,2,0,t,f,13.157739,52.5428897
214643,4,8,9,5,3,5,t,f,13.31457762,52.52161751
214640,1,8,17,4,3,5,t,f,13.37781432,52.50797437
214639,2,8,18,3,3,5,t,f,13.42376896,52.48850668
214635,2,7,20,7,3,5,t,f,13.45730475,52.50341551
214633,8,8,9,2,3,1,t,f,13.43686257,52.48006533
214629,11,7,10,4,3,5,t,f,13.47822666,52.51503844
214624,6,8,7,4,3,5,t,f,13.1805373,52.41939041
214623,3,7,8,2,3,5,t,f,13.42244157,52.55992991
214620,1,7,21,3,3,0,t,f,13.42820112,52.50728368
214619,7,8,16,3,3,6,f,t,13.40743345,52.38667027
214615,6,8,8,4,2,5,t,f,13.29665531,52.46439849
214613,1,8,11,5,3,1,t,f,13.364088,52.50927865
214612,1,8,13,5,3,5,t,f,13.40630682,52.5249491
214604,12,8,7,6,3,0,t,f,13.29008853,52.58219982
214598,4,8,13,3,2,5,t,f,13.28776378,52.48088897
214594,3,8,20,2,3,0,t,f,13.42366483,52.55155803
214593,10,8,13,7,3,5,t,f,13.56177434,52.54997292
214590,12,7,17,5,3,5,t,f,13.3132612,52.58558172
214589,4,7,8,6,3,0,t,f,13.32035088,52.48172332
214586,10,8,12,6,3,5,t,f,13.56092024,52.49256921
214583,7,7,16,4,3,0,t,f,13.35907057,52.48368633
214580,8,8,15,6,3,5,t,f,13.45706342,52.45336502
214579,5,8,16,3,2,6,f,t,13.14961525,52.55411039
214577,12,7,12,2,3,5,t,f,13.32326315,52.59746395
214572,1,8,16,2,3,5,t,f,13.40365602,52.5260261
214571,4,7,20,5,3,1,t,f,13.29892589,52.51968769
214570,4,8,16,4,2,5,t,f,13.30420282,52.50371665
214569,2,8,21,3,3,5,t,f,13.4103254,52.50377613
214568,1,8,14,2,3,5,t,f,13.37370703,52.54223773
214567,1,8,9,7,3,5,t,f,13.37089335,52.51107969
214565,4,8,10,3,3,5,t,f,13.29954096,52.51947728
214564,8,8,12,1,3,1,t,f,13.44117297,52.48249032
214563,5,7,12,5,3,5,t,f,13.21506089,52.56076293
214559,1,8,17,5,3,1,t,f,13.40692335,52.52562087
214558,2,7,22,7,2,1,t,f,13.45115623,52.51085219
214556,1,8,10,3,3,5,t,f,13.39864469,52.53256291
214555,9,8,12,1,3,2,t,f,13.55262369,52.43068244
214554,6,7,19,4,3,1,t,f,13.29657315,52.42629439
214552,11,7,0,1,3,6,f,t,13.51254626,52.55519689
214549,9,8,10,6,3,5,t,f,13.4547099,52.49419712
214546,2,7,8,2,2,5,t,f,13.42999194,52.52328788
214544,2,7,10,4,3,3,t,f,13.44625726,52.50222719
214542,2,8,23,3,3,6,f,t,13.38615926,52.4850296
214539,5,8,16,6,2,5,t,f,13.18501545,52.53799017
214538,1,8,7,2,3,1,t,f,13.41019002,52.52755919
214535,1,7,11,6,3,5,t,f,13.402661,52.53854694
214534,1,8,9,3,3,0,t,f,13.4100217,52.528142
214532,8,7,13,5,2,5,t,f,13.43408906,52.46313405
214531,10,8,15,5,3,5,t,f,13.5902806,52.52950126
214529,10,8,13,2,3,6,f,t,13.61318062,52.49910038
214528,10,8,11,7,3,5,t,f,13.51777415,52.53537692
214527,3,7,18,4,3,5,t,f,13.41272611,52.54440205
214526,6,8,11,3,3,3,t,f,13.30946113,52.43114954
214522,1,8,8,4,3,1,t,f,13.38712523,52.52695276
214518,12,8,11,4,3,1,t,f,13.22394365,52.62181951
214516,1,7,18,7,3,4,t,f,13.38502226,52.53110491
214515,3,8,15,4,3,5,t,f,13.44428119,52.56524109
214514,9,8,8,4,2,6,f,t,13.6249256,52.45692989
214511,1,7,15,3,3,2,t,f,13.38709376,52.54981124
214508,5,8,14,1,3,6,t,t,13.16627721,52.51809275
214506,2,7,18,7,3,5,t,f,13.45928188,52.5125053
214505,4,8,17,5,3,5,t,f,13.29562688,52.49346292
214503,4,8,16,5,2,2,t,f,13.28658439,52.51901987
214501,3,8,8,5,3,5,t,f,13.40868956,52.54727876
214500,11,8,14,3,3,5,t,f,13.4846494,52.51394501
214495,7,7,7,2,3,2,t,f,13.36183777,52.44720568
214494,8,8,18,6,3,5,t,f,13.46080555,52.46815734
214493,12,8,9,2,3,1,t,f,13.30835459,52.58491395
214492,7,8,18,6,3,0,t,f,13.38278229,52.403812
214491,1,7,16,2,3,5,t,f,13.40261263,52.53137195
214490,2,8,16,4,3,3,t,f,13.41018976,52.50293548
214488,1,7,8,5,3,5,t,f,13.41420065,52.50808865
214487,1,8,17,4,3,6,t,t,13.3889028,52.54757158
214486,6,8,19,3,3,5,t,f,13.3403272,52.43625274
214484,9,7,8,2,3,5,t,f,13.52729145,52.43195686
214483,2,8,7,2,3,5,t,f,13.42800076,52.52658323
214482,2,8,14,7,3,5,t,f,13.45885525,52.51142505
214481,9,8,6,3,3,6,f,t,13.49037102,52.46748427
214479,1,7,16,5,3,5,t,f,13.41163447,52.5047844
214478,9,7,8,6,3,6,f,t,13.49136531,52.46914792
214477,2,8,5,5,3,5,t,f,13.42756374,52.51777709
214474,6,8,17,4,2,5,t,f,13.30427805,52.46011395
214473,7,8,7,3,3,5,t,f,13.42047743,52.46173528
214469,9,8,7,3,3,5,t,f,13.55505453,52.44051813
214467,2,7,13,7,3,3,t,f,13.42097037,52.50366607
214465,1,7,13,6,3,1,t,f,13.40805932,52.52841236
214463,2,7,16,3,3,5,t,f,13.42454737,52.49720355
214462,9,8,15,5,3,5,t,f,13.50813187,52.45294093
214460,2,8,6,2,3,5,t,f,13.39583774,52.49783785
214459,1,7,17,4,3,3,t,f,13.34359534,52.53268995
214458,2,8,17,1,3,5,t,f,13.38232934,52.48984746
214455,2,8,5,2,3,2,t,f,13.42280368,52.49905285
214454,1,8,21,5,3,6,f,t,13.37311502,52.55661415
214452,5,8,12,4,3,0,t,f,13.21689012,52.5377942
214451,2,7,17,4,3,5,t,f,13.37674034,52.49146784
214449,3,8,10,3,2,5,t,f,13.38976687,52.57429414
214448,7,8,19,2,3,5,t,f,13.37810039,52.46632094
214446,8,8,16,3,3,5,t,f,13.47246945,52.4314325
214445,4,8,15,1,2,2,t,f,13.28576766,52.49517539
214443,7,8,20,1,2,0,t,f,13.3854192,52.46712304
214442,2,7,13,7,3,0,t,f,13.46472593,52.51458278
214441,3,7,9,1,3,2,t,f,13.43292781,52.59602231
214440,4,8,8,6,3,0,t,f,13.29120086,52.5396698
214435,4,7,8,5,3,5,t,f,13.33425693,52.50858676
214432,4,7,11,3,3,0,t,f,13.29879016,52.49530367
214430,8,8,13,2,3,6,f,t,13.43203207,52.48631001
214429,7,8,0,6,3,5,t,f,13.32827774,52.46899098
214428,1,7,18,2,3,3,t,f,13.39724217,52.53248382
214427,9,8,16,3,3,5,t,f,13.5214103,52.46641281
214425,1,7,11,6,3,5,t,f,13.34133656,52.53220016
214423,7,8,8,4,3,5,t,f,13.39266186,52.41278668
214422,10,7,3,5,2,0,t,f,13.58270096,52.51862051
214421,4,8,17,5,3,5,t,f,13.33718413,52.49445467
214419,10,8,15,3,3,3,t,f,13.56361415,52.49687036
214418,1,7,20,7,2,5,t,f,13.34888003,52.51512306
214417,6,8,18,1,3,5,t,f,13.33925251,52.45863881
214416,7,7,21,3,2,3,t,f,13.36223596,52.4122575
214413,4,7,19,6,3,6,f,t,13.33592086,52.5044393
214412,11,8,18,5,3,4,t,f,13.49899096,52.51713964
214411,3,7,15,6,2,5,t,f,13.46295402,52.53232396
214410,2,8,9,6,3,5,t,f,13.46473165,52.49754867
214409,6,8,11,2,2,5,t,f,13.28933031,52.4185369
214407,2,8,10,4,3,0,t,f,13.43294756,52.5233412
214406,3,8,9,2,3,1,t,f,13.39711436,52.56686466
214402,3,8,15,6,3,5,t,f,13.47693962,52.56699383
214398,9,8,9,5,3,1,t,f,13.50707213,52.44849713
214395,8,8,18,3,3,7,t,f,13.43496188,52.4830941
214392,9,8,16,4,2,5,t,f,13.54146912,52.43539811
214389,11,8,0,7,3,0,t,f,13.47517101,52.50148917
214386,1,8,20,7,3,0,t,t,13.40341742,52.53222234
214384,2,7,11,6,3,5,t,f,13.41030438,52.50378172
214383,1,8,7,4,3,5,t,f,13.39028849,52.55554788
214379,5,8,15,3,3,5,t,f,13.15796142,52.54305989
214378,1,8,17,1,3,5,t,f,13.34875936,52.5485604
214377,1,7,8,4,3,5,t,f,13.37429227,52.54364632
214373,4,7,17,2,3,2,t,f,13.33134375,52.50303438
214371,7,8,10,7,3,5,t,f,13.36124669,52.49441903
214370,1,7,19,5,3,5,t,f,13.37964849,52.55293788
214368,3,8,7,5,3,0,t,f,13.42186159,52.57325634
214367,3,7,9,4,3,5,t,f,13.47109026,52.61539997
214365,11,8,15,5,2,6,f,t,13.52059151,52.56881806
214362,2,7,17,3,3,6,t,t,13.41943269,52.49000867
214361,5,8,10,3,3,6,f,t,13.2077798,52.52785511
214360,4,7,9,3,3,6,t,t,13.32725901,52.52026673
214357,1,7,23,6,3,1,t,f,13.3990157,52.53241965
214355,11,8,10,6,3,6,f,t,13.49131516,52.54348903
214354,8,8,15,2,3,5,t,f,13.44889544,52.48508469
214353,9,8,19,6,3,0,t,f,13.56926647,52.44316915
214351,2,8,16,2,3,6,f,t,13.46488166,52.51642377
214350,6,7,17,4,3,0,t,f,13.2961792,52.44345165
214349,2,8,9,2,3,5,t,f,13.41045283,52.50380109
214347,10,8,16,6,3,6,f,t,13.61332431,52.50879441
214345,2,8,14,6,3,6,f,t,13.382598,52.50457008
214342,9,7,20,5,2,5,t,f,13.45355265,52.48923963
214336,11,8,17,3,2,5,t,f,13.4992242,52.52034669
214335,8,8,12,2,3,0,t,f,13.43575164,52.44937472
214334,12,8,18,7,3,5,t,f,13.32165966,52.5656588
214332,4,8,11,3,3,1,t,f,13.31918156,52.50163993
214331,8,8,22,1,3,4,t,f,13.43626274,52.48016924
214330,4,7,13,7,3,6,f,t,13.32147021,52.48641564
214329,2,7,20,7,3,5,t,f,13.37675212,52.49143154
214328,3,8,1,5,3,2,t,f,13.43173667,52.53226285
214326,2,8,17,5,2,5,t,f,13.39833978,52.50706645
214322,2,7,7,4,3,5,t,f,13.41117219,52.50350606
214320,1,7,19,2,3,0,t,f,13.41811759,52.51687749
214319,2,8,22,5,3,5,t,f,13.41223253,52.50307779
214318,11,7,11,1,2,6,f,t,13.47941111,52.52329536
214315,8,8,19,6,3,0,t,f,13.42675722,52.47617807
214313,1,8,18,4,3,5,t,f,13.40190352,52.52894178
214310,1,8,17,3,3,0,t,f,13.36033922,52.53724527
214308,7,7,7,3,3,5,t,f,13.37591765,52.44324539
214306,7,7,13,6,2,1,t,f,13.388703,52.45313619
214304,1,8,8,5,3,5,t,f,13.32953604,52.52381158
214301,12,8,13,3,3,5,t,f,13.29231314,52.59059283
214300,3,7,16,5,3,0,t,f,13.47094188,52.55521458
214298,9,8,20,2,3,5,t,f,13.48697769,52.46565053
214297,9,7,15,4,3,0,t,f,13.58148508,52.46050891
214295,7,7,15,1,3,3,t,f,13.34498814,52.48454462
214292,8,8,8,6,3,5,t,f,13.45398195,52.46920539
214291,5,7,15,3,3,5,t,f,13.26044744,52.54521157
214290,8,7,12,5,3,5,t,f,13.43009115,52.45592091
214289,2,7,15,6,3,5,t,f,13.41118423,52.5035026
214288,8,8,11,4,3,2,t,f,13.43849435,52.488503
214287,1,8,10,4,3,6,t,t,13.41726292,52.5124356
214284,6,8,16,4,3,6,f,t,13.33500928,52.42101556
214280,4,7,8,3,3,3,t,f,13.30472372,52.47989693
214279,12,8,20,3,3,5,t,f,13.28812605,52.58464795
214275,1,8,8,5,3,2,t,f,13.40315029,52.52467874
214274,12,7,12,6,3,5,t,f,13.32363154,52.58719058
214273,11,7,18,6,3,5,t,f,13.50837931,52.57548121
214271,1,8,20,4,3,6,t,t,13.38109619,52.53214455
214270,6,8,7,3,3,6,t,t,13.31563025,52.44459088
214265,10,7,13,2,3,5,t,f,13.55726158,52.50715097
214264,8,8,7,6,3,5,t,f,13.45560072,52.47950646
214263,11,8,8,2,3,5,t,f,13.49037673,52.51517259
214262,1,8,19,6,3,6,t,t,13.40034897,52.52365042
214260,8,8,20,4,3,5,t,f,13.46434047,52.47328137
214257,2,8,17,4,3,5,t,f,13.46316028,52.50823636
214256,11,8,7,3,3,5,t,f,13.48662164,52.5025237
214255,2,7,13,3,3,5,t,f,13.46314036,52.51146759
214254,11,7,15,2,3,5,t,f,13.48578706,52.52163479
214253,10,8,14,2,3,5,t,f,13.57112979,52.54588695
214252,2,8,12,7,3,0,t,f,13.46816003,52.52027492
214251,6,8,19,3,3,0,t,f,13.17963988,52.42193565
214250,7,8,20,7,3,6,f,t,13.40747878,52.39212034
214249,1,7,14,5,3,0,t,f,13.32761859,52.52430128
214248,11,7,17,6,3,6,t,t,13.5294331,52.48809675
214247,10,8,7,5,3,6,f,t,13.55970497,52.47952755
214241,7,8,16,1,3,5,t,f,13.4068661,52.39377189
214240,4,7,15,3,3,1,t,f,13.33258972,52.50519193
214239,6,8,17,3,3,3,t,f,13.31954648,52.45331654
214237,11,8,14,6,3,5,t,f,13.5563187,52.57040328
214236,11,8,14,2,3,5,t,f,13.52253559,52.5085618
214234,4,7,18,5,3,3,t,f,13.26069772,52.48960264
214231,10,8,5,3,3,5,t,f,13.5194693,52.53536329
214229,7,7,14,7,3,5,t,f,13.36193331,52.49798242
214226,5,8,7,2,2,5,t,f,13.17193779,52.55012454
214225,1,8,19,7,3,0,t,f,13.39610058,52.52416705
214223,5,8,11,3,3,5,t,f,13.20978027,52.54789762
214221,5,7,13,6,2,5,t,f,13.26497126,52.53655571
214220,2,7,6,7,3,0,t,f,13.42723119,52.49931088
214218,2,7,22,5,2,3,t,f,13.44021269,52.49392567
214217,7,8,16,6,3,5,t,f,13.40675867,52.39852304
214216,4,8,2,4,2,0,t,f,13.31656766,52.51433553
214215,1,8,14,3,3,0,t,f,13.41724039,52.50676396
214212,6,8,13,1,3,5,t,f,13.33929526,52.45869916
214209,6,8,12,6,3,1,t,f,13.35845972,52.43411954
214208,6,8,7,2,3,5,t,f,13.27342284,52.4555881
214204,1,7,12,4,3,5,t,f,13.40164761,52.52962423
214202,1,8,10,4,3,5,t,f,13.38058225,52.52843678
214201,2,8,14,3,3,6,f,t,13.45319516,52.52367499
214200,8,7,14,3,3,6,f,t,13.4095735,52.41654601
214199,1,7,7,3,3,5,t,f,13.37464919,52.53732314
214197,1,8,20,7,3,5,t,f,13.31938985,52.52824248
214195,3,8,17,2,3,5,t,f,13.487884,52.61837836
214191,9,8,13,5,3,1,t,f,13.57542124,52.44723107
214190,2,7,7,5,3,0,t,f,13.4079144,52.5043513
214187,2,8,15,3,3,0,t,f,13.41234104,52.49212697
214185,8,7,12,3,3,5,t,f,13.41217302,52.41720329
214182,12,7,11,6,2,6,f,t,13.3538984,52.59656763
214181,3,8,9,5,3,6,t,t,13.45477843,52.52813094
214178,4,8,8,2,3,6,f,t,13.2938007,52.49125046
214176,1,8,14,3,3,5,t,f,13.39891653,52.50822548
214174,6,7,20,4,2,5,t,f,13.25017596,52.41857772
214171,12,8,15,6,3,5,t,f,13.28963023,52.59030275
214170,4,7,14,6,3,6,f,t,13.33876205,52.50259157
214168,7,8,18,5,3,5,t,f,13.34631641,52.50032522
214166,9,8,18,4,2,5,t,f,13.51703437,52.46176668
214165,2,8,8,2,3,5,t,f,13.38231258,52.50443787
214159,11,8,8,5,3,5,t,f,13.48220923,52.50640373
214158,9,7,15,3,3,5,t,f,13.55800911,52.45571372
214157,12,8,10,5,3,5,t,f,13.378999,52.56830719
214156,9,7,9,4,3,0,t,f,13.53839345,52.43413555
214154,1,8,16,4,3,5,t,f,13.37688341,52.51076861
214153,6,8,17,2,3,5,t,f,13.2673509,52.40896629
214152,1,7,19,4,3,1,t,f,13.39943152,52.53192
214151,12,8,11,4,3,5,t,f,13.24307003,52.61588175
214149,2,8,19,2,3,0,t,f,13.40542353,52.48917317
214148,11,8,10,7,2,5,t,f,13.52709282,52.48656555
214147,11,7,17,2,3,5,t,f,13.48412298,52.50856839
214146,1,8,18,2,3,1,t,f,13.41043071,52.52505487
214145,2,8,10,7,3,3,t,f,13.4200806,52.5023887
214144,11,7,17,5,3,0,t,f,13.48806154,52.51840974
214143,1,7,14,6,3,5,t,f,13.38312422,52.53059981
214142,1,8,12,4,3,0,t,f,13.3573671,52.53593687
214140,7,8,22,5,3,5,t,f,13.34575593,52.50006999
214139,11,8,19,5,2,6,f,t,13.52528947,52.4806776
214137,11,8,18,1,3,1,t,f,13.48266841,52.54670649
214136,11,7,17,4,3,5,t,f,13.49360138,52.54476692
214134,11,8,17,1,2,6,f,t,13.52179242,52.567094
214131,2,7,14,5,3,1,t,f,13.38705224,52.50065934
214129,9,8,16,2,3,6,f,t,13.50836761,52.43276093
214128,1,8,17,6,3,6,f,t,13.41152815,52.52173202
214126,1,8,21,4,3,5,t,f,13.39133638,52.55033697
214124,8,7,5,5,2,5,t,f,13.47316327,52.4231223
214122,8,8,13,3,2,6,f,t,13.45333334,52.47350574
214121,8,7,13,4,3,5,t,f,13.45121277,52.47188999
214119,1,8,20,6,2,3,t,f,13.41811702,52.51689576
214118,1,8,16,3,3,5,t,f,13.41637378,52.5110269
214116,7,7,20,3,2,5,t,f,13.38544836,52.46712326
214115,7,8,10,4,3,1,t,f,13.35216341,52.48660772
214113,5,7,17,7,3,5,t,f,13.21893788,52.53709477
214112,4,8,18,4,2,6,f,t,13.29855281,52.537054
214109,2,8,9,4,3,5,t,f,13.46028483,52.51594374
214108,3,8,16,3,3,5,t,f,13.40026486,52.55876536
214107,2,8,21,2,3,6,f,t,13.44663099,52.52131646
214105,7,7,11,4,3,5,t,f,13.4012765,52.41462937
214103,4,8,9,7,2,5,t,f,13.30298745,52.51865328
214102,12,7,14,7,3,5,t,f,13.34368894,52.61345695
214101,2,7,10,7,3,1,t,f,13.39059305,52.5062901
214100,6,8,13,5,3,6,f,t,13.25886567,52.43188476
214098,1,8,15,7,3,0,t,f,13.37181786,52.50927518
214096,1,8,7,4,3,5,t,f,13.4058379,52.53063956
214095,7,7,18,4,3,5,t,f,13.36696963,52.49330284
214093,4,8,19,3,3,1,t,f,13.3108196,52.50138866
214092,11,8,17,2,2,6,f,t,13.51237249,52.55504688
214089,8,7,12,3,3,6,f,t,13.4387635,52.45260398
214088,3,8,13,2,3,1,t,f,13.41734281,52.54682249
214087,3,8,17,7,2,5,t,f,13.42020169,52.61098258
214086,11,7,13,3,3,5,t,f,13.50560819,52.53464035
214084,3,8,17,1,3,6,f,t,13.49041848,52.62127766
214083,1,7,19,5,3,0,t,f,13.35667408,52.52515713
214082,1,7,1,6,2,0,t,f,13.32979066,52.52405669
214080,1,7,17,6,2,0,t,f,13.38020641,52.51930551
214079,12,7,13,6,3,5,t,f,13.37804741,52.56891638
214078,3,8,15,5,3,2,t,f,13.4443062,52.5528383
214077,10,8,9,5,3,2,t,f,13.61668333,52.54086225
214070,7,8,12,5,3,6,t,t,13.36334179,52.48764469
214069,12,7,18,1,3,6,f,t,13.31196938,52.61510342
214068,7,8,7,6,3,2,t,f,13.35233879,52.49483748
214067,6,8,21,1,3,5,t,f,13.33907045,52.46453145
214065,8,7,7,2,3,6,f,t,13.43470637,52.48120564
214064,1,8,7,4,3,0,t,f,13.34260148,52.50593162
214063,11,7,10,5,3,5,t,f,13.52415416,52.47782924
214062,11,7,15,5,3,6,f,t,13.49922231,52.5180492
214060,1,7,7,4,3,5,t,f,13.39031873,52.55554541
214059,6,7,9,2,3,2,t,f,13.30337861,52.44111364
214058,3,8,22,6,3,6,f,t,13.42351874,52.61165355
214057,6,8,10,2,3,5,t,f,13.22935029,52.4264716
214054,7,7,16,6,3,1,t,f,13.41013389,52.38761585
214053,11,8,11,4,3,1,t,f,13.53951939,52.49129849
214051,5,7,19,5,2,5,t,f,13.13030541,52.55068307
214050,2,7,10,7,3,5,t,f,13.42970568,52.5210915
214048,12,8,16,4,3,6,f,t,13.32912876,52.56725446
214047,1,8,13,2,3,4,t,f,13.33903482,52.52385682
214046,1,8,6,7,3,0,t,f,13.41788882,52.52577741
214045,8,7,17,4,3,1,t,f,13.42532524,52.4799626
214044,1,8,8,3,3,5,t,f,13.41963636,52.50618391
214043,7,8,0,1,2,0,t,f,13.3638447,52.48513351
214042,7,7,16,6,3,5,t,f,13.38181477,52.39695237
214035,6,8,16,1,3,6,t,t,13.32525259,52.46017283
214033,4,8,16,1,2,8,t,f,13.24936406,52.51598958
214028,10,8,22,6,2,5,t,f,13.52438591,52.5364036
214026,1,8,19,6,3,0,t,f,13.40831039,52.52736399
214024,7,7,11,6,3,5,t,f,13.35493031,52.41329371
214023,2,8,18,5,2,0,t,f,13.45954917,52.51246007
214022,3,8,8,5,3,0,t,f,13.49306702,52.62386284
214020,10,8,14,7,3,5,t,f,13.53373699,52.52572434
214017,7,7,8,1,3,5,t,f,13.34746722,52.4705873
214015,12,8,8,6,3,2,t,f,13.27289891,52.63450958
214014,9,8,13,2,3,5,t,f,13.61879482,52.45556393
214012,7,7,18,2,2,5,t,f,13.35081627,52.49863793
214010,3,7,10,4,3,4,t,f,13.43485678,52.54654797
214009,7,7,8,5,3,2,t,f,13.34789196,52.47892633
214008,11,8,17,2,3,5,t,f,13.49866266,52.53839081
214006,11,7,14,2,3,6,f,t,13.51191451,52.55465149
214003,1,8,21,6,3,0,t,f,13.40435891,52.53318855
213999,11,7,12,5,3,1,t,f,13.47814638,52.51501299
213998,4,7,15,7,3,1,t,f,13.27977502,52.54100149
213995,1,8,17,3,3,5,t,f,13.37828902,52.52917249
213994,3,8,10,1,3,0,t,f,13.37318555,52.59829241
213992,1,8,18,3,3,3,t,f,13.35649098,52.52377451
213990,9,7,12,7,3,6,f,t,13.62642438,52.45693615
213989,5,7,14,1,2,9,t,f,13.20441841,52.540133
213987,7,7,14,6,2,6,f,t,13.38541915,52.44680342
213985,9,8,16,5,3,5,t,f,13.6569564,52.41524237
213984,2,8,16,4,2,5,t,f,13.37203367,52.48505339
213982,9,7,14,4,2,6,f,t,13.48433517,52.46752089
213981,2,8,20,1,3,1,f,t,13.43890955,52.50049299
213980,10,7,15,1,3,4,t,f,13.60064214,52.47736513
213979,4,8,22,6,3,5,t,f,13.32034405,52.47890201
213978,4,8,15,2,2,5,t,f,13.30011941,52.5067542
213977,2,8,15,6,3,5,t,f,13.44228402,52.50101322
213975,6,8,9,5,3,1,t,f,13.33985706,52.45952013
213972,1,8,0,4,3,0,t,f,13.34219295,52.50493283
213971,1,8,17,2,3,6,t,t,13.37726107,52.55385214
213967,1,8,20,7,3,5,t,f,13.41646091,52.51098784
213965,8,8,18,2,3,5,t,f,13.43117498,52.46774579
213964,4,8,15,6,3,5,t,f,13.31386565,52.5062885
213962,2,7,20,6,3,5,t,f,13.44679646,52.50268697
213958,12,8,14,3,3,5,t,f,13.29164394,52.59574654
213955,2,8,20,3,3,5,t,f,13.39085553,52.504532
213953,1,7,8,4,2,5,t,f,13.35564528,52.519722
213952,8,7,19,6,3,5,t,f,13.43468547,52.47870799
213947,11,8,15,6,3,6,f,t,13.50883982,52.50087775
213942,9,7,16,7,3,5,t,f,13.58437785,52.45171019
213941,8,8,10,5,3,5,t,f,13.42401367,52.4772087
213939,5,8,14,3,3,5,t,f,13.1887792,52.54682256
213937,4,7,16,3,3,1,t,f,13.30627646,52.5217304
213934,6,7,15,6,3,1,t,f,13.29598819,52.42052695
213932,1,8,21,5,3,6,f,t,13.40347026,52.52743985
213930,1,8,18,4,3,3,t,f,13.38039411,52.51833741
213929,10,8,18,2,3,6,f,t,13.60994124,52.53435872
213928,9,7,16,4,3,6,t,t,13.57866378,52.45780079
213924,7,8,15,6,3,1,t,f,13.35743397,52.48858702
213923,1,8,20,2,3,5,t,f,13.35710727,52.5235446
213922,9,8,15,7,3,5,t,f,13.58347422,52.45170351
213920,4,8,16,4,3,5,t,f,13.28666463,52.518761
213919,1,7,13,4,3,5,t,f,13.41665912,52.51948597
213918,11,7,21,5,3,5,t,f,13.47862209,52.52868084
213917,3,8,15,4,2,6,f,t,13.48655638,52.61677441
213914,1,7,22,6,3,5,t,f,13.38020296,52.53286411
213913,1,8,14,4,3,3,t,f,13.34799169,52.5481557
213911,3,8,7,2,3,2,t,f,13.45826896,52.53473511
213908,1,8,10,3,3,5,t,f,13.38523303,52.53126631
213906,1,7,8,6,3,1,t,f,13.36097286,52.54528579
213905,7,7,15,6,3,5,t,f,13.40490001,52.44445534
213904,3,8,8,4,3,2,t,f,13.39830074,52.59238522
213903,6,7,8,5,3,5,t,f,13.28708317,52.43273553
213901,10,8,12,5,3,5,t,f,13.54385545,52.55357476
213900,1,8,17,3,3,5,t,f,13.35696671,52.52381366
213898,3,7,22,4,3,1,t,f,13.41069053,52.53949696
213896,2,7,9,6,3,2,t,f,13.39477901,52.50069278
213894,5,7,19,5,3,5,t,f,13.20445394,52.53023559
213893,10,8,18,6,3,1,t,f,13.56649619,52.48460303
213892,12,8,13,2,3,6,f,t,13.36210617,52.56871678
213891,11,8,16,6,3,0,t,f,13.47191028,52.53763717
213890,4,8,17,3,3,0,t,f,13.3195066,52.49208158
213889,2,7,6,5,3,5,t,f,13.45877336,52.51138754
213886,12,8,11,3,3,6,f,t,13.30866368,52.61790053
213885,4,8,19,1,3,0,t,f,13.32193461,52.48642173
213884,11,7,16,3,3,2,t,f,13.47799921,52.53613826
213883,4,8,11,3,3,5,t,f,13.273008,52.51318759
213879,2,8,18,6,3,1,t,f,13.45812886,52.5127106
213876,4,8,14,3,2,0,t,f,13.29572275,52.51933187
213874,12,7,20,4,3,1,t,f,13.30575525,52.587094
213871,12,7,16,2,3,5,t,f,13.24415746,52.61500337
213870,3,8,13,6,2,5,t,f,13.42864826,52.59946464
213869,1,8,14,2,3,2,t,f,13.37061549,52.55908657
213868,1,8,13,7,3,1,t,f,13.35955218,52.54608928
213865,4,7,16,4,3,5,t,f,13.31511408,52.49089234
213862,6,8,16,2,3,2,t,f,13.3585719,52.43421386
213857,1,8,6,2,3,5,t,f,13.39044218,52.50769435
213854,4,8,18,3,3,5,t,f,13.33281439,52.47981933
213852,4,7,13,7,3,5,t,f,13.30384568,52.49941859
213847,8,8,12,5,3,2,t,f,13.49424423,52.41875443
213845,8,8,13,1,3,5,t,f,13.47510543,52.46361964
213843,5,8,5,2,3,6,f,t,13.18869355,52.53718691
213842,5,7,18,2,3,5,t,f,13.15970913,52.55563965
213841,7,7,21,1,3,0,t,f,13.40027285,52.48379568
213840,9,8,7,6,3,2,t,f,13.50737572,52.4748873
213837,8,7,17,1,3,5,t,f,13.42113163,52.48032955
213835,9,7,10,4,2,0,t,f,13.73056376,52.42743056
213834,4,7,16,5,3,3,t,f,13.26968374,52.51087515
213830,2,8,19,6,3,5,t,f,13.46200628,52.51873623
213828,8,8,18,6,2,0,t,f,13.44541477,52.47651805
213827,4,7,19,5,3,6,f,t,13.33070351,52.49832112
213826,8,7,15,6,2,1,t,f,13.43597928,52.45862822
213825,12,8,21,3,3,5,f,t,13.37703368,52.56074776
213824,9,8,15,4,3,6,t,t,13.71169339,52.43257297
213823,1,7,15,4,3,0,t,f,13.41836779,52.52600026
213821,8,8,12,5,3,5,t,f,13.43481586,52.46205716
213820,2,8,13,4,2,5,t,f,13.38364689,52.493794
213818,4,7,18,4,3,5,t,f,13.28149357,52.50842618
213813,10,7,6,3,3,4,t,f,13.58417487,52.54055705
213812,1,8,8,5,3,0,t,f,13.39276408,52.56411205
213810,7,7,11,7,3,6,f,t,13.3624845,52.41226974
213807,1,7,19,5,2,0,t,f,13.34333819,52.52861931
213806,7,8,8,4,3,4,t,f,13.35497803,52.49037573
213805,11,8,9,4,3,5,t,f,13.49948684,52.5138422
213804,11,8,14,2,3,5,t,f,13.48650412,52.54098093
213797,8,8,11,4,3,0,t,f,13.42126544,52.44275731
213795,3,7,0,6,3,5,t,f,13.41472556,52.55356963
213794,3,8,10,5,3,1,t,f,13.4389366,52.60839104
213789,2,8,14,1,3,5,t,f,13.42893903,52.51561402
213788,10,7,15,2,3,6,f,t,13.57025581,52.54198195
213787,9,7,12,2,3,0,t,f,13.5508255,52.43891661
213786,2,8,14,6,3,5,t,f,13.38245944,52.50448062
213784,10,8,14,6,3,5,t,f,13.58645234,52.51883816
213782,12,8,17,4,3,0,t,f,13.35289323,52.56792934
213781,7,7,12,4,3,5,t,f,13.3278483,52.47252163
213780,2,7,10,5,3,3,t,f,13.44061232,52.49956625
213779,2,8,10,3,3,5,t,f,13.47338524,52.49593344
213776,8,7,8,3,3,5,t,f,13.50151421,52.41369586
213775,1,8,8,2,3,1,t,f,13.38358407,52.51107888
213773,2,8,14,2,3,5,t,f,13.38782671,52.50306012
213772,1,8,18,7,3,5,t,f,13.39434811,52.54741519
213767,1,8,23,5,3,0,t,f,13.41892493,52.52542682
213765,3,8,14,3,3,5,t,f,13.41907613,52.53049413
213764,4,8,18,1,3,6,f,t,13.3133894,52.52404915
213762,1,8,12,3,3,1,t,f,13.38116186,52.53209163
213761,7,8,21,7,3,6,f,t,13.3457043,52.4942471
213758,4,7,16,6,3,5,t,f,13.29630048,52.4976128
213757,2,8,19,5,3,6,t,t,13.46775461,52.51510684
213753,3,7,10,4,3,2,t,f,13.45359851,52.59180476
213747,11,8,12,1,2,6,t,t,13.50489309,52.57338549
213745,4,7,19,1,3,6,f,t,13.29156247,52.49717256
213744,3,8,13,5,2,5,t,f,13.40613227,52.58168599
213743,2,7,11,5,3,5,t,f,13.44070112,52.5173234
213742,10,7,19,6,3,6,f,t,13.61963807,52.53990338
213739,1,8,17,3,3,5,t,f,13.35226349,52.50529284
213736,3,8,20,1,3,0,t,f,13.41104537,52.55410633
213733,1,8,12,6,3,5,t,f,13.38333864,52.54858351
213731,7,8,12,6,3,6,f,t,13.39258564,52.41268946
213730,7,7,15,1,3,5,t,f,13.34515132,52.48918161
213729,1,8,17,4,3,0,t,f,13.34853301,52.52197763
213727,8,7,9,5,3,3,t,f,13.42666657,52.48744623
213722,4,8,13,7,2,0,t,f,13.33181344,52.5006393
213719,3,8,22,6,3,5,t,f,13.36843071,52.59733201
213716,1,8,10,5,3,0,t,f,13.37628666,52.52203511
213715,1,7,6,5,3,0,t,f,13.35596217,52.54322089
213714,6,8,12,5,3,6,f,t,13.30568687,52.44811345
213712,1,8,18,3,3,0,t,f,13.38542571,52.55740316
213709,10,8,7,3,3,6,f,t,13.5735058,52.55221836
213705,4,7,10,6,3,5,t,f,13.28108192,52.50767076
213704,4,8,7,6,3,5,t,f,13.28229885,52.48379139
213702,2,8,16,6,2,5,t,f,13.45062546,52.52237738
213701,8,8,12,4,3,1,t,f,13.42780064,52.48905834
213699,1,7,15,4,3,0,t,f,13.35014599,52.52449955
213698,1,8,13,2,3,5,t,f,13.37589498,52.52855419
213697,8,7,21,6,2,6,f,t,13.43180003,52.46641441
213696,1,7,18,1,3,0,f,t,13.39685516,52.52396735
213695,2,8,7,6,3,5,t,f,13.3904752,52.49598026
213692,1,7,16,3,3,0,t,f,13.37714757,52.5281569
213691,9,8,7,4,3,1,t,f,13.57511226,52.44657238
213690,2,7,1,5,3,5,t,f,13.40298195,52.49412158
213689,9,7,17,5,3,5,t,f,13.57412491,52.39580075
213687,1,8,16,2,3,5,t,f,13.38676497,52.55934089
213686,11,7,12,4,2,5,t,f,13.50861343,52.55956147
213684,7,8,15,4,2,5,t,f,13.32646261,52.47644993
213680,1,7,18,3,3,5,t,f,13.40535725,52.50827917
213675,3,7,19,6,3,5,t,f,13.45721725,52.56105319
213674,4,7,13,6,3,6,f,t,13.28992738,52.47349155
213672,4,6,12,5,3,3,t,f,13.27935977,52.52384026
213671,10,6,12,2,3,5,t,f,13.61424964,52.53025589
213670,1,5,13,2,3,3,t,f,13.41404641,52.51572477
213669,2,6,19,6,3,5,t,f,13.43194689,52.5057655
213668,10,6,16,5,3,6,f,t,13.56752852,52.56980266
213667,1,7,6,6,3,5,t,f,13.32972665,52.52372366
213666,4,6,8,4,3,3,t,f,13.30815344,52.48396017
213665,6,5,17,6,3,6,f,t,13.28264948,52.44620467
213664,8,6,19,4,3,5,t,f,13.45406675,52.48249771
213663,12,7,0,2,3,1,t,f,13.33687276,52.5957473
213656,1,7,17,7,3,5,t,f,13.38042994,52.51813719
213650,4,6,10,6,3,5,t,f,13.33108894,52.49515045
213647,10,5,15,3,1,6,f,t,13.60985766,52.53304456
213646,8,6,16,4,3,0,t,f,13.42761517,52.49040405
213642,2,5,17,2,3,5,t,f,13.39646482,52.49146899
213641,1,6,10,5,3,3,t,f,13.39091128,52.52793191
213640,9,6,10,5,3,5,t,f,13.50878991,52.45226927
213639,1,6,16,3,3,1,t,f,13.39876195,52.52569773
213637,12,6,7,4,2,5,t,f,13.2922957,52.59055003
213635,3,6,15,2,3,6,f,t,13.4355541,52.55651181
213634,7,7,9,2,3,5,t,f,13.36313682,52.47618131
213630,1,6,13,6,3,6,f,t,13.41789463,52.51465943
213627,7,6,15,6,2,5,t,f,13.41375924,52.45957812
213626,6,6,8,6,2,5,t,f,13.23003583,52.43388857
213623,2,6,20,2,3,5,t,f,13.44227926,52.50089493
213622,1,5,0,5,2,6,f,t,13.38536419,52.53840541
213621,11,6,10,4,3,5,t,f,13.51116894,52.49804545
213620,1,7,20,7,3,0,t,f,13.41293619,52.52357219
213618,2,6,20,3,3,4,t,f,13.43326964,52.49890092
213617,1,7,12,3,2,6,t,t,13.32979136,52.52567807
213615,3,6,14,2,3,5,t,f,13.46044016,52.52326641
213613,10,6,15,6,3,5,t,f,13.58565862,52.52364928
213612,7,6,23,5,3,0,t,f,13.36800934,52.48507305
213611,7,6,10,2,3,5,t,f,13.3907008,52.41994554
213607,2,7,19,7,3,5,t,f,13.43130064,52.4932616
213606,7,6,7,4,3,1,t,f,13.39248045,52.46459425
213604,1,6,11,4,3,2,t,f,13.38295815,52.53064412
213601,10,7,8,2,3,5,t,f,13.60113996,52.47923633
213600,6,7,16,4,3,1,t,f,13.29757682,52.44291674
213599,1,6,19,4,3,0,t,f,13.33220149,52.54141272
213597,11,6,16,5,3,0,t,f,13.49699121,52.50069712
213594,6,6,11,3,3,5,t,f,13.24394729,52.44596591
213592,3,6,6,3,2,1,t,f,13.42039875,52.53845776
213590,1,6,17,2,3,5,t,f,13.39211076,52.508763
213586,6,6,12,1,3,5,t,f,13.28060869,52.43607239
213585,7,5,13,4,3,6,f,t,13.37571048,52.45580459
213583,3,7,18,3,3,1,t,f,13.44741567,52.54737289
213581,2,6,8,5,3,5,t,f,13.37403685,52.50374279
213580,2,5,18,1,3,5,t,f,13.44755048,52.51320359
213575,7,6,20,2,3,5,t,f,13.3728328,52.4447236
213574,1,5,17,5,3,5,t,f,13.34434572,52.50433723
213573,9,6,16,4,2,5,t,f,13.54142501,52.43543216
213572,9,5,19,1,3,0,t,f,13.68622747,52.44239522
213570,2,7,21,2,2,2,t,f,13.41882199,52.50062446
213568,4,6,10,2,3,1,t,f,13.31931924,52.49805446
213567,3,6,15,6,3,6,f,t,13.45829809,52.56882063
213566,4,6,14,3,3,6,f,t,13.32011628,52.47882123
213565,7,6,8,3,2,5,t,f,13.35299053,52.49933037
213564,6,6,17,7,3,1,t,f,13.31834614,52.43383684
213563,12,6,13,1,3,5,t,f,13.22698606,52.62595268
213560,9,6,11,1,3,5,t,f,13.6588901,52.37365228
213559,7,5,19,4,3,6,f,t,13.34251682,52.50215625
213558,2,6,10,4,3,5,t,f,13.40538484,52.50513995
213557,1,7,14,3,3,5,t,f,13.32794118,52.54128576
213555,10,6,12,5,3,3,t,f,13.63990633,52.52738687
213552,9,6,17,4,3,5,t,f,13.5822876,52.43745201
213551,4,6,8,3,3,1,t,f,13.26525017,52.51374225
213550,1,6,18,7,3,2,t,f,13.41370882,52.52011266
213549,11,6,17,1,3,0,t,f,13.48589579,52.54864629
213547,1,6,17,4,2,5,t,f,13.33782375,52.52547538
213543,1,7,14,5,3,3,t,f,13.39013585,52.55525813
213538,7,6,17,2,3,1,t,f,13.32456428,52.4692576
213537,2,5,8,2,3,5,t,f,13.46302727,52.49951459
213536,1,6,16,6,3,6,f,t,13.36039301,52.54844813
213535,4,6,19,6,3,5,t,f,13.28766504,52.49606524
213534,1,6,18,3,3,5,t,f,13.40900881,52.52829707
213533,9,6,19,6,3,5,t,f,13.538636,52.43453173
213531,3,5,7,6,2,5,t,f,13.46682482,52.61498553
213530,11,6,15,4,3,5,t,f,13.50591869,52.50892787
213529,11,7,15,7,3,5,t,f,13.50567758,52.48451682
213527,12,6,9,3,3,1,t,f,13.29273805,52.59064
213522,7,6,18,5,3,5,t,f,13.37703862,52.47682876
213520,6,6,12,3,2,5,t,f,13.18051041,52.41897553
213519,1,6,23,7,3,6,f,t,13.40077449,52.52104215
213518,1,6,12,7,3,0,t,f,13.39452601,52.51928335
213517,2,7,11,7,3,6,f,t,13.45279326,52.52672189
213515,2,6,23,6,3,1,t,f,13.39298511,52.50686844
213513,1,6,14,4,3,1,t,f,13.38046017,52.55158132
213510,4,6,13,4,2,0,t,f,13.30693027,52.49876811
213509,11,5,13,7,3,5,t,f,13.51960553,52.48739454
213508,12,6,11,5,3,9,t,f,13.34450438,52.58927215
213507,9,6,15,4,3,5,t,f,13.65692603,52.41522238
213506,11,6,17,4,3,5,t,f,13.49855805,52.5383354
213505,12,6,13,7,3,5,t,f,13.31040389,52.56795655
213504,6,6,8,4,3,6,f,t,13.33891305,52.45486186
213503,1,6,16,3,3,5,t,f,13.37985141,52.54017943
213501,4,6,20,1,3,1,t,f,13.32801588,52.50671034
213499,10,6,17,1,3,5,t,f,13.57292606,52.56691648
213498,8,7,20,5,2,5,t,f,13.43755412,52.48121991
213497,3,7,21,4,3,6,t,t,13.43121258,52.55207586
213494,3,6,13,5,2,5,t,f,13.42058021,52.54869434
213493,1,5,18,1,3,5,t,f,13.37931132,52.50703435
213492,2,6,9,6,3,0,t,f,13.3769224,52.49154327
213490,9,6,18,3,3,6,f,t,13.50066346,52.43974635
213487,3,5,19,5,3,5,t,f,13.45360357,52.59177447
213486,3,6,17,4,3,3,t,f,13.40363553,52.54041164
213485,1,5,21,1,3,0,t,f,13.39853537,52.53255269
213482,2,6,17,5,3,3,t,f,13.39736962,52.4911294
213480,1,7,14,6,3,2,t,f,13.38536581,52.51664751
213477,5,5,13,2,3,5,t,f,13.18581116,52.53422854
213476,7,6,15,6,3,6,t,t,13.39678094,52.38014105
213475,9,6,13,6,2,0,t,f,13.61643664,52.44686905
213472,5,6,13,6,3,5,t,f,13.21355735,52.53858648
213471,2,6,12,2,3,1,t,f,13.46085422,52.51660855
213468,1,7,11,1,3,6,f,t,13.36825892,52.52403261
213467,7,5,15,3,3,5,t,f,13.34246907,52.48254788
213466,1,6,20,3,3,2,t,f,13.35016375,52.51372051
213464,3,7,7,3,3,5,t,f,13.48329949,52.6118894
213463,1,7,17,7,3,2,t,f,13.41000453,52.52400309
213462,1,6,15,3,2,5,t,f,13.39026412,52.50768405
213461,6,6,8,6,2,5,t,f,13.13179774,52.39168848
213460,6,6,11,4,2,0,t,f,13.34770231,52.45066413
213457,1,6,12,5,3,0,t,f,13.40303526,52.52754859
213455,2,6,17,2,3,1,t,f,13.43056676,52.51122329
213451,3,6,7,4,3,5,t,f,13.43147359,52.5344167
213450,10,5,7,6,3,5,t,f,13.57454373,52.51312005
213449,1,6,18,4,3,5,t,f,13.41667332,52.51947206
213446,4,6,12,3,3,1,t,f,13.31525824,52.47202416
213445,11,7,14,3,3,5,t,f,13.5128257,52.57032917
213443,12,6,16,2,3,5,t,f,13.29030402,52.63343475
213438,8,6,19,7,3,0,t,f,13.44628555,52.48636705
213437,2,7,10,7,3,5,t,f,13.43581197,52.51929385
213436,6,6,16,6,3,5,t,f,13.31056699,52.46702147
213434,11,5,14,4,3,5,t,f,13.51323192,52.53948708
213433,4,6,12,4,3,5,t,f,13.3110799,52.50649399
213431,1,7,11,4,2,6,f,t,13.39312992,52.56439834
213430,2,6,12,4,3,5,t,f,13.43063474,52.51110572
213429,11,5,15,7,3,1,t,f,13.49521456,52.54432712
213427,7,6,8,4,3,5,t,f,13.36119418,52.49442354
213425,9,6,15,7,3,5,t,f,13.50774,52.47487986
213423,10,6,14,4,2,6,f,t,13.588903,52.53775007
213422,3,6,13,2,3,5,t,f,13.42757047,52.56063715
213420,11,7,1,1,2,0,t,f,13.47810921,52.50653756
213417,2,7,17,5,3,3,t,f,13.3769905,52.48503105
213415,2,6,7,2,3,0,t,f,13.43658125,52.52347676
213413,8,6,12,6,3,1,t,f,13.42892616,52.48616205
213412,8,6,17,4,3,2,t,f,13.47007405,52.43496462
213411,3,6,9,3,3,6,f,t,13.49669624,52.63463496
213409,9,6,20,2,3,5,t,f,13.63684702,52.45072482
213407,1,6,17,4,3,0,t,f,13.40381896,52.52601889
213406,8,5,14,2,3,5,t,f,13.44010467,52.47373977
213405,1,6,15,2,3,0,t,t,13.39383211,52.5545088
213404,4,7,16,2,3,5,t,f,13.33277375,52.50639306
213402,8,7,20,6,3,1,t,f,13.43885295,52.48038713
213400,9,6,1,5,2,0,t,f,13.52723437,52.4377344
213399,6,6,13,2,2,0,t,f,13.30047192,52.4209194
213398,2,5,8,2,3,5,t,f,13.4754569,52.51191282
213397,3,6,13,6,3,6,f,t,13.42380328,52.55394929
213396,9,6,13,6,3,5,t,f,13.54496879,52.43676992
213395,4,7,7,6,3,5,t,f,13.28776287,52.48088847
213393,10,6,12,6,2,6,f,t,13.51933205,52.5287794
213392,6,5,19,6,3,0,t,t,13.35625139,52.42871435
213391,10,6,6,5,3,5,t,f,13.55805194,52.52969099
213389,2,5,7,3,3,5,t,f,13.43092164,52.51280238
213387,2,7,18,2,3,5,t,f,13.45071869,52.52712195
213385,5,5,6,6,3,6,f,t,13.19380612,52.53366821
213384,7,6,14,4,3,2,t,f,13.34490174,52.48208997
213383,4,7,13,7,2,0,t,f,13.3065051,52.52894163
213381,5,6,15,6,2,6,f,t,13.20557031,52.54155041
213380,10,6,13,3,3,6,f,t,13.57877297,52.56399546
213379,1,6,10,3,3,1,t,f,13.33471072,52.52463867
213377,2,6,16,6,3,2,t,f,13.39496757,52.49351379
213375,1,6,16,7,3,1,t,f,13.33136958,52.54137262
213373,12,6,20,3,3,5,t,f,13.32618424,52.59170733
213368,1,6,17,5,2,5,t,f,13.34950375,52.50847426
213364,12,6,15,3,3,1,t,f,13.35349291,52.56244805
213363,1,6,16,3,3,5,t,f,13.33033437,52.52717074
213359,9,6,10,2,1,5,t,f,13.69277359,52.4561311
213358,4,6,8,3,3,5,t,f,13.3246034,52.49875662
213357,6,6,18,1,3,6,f,t,13.25799978,52.4129801
213356,2,6,14,6,3,6,f,t,13.41595955,52.49512194
213354,1,6,16,7,3,5,t,f,13.42778861,52.50764593
213352,10,6,20,3,3,5,t,f,13.59146242,52.5230897
213350,1,7,8,4,3,5,t,f,13.36601702,52.55348304
213349,7,6,11,4,3,5,t,f,13.37025766,52.49279647
213348,3,5,16,7,3,3,t,f,13.41120968,52.53053652
213340,2,7,16,1,2,6,t,t,13.47288925,52.51222598
213339,11,6,17,1,3,0,t,f,13.52797371,52.55710226
213338,1,6,19,4,3,2,t,f,13.34144396,52.52553911
213337,12,7,18,4,3,1,t,f,13.23358423,52.56877999
213335,6,5,9,1,2,0,t,f,13.22676124,52.43958865
213332,1,6,17,3,3,5,t,f,13.41776262,52.50660173
213330,2,5,8,5,3,6,t,t,13.41039792,52.50319932
213329,4,6,16,4,3,0,t,f,13.27189328,52.51001573
213328,7,5,17,1,3,0,t,f,13.32146861,52.47158817
213326,1,7,15,2,3,5,t,f,13.35152147,52.5095628
213323,6,6,15,5,3,6,f,t,13.28429728,52.44649216
213322,7,6,8,5,3,6,f,t,13.38325324,52.45011454
213320,7,5,14,2,3,5,t,f,13.4116278,52.43902953
213318,4,6,14,6,3,5,t,f,13.33029357,52.49652432
213317,4,7,11,6,3,0,t,f,13.25543277,52.51470653
213316,10,6,16,4,3,5,t,f,13.59618543,52.53640607
213315,6,6,19,6,3,0,t,f,13.3441494,52.43125676
213314,2,5,17,6,3,5,t,f,13.44371963,52.52528387
213311,4,5,15,3,3,1,t,f,13.29839522,52.51349393
213310,7,6,10,3,2,6,f,t,13.39270536,52.39832161
213309,9,7,12,2,3,5,t,f,13.56937183,52.45282712
213307,6,5,10,7,3,5,t,f,13.14775091,52.41821767
213306,9,6,13,5,3,0,t,f,13.48014761,52.44408137
213304,2,7,22,7,3,6,f,t,13.44569065,52.50178679
213302,7,6,23,6,3,3,t,f,13.34525636,52.49172774
213301,6,6,7,3,3,3,t,f,13.26743409,52.40859371
213298,1,6,18,2,3,0,t,f,13.36802477,52.52616354
213294,9,6,17,4,3,5,t,f,13.51316648,52.44760107
213293,7,7,18,3,2,1,t,f,13.38521176,52.4560232
213292,9,7,17,4,3,5,t,f,13.50070065,52.43513224
213291,2,6,16,5,2,0,t,f,13.39144993,52.50677167
213290,9,6,12,2,3,5,t,f,13.58606978,52.46754207
213289,3,5,12,2,2,5,t,f,13.41059962,52.58214775
213286,6,6,8,3,3,6,f,t,13.18862346,52.42098258
213285,5,6,8,1,2,0,t,f,13.20794476,52.55927382
213283,4,6,18,4,3,5,t,f,13.2736134,52.49102201
213282,1,6,15,2,3,1,t,f,13.38738014,52.56007668
213279,9,7,11,5,3,5,t,f,13.58660359,52.44093804
213278,1,7,19,5,2,0,t,f,13.37275734,52.52749608
213276,8,6,14,2,3,6,f,t,13.43189977,52.46650536
213275,6,6,9,3,3,5,t,f,13.30959771,52.43141454
213273,3,6,17,6,2,6,f,t,13.42185218,52.57968283
213269,1,5,7,5,2,5,t,f,13.40433817,52.5331663
213268,11,6,17,4,3,0,t,f,13.47139509,52.52629002
213267,4,7,15,1,3,5,t,f,13.26457594,52.51477036
213266,5,5,11,2,3,9,t,f,13.21157741,52.52726775
213265,2,6,22,3,3,0,t,f,13.37169288,52.4850599
213263,3,7,8,5,3,5,t,f,13.43393865,52.60849005
213261,5,6,17,6,2,0,t,f,13.1783071,52.50954512
213259,11,6,13,2,3,0,t,f,13.50090352,52.48328248
213257,12,6,9,7,3,3,t,f,13.36328853,52.58077275
213252,9,6,12,5,3,5,t,f,13.58182493,52.44154443
213250,1,6,19,5,3,5,t,f,13.39031418,52.56287775
213248,4,6,19,2,3,6,f,t,13.30607428,52.50862843
213246,2,5,17,5,3,5,t,f,13.44893568,52.51135436
213245,1,6,16,4,3,5,t,f,13.39129925,52.53621812
213243,1,6,12,2,2,6,f,t,13.34338344,52.53195002
213242,10,7,17,2,3,5,t,f,13.56579111,52.52920433
213241,11,7,16,6,3,6,t,t,13.47765291,52.51463178
213238,6,6,18,2,3,0,t,f,13.26052867,52.42667164
213236,3,6,15,6,2,0,t,f,13.38955444,52.57424117
213234,1,7,22,6,3,6,f,t,13.37437943,52.54370155
213231,2,7,20,1,3,3,t,f,13.41848368,52.49930404
213227,9,7,11,3,3,5,t,f,13.62386619,52.454087
213226,1,6,7,4,3,0,t,f,13.37934109,52.5402552
213225,2,5,15,7,3,5,t,f,13.43288352,52.51782807
213222,4,7,23,7,3,2,f,t,13.29621777,52.49793955
213221,6,6,12,2,3,6,f,t,13.34232966,52.44688995
213218,5,6,5,4,3,5,t,f,13.24756604,52.52452349
213214,6,6,14,1,3,5,t,f,13.2448107,52.44039785
213213,7,5,9,3,3,6,t,t,13.34028582,52.48946942
213212,4,7,15,5,3,6,f,t,13.31705255,52.50302175
213208,4,6,7,5,3,5,t,f,13.30436304,52.48840912
213205,10,6,8,5,3,1,t,f,13.55533454,52.52306373
213204,7,6,16,3,3,5,t,f,13.40030224,52.43628626
213203,4,6,7,2,3,5,t,f,13.29968798,52.47332868
213201,4,6,20,4,2,5,t,f,13.32374494,52.4938158
213199,5,6,11,2,2,3,t,f,13.22055687,52.53094217
213195,2,7,14,6,3,5,t,f,13.45285332,52.51240857
213193,5,6,19,5,2,6,f,t,13.21154038,52.5755786
213192,9,6,21,2,3,5,t,f,13.48145724,52.46079634
213191,7,5,11,2,3,6,f,t,13.37951932,52.46581267
213190,3,6,12,6,3,5,t,f,13.37300851,52.58885993
213189,1,6,19,6,3,0,t,f,13.35500986,52.54408957
213188,9,6,16,4,3,2,t,f,13.5139075,52.46476232
213187,10,6,12,2,3,2,t,f,13.59181232,52.52921859
213186,1,5,7,6,3,1,t,f,13.3333528,52.54444365
213181,1,7,15,3,3,6,f,t,13.41086963,52.52212819
213180,2,7,11,7,3,6,t,t,13.41711247,52.48774119
213179,3,6,16,2,3,1,t,f,13.44458513,52.53922221
213178,6,6,7,6,3,5,t,f,13.21657722,52.43188765
213176,12,6,10,3,3,6,f,t,13.2872199,52.59005812
213175,6,6,13,7,3,2,t,f,13.23238925,52.43774852
213174,1,6,19,7,3,0,t,f,13.35680151,52.5392575
213173,3,7,13,6,3,1,t,f,13.41084381,52.53964563
213172,2,6,15,5,3,0,t,f,13.43194599,52.5151466
213171,1,6,20,6,3,5,t,f,13.35627997,52.54321089
213168,2,7,17,2,2,5,t,f,13.40185437,52.50610225
213167,10,7,6,4,2,0,t,f,13.53335591,52.52571119
213161,4,6,11,7,3,2,t,f,13.33216781,52.50600134
213160,4,6,16,3,3,5,t,f,13.31524397,52.51480011
213158,2,6,13,2,3,6,f,t,13.37324497,52.50350994
213157,12,6,17,1,3,5,t,f,13.31632361,52.61419074
213155,12,6,20,7,3,6,t,t,13.31766705,52.57079047
213154,4,7,14,5,3,5,t,f,13.2981257,52.51938711
213153,4,7,9,4,3,3,t,f,13.32359725,52.4914937
213152,2,7,20,5,3,1,t,f,13.43793327,52.5060652
213149,7,6,14,6,2,5,t,f,13.37987751,52.45595448
213147,7,6,12,4,3,5,t,f,13.34933147,52.48830236
213140,1,6,13,5,3,5,t,f,13.37358884,52.52075254
213139,7,6,9,4,3,5,t,f,13.39028065,52.39872624
213134,7,6,12,4,2,5,t,f,13.34488309,52.48898337
213133,1,6,17,2,2,5,t,f,13.34303901,52.52621082
213128,2,7,15,5,3,0,t,f,13.44449271,52.49974709
213127,4,7,21,4,3,1,t,f,13.25291912,52.51586169
213126,3,7,19,4,3,5,t,f,13.46196405,52.5588927
213125,3,6,22,2,2,0,t,f,13.41414798,52.54271038
213124,3,6,8,5,3,3,t,f,13.40823985,52.55148161
213122,7,6,14,5,3,1,t,f,13.34094969,52.48869811
213119,8,6,17,2,3,2,t,f,13.45553784,52.47401834
213118,1,6,17,2,3,2,t,f,13.34954409,52.52448571
213116,1,6,17,4,3,3,t,f,13.34756552,52.52059513
213114,9,6,17,3,3,6,t,t,13.58650459,52.45147729
213110,1,6,19,5,3,1,t,f,13.3442906,52.55103007
213109,9,6,21,5,3,5,t,f,13.53276384,52.41672944
213106,2,6,19,6,3,5,t,f,13.45617287,52.50986175
213105,1,6,15,6,3,1,t,f,13.39424572,52.54574272
213102,6,5,8,6,3,5,t,f,13.33759947,52.46017032
213100,3,7,13,1,3,5,t,f,13.41338974,52.54869286
213096,12,7,10,3,3,6,f,t,13.29571134,52.5970252
213095,1,7,16,7,2,2,t,f,13.39711341,52.54621093
213093,7,6,12,6,3,5,t,f,13.34376695,52.47115633
213090,10,6,14,7,3,6,f,t,13.59216749,52.54640161
213084,3,7,16,3,2,5,t,f,13.44263339,52.55112034
213082,3,6,17,4,3,5,t,f,13.46547446,52.5234104
213081,3,6,16,2,3,6,f,t,13.48974989,52.61727467
213080,8,5,13,6,3,6,f,t,13.42535477,52.49327742
213079,3,6,10,5,3,5,t,f,13.41019042,52.52987877
213078,8,6,17,4,2,0,t,f,13.41581278,52.48059624
213077,1,6,9,4,3,6,f,t,13.42195378,52.50504575
213076,1,6,17,7,3,1,t,f,13.33631844,52.52672281
213074,1,6,16,4,3,1,t,f,13.37554795,52.54329224
213073,11,6,17,2,3,6,t,t,13.49779572,52.54686237
213072,4,6,3,1,2,0,t,f,13.28311918,52.49760488
213070,8,6,13,7,3,3,t,f,13.45579152,52.47399688
213069,1,7,9,5,3,5,t,f,13.37697703,52.51077499
213067,3,6,13,5,3,5,t,f,13.47870447,52.60735544
213066,6,6,7,5,3,6,f,t,13.34247577,52.44699303
213065,11,5,19,1,3,1,t,f,13.49040122,52.49855279
213063,9,6,12,5,3,5,t,f,13.57763263,52.44405808
213061,3,6,8,2,3,1,t,f,13.43113532,52.54430124
213058,1,5,16,2,3,5,t,f,13.34708046,52.52022426
213056,2,7,20,2,2,6,f,t,13.45071356,52.50167943
213055,9,7,6,6,3,6,f,t,13.57545698,52.44445752
213052,4,6,17,5,3,6,f,t,13.32312275,52.51127188
213051,3,6,14,2,3,6,t,t,13.45834253,52.54999247
213047,3,7,19,6,3,5,t,f,13.42755351,52.5530249
213044,6,5,14,1,2,5,t,f,13.2938923,52.4455306
213043,7,6,8,6,3,6,f,t,13.39170073,52.44551173
213042,12,6,18,5,3,6,f,t,13.28104859,52.57568335
213040,8,6,17,2,3,0,t,f,13.43489293,52.45060398
213039,6,6,19,2,3,1,t,f,13.34458881,52.43272515
213037,5,6,15,4,3,5,t,f,13.22002376,52.53702745
213036,11,5,18,1,2,2,f,t,13.50387663,52.5741821
213032,1,7,8,6,3,5,t,f,13.38720966,52.55986408
213031,1,6,18,5,3,0,t,f,13.32652295,52.54221562
213029,5,5,14,2,3,5,t,f,13.2016721,52.54851234
213025,6,6,18,3,3,1,t,f,13.20883736,52.43581864
213023,1,5,13,6,3,0,t,f,13.32744758,52.5275169
213018,10,7,16,2,3,6,f,t,13.56344378,52.49807944
213017,4,7,15,3,3,5,t,f,13.31503146,52.51464968
213015,2,6,8,5,3,6,f,t,13.42387934,52.48831452
213012,7,6,16,6,2,5,t,f,13.37532173,52.45551174
213011,10,6,11,3,2,5,t,f,13.55953489,52.47776554
213010,8,6,14,3,3,6,f,t,13.43492776,52.48121148
213009,7,6,16,2,3,5,t,f,13.37498516,52.43710343
213006,4,6,17,7,3,1,t,f,13.31842877,52.47172213
213003,12,7,8,3,3,2,t,f,13.27442376,52.59881627
213001,8,6,23,4,3,1,t,f,13.42809006,52.48117957
212998,7,6,13,5,3,2,t,f,13.33735788,52.47338002
212997,9,6,17,5,3,5,t,f,13.55146034,52.42866594
212996,12,6,8,3,3,0,t,f,13.3778788,52.56405434
212995,8,6,14,1,3,5,t,f,13.43559345,52.46686614
212994,4,6,18,3,3,5,t,f,13.31651076,52.49946602
212989,2,7,19,5,2,3,t,f,13.44580365,52.50187462
212988,1,7,13,5,3,5,t,f,13.39114469,52.53621086
212984,1,6,18,6,3,3,t,f,13.38116246,52.51106314
212982,8,6,8,2,3,5,t,f,13.45847328,52.47267801
212972,8,5,9,2,3,2,t,f,13.42541665,52.47968887
212970,8,6,15,7,3,6,f,t,13.43346382,52.4822194
212968,8,6,14,3,3,5,t,f,13.4540695,52.48249756
212967,2,6,19,6,3,1,t,f,13.4371142,52.49316115
212966,1,5,8,6,3,5,t,f,13.38895845,52.51562282
212961,9,7,8,2,3,0,t,f,13.53937873,52.45085182
212960,3,7,12,3,3,0,t,f,13.44053536,52.55376966
212959,8,5,10,7,3,6,f,t,13.49441548,52.42116937
212954,3,6,14,6,3,5,t,f,13.37092513,52.59069029
212952,4,6,18,3,3,5,t,f,13.29751507,52.5394494
212951,1,6,17,7,3,0,t,f,13.34668473,52.54022427
212946,12,6,17,4,3,1,f,t,13.36373728,52.59707942
212942,1,5,12,1,3,0,t,f,13.37937725,52.54020404
212935,5,6,16,3,3,6,f,t,13.2561799,52.53756326
212934,12,7,12,2,3,1,t,f,13.31474843,52.57462777
212933,1,7,18,3,2,0,t,f,13.35141622,52.51539461
212930,4,7,21,7,2,5,f,t,13.28110295,52.53526434
212929,3,6,10,2,2,1,t,f,13.49369502,52.63273243
212928,8,6,11,6,3,5,t,f,13.43338898,52.46404189
212927,1,6,15,2,3,5,t,f,13.39107632,52.53624623
212926,2,6,12,3,2,0,t,f,13.38642941,52.49302631
212923,6,7,14,6,2,5,t,f,13.36060828,52.44669695
212919,2,7,23,3,3,0,t,f,13.45829449,52.50938742
212917,4,6,11,4,3,2,t,f,13.31393962,52.50083013
212916,8,5,11,6,3,1,t,f,13.43697835,52.48531922
212914,2,6,10,5,3,0,t,f,13.39608667,52.49837971
212912,1,6,11,6,3,6,f,t,13.40044683,52.52215155
212907,3,6,20,2,3,0,t,f,13.42093371,52.53340371
212902,5,6,18,5,2,2,t,f,13.1835079,52.51198933
212899,3,6,15,6,3,5,t,f,13.41381744,52.58293581
212897,7,6,18,2,3,5,t,f,13.32395663,52.4715713
212896,3,5,10,5,3,5,t,f,13.42887497,52.55140366
212893,1,5,18,1,3,6,f,t,13.34543392,52.52990551
212891,5,7,7,3,3,3,t,f,13.16288748,52.4652126
212890,2,7,15,5,3,5,t,f,13.41026413,52.50302975
212889,10,6,14,2,3,5,t,f,13.53285445,52.55555187
212888,8,6,7,6,3,6,f,t,13.49624783,52.41561056
212886,5,6,17,2,3,6,f,t,13.15996257,52.51604909
212884,1,6,13,6,3,1,t,f,13.40710852,52.51146943
212882,1,7,22,6,3,5,t,f,13.38833032,52.55007173
212881,8,6,9,4,3,5,t,f,13.43797604,52.48799967
212880,12,6,14,6,2,3,t,f,13.27212927,52.57671114
212877,2,6,14,4,3,6,f,t,13.44038667,52.51632081
212874,1,6,18,4,3,1,t,f,13.35620656,52.54203969
212871,1,6,21,4,3,5,t,f,13.37931467,52.54053173
212870,1,7,10,7,3,1,t,f,13.39953167,52.53179965
212869,7,6,0,4,3,6,f,t,13.38451364,52.47157128
212868,1,6,23,7,3,5,t,f,13.38043481,52.51810961
212866,6,6,7,4,3,5,t,f,13.27405786,52.41856
212865,10,6,7,2,3,6,f,t,13.58739331,52.53931007
212864,3,6,13,1,3,5,t,f,13.45737761,52.55829199
212863,3,7,20,1,2,5,t,f,13.43532693,52.56283432
212861,2,5,12,3,3,1,t,f,13.41699242,52.50192274
212858,2,7,2,5,3,5,t,f,13.4180237,52.49882261
212856,3,5,20,1,3,0,t,f,13.40363906,52.55163362
212855,4,6,17,5,3,5,t,f,13.30463482,52.51734632
212854,5,6,12,5,3,6,t,t,13.15276265,52.54989718
212848,8,6,17,2,3,2,t,f,13.43647707,52.49078281
212846,1,6,14,5,3,0,t,f,13.37056108,52.49986925
212845,1,7,16,6,2,5,t,f,13.39373257,52.52861105
212844,2,7,8,4,3,5,t,f,13.42217462,52.49299491
212839,7,5,17,2,3,1,t,f,13.36464534,52.44857237
212837,1,6,18,5,3,1,t,f,13.33700257,52.52845533
212836,10,6,22,3,3,0,t,f,13.59115105,52.48977995
212834,5,5,15,6,3,6,t,t,13.20127985,52.51216331
212833,1,6,11,4,3,1,t,f,13.40867279,52.52425976
212830,4,6,9,3,3,6,t,t,13.2950803,52.53962096
212824,1,6,14,2,3,6,f,t,13.34337575,52.53193911
212823,4,7,19,2,3,0,t,f,13.33613723,52.49146592
212822,1,6,10,7,3,0,t,f,13.39855136,52.53255365
212819,10,6,15,6,2,6,f,t,13.60900337,52.5007862
212817,2,5,11,2,3,6,f,t,13.46366014,52.51076192
212816,3,6,15,6,2,1,t,f,13.40789042,52.5731905
212813,8,6,20,6,3,6,f,t,13.43618874,52.46221252
212811,4,6,9,2,3,5,t,f,13.30172981,52.50973842
212810,1,5,14,5,3,0,t,f,13.33908457,52.55392855
212809,5,6,15,4,3,5,t,f,13.19572262,52.52958254
212807,3,5,12,2,3,5,t,f,13.4226102,52.54458336
212806,9,6,15,3,3,5,t,f,13.58463426,52.46624037
212804,9,7,15,6,3,5,t,f,13.51168132,52.44535002
212803,12,6,11,2,3,0,t,f,13.31369125,52.58577029
212802,1,6,18,6,3,0,f,t,13.41817253,52.51237556
212801,7,6,19,5,2,1,t,f,13.34966485,52.49042914
212796,3,7,10,6,3,5,t,f,13.40055034,52.58041342
212795,9,6,16,4,3,0,t,f,13.56769076,52.44485628
212793,9,6,10,2,3,6,f,t,13.48881132,52.46413198
212792,9,5,7,4,2,0,t,f,13.56889955,52.39823869
212791,3,6,10,4,3,6,f,t,13.43059025,52.61053879
212789,4,7,14,4,2,5,t,f,13.27239675,52.51867731
212787,6,5,15,7,3,5,t,f,13.26354984,52.41659856
212786,6,6,13,5,3,5,t,f,13.17595798,52.41956308
212785,5,6,15,4,3,5,t,f,13.20576871,52.54172416
212781,9,6,11,4,3,5,t,f,13.6248062,52.45161939
212779,7,6,21,7,3,1,t,f,13.4086649,52.40491024
212776,5,6,12,1,3,0,t,f,13.21101712,52.52759063
212775,5,7,18,5,3,1,t,f,13.2024357,52.53799797
212773,7,7,15,5,2,5,t,f,13.33115222,52.46955985
212772,10,6,13,5,3,5,t,f,13.59255422,52.54746268
212771,8,5,16,2,3,5,t,f,13.4869648,52.42289153
212770,1,6,8,6,2,0,t,f,13.37107304,52.54574732
212769,3,6,15,5,3,2,t,f,13.44892552,52.5290177
212768,4,6,13,2,3,5,t,f,13.29120399,52.53969728
212767,7,6,16,2,3,0,t,f,13.33734708,52.47026606
212765,2,6,9,4,3,3,t,f,13.39425364,52.49090563
212763,8,6,17,3,3,5,t,f,13.43893109,52.48750092
212762,2,7,11,2,2,5,t,f,13.42210007,52.49904121
212759,10,7,15,6,3,5,t,f,13.52914869,52.52623874
212758,2,6,18,5,3,5,t,f,13.42631268,52.51592904
212757,3,6,11,5,2,0,t,f,13.43193271,52.60394839
212755,3,5,9,2,3,0,t,f,13.40050491,52.54855535
212753,9,6,13,6,3,0,t,f,13.54245987,52.43586366
212752,2,7,16,6,3,5,t,f,13.38635744,52.4900768
212751,3,6,7,4,3,5,t,f,13.4405205,52.56106016
212750,4,6,18,6,3,5,t,f,13.32623028,52.53805455
212749,7,5,16,6,2,0,t,f,13.39164313,52.45754437
212747,7,7,15,1,3,5,t,f,13.38921707,52.46573503
212746,7,5,12,3,3,5,t,f,13.37788452,52.4658472
212745,4,6,20,3,3,5,t,f,13.33577723,52.51369279
212742,9,7,20,7,3,1,t,f,13.45965454,52.49436212
212741,5,6,15,3,3,2,t,f,13.20319537,52.51970055
212739,9,6,7,2,3,5,t,f,13.57641159,52.45454109
212737,6,6,13,7,3,6,f,t,13.31017413,52.46704286
212736,3,6,16,7,3,5,t,f,13.47704372,52.56688942
212732,7,5,6,4,3,0,t,f,13.4065672,52.45573062
212731,9,6,14,4,3,5,t,f,13.51429606,52.44636486
212730,1,7,18,3,3,5,t,f,13.35102391,52.52438981
212728,2,6,15,4,3,2,t,f,13.38940297,52.48973614
212727,3,5,18,7,3,5,t,f,13.41320634,52.5476787
212726,10,6,16,5,2,5,t,f,13.57177298,52.48272487
212725,1,6,9,4,3,4,t,f,13.39647221,52.52845391
212721,5,6,14,2,2,5,t,f,13.2722185,52.53830015
212717,2,6,14,7,3,5,t,f,13.4109603,52.50383454
212716,2,6,18,7,2,1,t,f,13.4563896,52.50986159
212715,1,7,19,7,3,0,t,f,13.40495247,52.53382524
212714,1,6,9,4,3,0,t,f,13.39854998,52.53255357
212713,5,6,17,7,3,6,f,t,13.21185186,52.55383154
212710,9,6,9,4,2,7,t,f,13.53888189,52.45921049
212708,4,7,18,3,3,6,f,t,13.33052698,52.5126245
212705,4,6,16,5,3,2,t,f,13.29582741,52.49783254
212704,1,6,16,4,2,5,t,f,13.36132834,52.55510781
212703,8,6,20,3,2,5,t,f,13.47807555,52.44213958
212702,8,6,0,7,3,0,t,f,13.43322568,52.4849568
212701,4,6,16,3,3,2,t,f,13.31806907,52.51835518
212700,8,6,13,4,3,3,t,f,13.42617519,52.47752582
212697,1,7,18,1,2,0,t,f,13.40268637,52.5165389
212694,7,7,19,3,3,5,t,f,13.32945362,52.47157707
212691,4,5,10,2,3,6,f,t,13.3111582,52.53945287
212687,8,6,23,1,3,1,t,f,13.42411529,52.48610997
212686,9,6,13,1,3,1,t,f,13.57471463,52.44596208
212684,4,6,18,4,3,5,t,f,13.32717869,52.49499759
212683,6,5,13,2,2,0,t,f,13.13257757,52.42564535
212681,2,7,18,2,3,5,t,f,13.38663723,52.50102562
212680,1,7,8,5,3,5,t,f,13.38875826,52.56692446
212678,7,6,13,6,3,5,t,f,13.36426009,52.4939368
212677,2,6,15,5,3,2,t,f,13.41042528,52.50378274
212675,8,5,16,2,3,5,t,f,13.43763267,52.47883503
212674,9,6,18,6,3,0,t,f,13.52774377,52.42441791
212673,4,6,16,6,3,2,t,f,13.33311627,52.48713837
212672,1,7,16,6,3,5,t,f,13.40308771,52.53370581
212671,3,6,7,4,2,5,t,f,13.4526956,52.53912368
212669,2,5,7,6,3,5,t,f,13.42381112,52.50120648
212668,2,6,16,5,3,5,t,f,13.39967778,52.4982898
212667,1,7,18,7,3,0,t,f,13.41822379,52.51737235
212666,8,5,20,3,3,6,f,t,13.43347718,52.48221106
212661,6,6,8,4,3,5,t,f,13.31541379,52.44796567
212659,8,6,13,2,3,3,t,f,13.49576017,52.43215095
212658,2,6,18,6,3,5,t,f,13.43189253,52.50566069
212656,4,6,17,3,3,2,t,f,13.3211445,52.48851979
212655,7,6,11,7,3,6,t,t,13.38745584,52.46466743
212653,12,7,17,7,3,5,t,f,13.28949387,52.58261381
212652,8,6,15,6,3,5,t,f,13.47387026,52.43809655
212650,3,6,14,4,3,6,f,t,13.38822148,52.5887129
212649,9,7,14,3,3,5,t,f,13.57533232,52.44749739
212648,3,7,19,4,3,1,t,f,13.47144577,52.61019992
212647,10,6,0,5,2,6,f,t,13.57212477,52.56473255
212645,4,6,16,5,3,2,t,f,13.29909366,52.50797638
212644,5,6,15,4,3,6,f,t,13.22572783,52.55585709
212643,3,6,17,3,3,5,t,f,13.42215708,52.55275764
212642,7,6,18,1,3,1,t,f,13.35322959,52.48094862
212641,3,6,15,3,3,5,t,f,13.4565997,52.53492002
212640,1,6,14,4,3,5,t,f,13.36041464,52.50560089
212639,2,6,9,1,3,1,t,f,13.42007677,52.50238314
212638,9,7,22,1,3,6,t,t,13.44572258,52.49392276
212635,11,7,15,5,3,5,t,f,13.54008318,52.56528271
212634,10,6,8,5,3,5,t,f,13.55372209,52.51925778
212633,1,5,10,2,3,5,t,f,13.36421026,52.52791622
212632,5,6,17,5,2,1,t,f,13.1958252,52.521022
212630,11,6,8,3,3,5,t,f,13.48542773,52.52318829
212627,1,6,7,4,3,1,f,t,13.41631487,52.51705227
212626,4,5,16,2,3,5,t,f,13.30064658,52.51731417
212624,10,7,12,2,3,5,t,f,13.61424107,52.53025771
212623,7,6,14,3,3,5,t,f,13.3459796,52.4972628
212620,2,7,13,7,3,0,t,f,13.42253229,52.48897758
212615,9,5,18,1,3,0,t,f,13.52635573,52.43742657
212614,2,6,14,6,3,0,t,f,13.45696738,52.51305327
212613,4,6,18,4,3,1,t,f,13.30312196,52.50682512
212612,2,6,18,3,3,5,t,f,13.38629605,52.49007698
212611,9,6,19,1,3,3,t,f,13.62718897,52.44662272
212609,2,6,18,4,3,5,t,f,13.40522036,52.50518513
212607,2,6,21,2,3,0,t,f,13.4662828,52.49698542
212606,4,7,18,2,3,5,t,f,13.3158436,52.48183187
212605,1,7,18,6,3,5,t,f,13.34320004,52.53191841
212603,4,6,15,6,3,5,t,f,13.21849928,52.50887259
212602,2,6,7,5,3,5,t,f,13.47036326,52.50626213
212601,3,6,11,2,3,0,t,f,13.42771664,52.6268388
212600,8,5,18,2,3,6,t,t,13.4668563,52.46832325
212599,2,6,18,6,3,2,t,f,13.41878619,52.50141907
212598,1,6,7,6,3,5,t,f,13.3658146,52.50306466
212596,5,6,8,4,2,5,t,f,13.19428118,52.54585118
212594,7,5,9,6,3,5,t,f,13.32799166,52.47335713
212589,6,7,19,2,3,5,t,f,13.30981921,52.466588
212588,11,7,19,3,3,1,t,f,13.49723942,52.50480241
212587,6,5,15,1,3,1,t,f,13.35497134,52.42800112
212586,7,6,12,4,3,6,t,t,13.35008828,52.47946045
212583,9,6,14,3,3,5,t,f,13.52666156,52.42458864
212581,4,6,18,3,3,0,t,f,13.33590669,52.5139283
212580,10,6,17,3,3,5,t,f,13.60403835,52.5396418
212578,9,6,14,2,3,5,t,f,13.59028505,52.43513675
212577,3,7,1,1,3,0,t,f,13.40118022,52.54683655
212576,1,6,12,7,3,5,t,f,13.39030315,52.50859412
212573,6,7,13,3,3,6,f,t,13.28230488,52.42118484
212572,1,7,0,4,3,5,t,f,13.37181786,52.50927518
212571,2,6,1,5,3,0,t,f,13.39712369,52.50530785
212570,9,5,20,2,3,5,t,f,13.55328499,52.46957556
212569,2,6,19,5,3,1,t,f,13.42893076,52.49417473
212568,8,6,14,4,3,6,f,t,13.44619961,52.42839268
212566,7,6,19,1,3,5,t,f,13.37088768,52.40909509
212564,6,6,17,4,3,5,t,f,13.1890328,52.4190992
212562,10,7,16,2,3,5,t,f,13.60215536,52.5360893
212560,6,7,14,5,2,0,t,f,13.29637139,52.44339469
212559,6,7,11,5,3,0,f,t,13.33673202,52.46576026
212558,3,6,15,6,3,5,t,f,13.40892954,52.57107826
212554,4,6,11,6,3,6,f,t,13.30048862,52.51704237
212551,2,6,7,6,3,5,t,f,13.43103101,52.50466895
212549,4,5,18,5,3,3,t,f,13.32585791,52.50569231
212548,4,6,17,4,2,5,t,f,13.31242959,52.49925077
212546,7,5,20,2,3,2,t,f,13.34600962,52.47080913
212545,1,6,21,3,3,5,t,f,13.37710419,52.55622746
212544,7,7,20,3,3,1,t,f,13.35358319,52.48990201
212543,6,7,20,5,2,6,f,t,13.31728914,52.44320394
212542,7,6,14,2,3,1,t,f,13.39064449,52.40606842
212540,8,6,17,5,3,1,t,f,13.44596138,52.45674716
212539,12,6,11,3,3,1,t,f,13.32920512,52.59102287
212538,4,6,15,3,2,5,t,f,13.3236426,52.49359709
212537,8,6,20,6,3,2,t,f,13.42686455,52.47593208
212536,4,6,14,7,2,5,t,f,13.2233455,52.51008395
212535,2,7,17,7,2,6,f,t,13.42715247,52.51154187
212532,11,6,8,4,2,6,f,t,13.51191654,52.55465325
212530,1,6,8,4,3,2,t,f,13.38746347,52.55270534
212525,9,6,5,5,3,5,t,f,13.51627971,52.45581727
212524,9,6,14,4,3,4,f,t,13.55237643,52.41456936
212523,1,7,1,7,3,1,t,f,13.34071167,52.52643285
212521,8,6,20,7,3,1,t,f,13.43074996,52.48661132
212519,4,6,12,4,2,1,t,f,13.30340474,52.5037189
212518,6,6,16,2,3,5,t,f,13.25603205,52.43582659
212517,6,6,11,1,3,5,t,f,13.35017534,52.43421626
212516,9,7,19,7,3,5,t,f,13.5563454,52.43376196
212515,4,7,10,6,3,0,t,f,13.29428158,52.49150722
212513,8,6,19,5,3,5,t,f,13.447819,52.48290255
212512,9,6,16,2,3,0,t,f,13.58250689,52.4426533
212510,2,6,23,6,3,1,t,f,13.39080166,52.50497834
212509,1,6,20,7,3,0,t,f,13.40243676,52.53115924
212508,2,7,6,7,3,6,f,t,13.41844256,52.50010034
212507,5,6,17,4,2,6,f,t,13.19817164,52.53282288
212506,6,6,17,6,3,5,t,f,13.30092853,52.44820855
212505,11,5,10,6,3,6,f,t,13.49067751,52.52655899
212504,4,6,9,5,3,2,t,f,13.31949738,52.48703714
212503,7,7,15,1,3,5,t,f,13.36682061,52.44967029
212501,2,6,18,3,3,0,t,f,13.40529469,52.49364008
212499,3,7,20,3,2,5,t,f,13.43677955,52.54873181
212497,4,6,15,5,3,1,t,f,13.3058953,52.50160772
212496,9,6,13,4,3,5,t,f,13.53457089,52.43268303
212495,3,7,1,7,3,6,f,t,13.39582427,52.56595381
212494,4,6,9,2,3,5,t,f,13.3169623,52.50307346
212491,1,6,7,3,2,5,t,f,13.3800668,52.54053495
212490,2,6,21,1,3,1,t,f,13.42427597,52.49990015
212489,6,6,17,1,3,6,f,t,13.33229063,52.42525997
212485,3,5,15,3,3,5,t,f,13.39741614,52.57124434
212481,10,6,6,5,3,2,t,f,13.56157812,52.50235788
212478,8,6,17,5,3,6,f,t,13.4371279,52.45015274
212477,11,6,16,4,3,5,t,f,13.49784767,52.53627388
212476,5,6,17,3,3,5,t,f,13.20710563,52.55407969
212470,9,7,19,2,3,5,t,f,13.52687827,52.40143353
212468,5,7,7,6,3,6,t,t,13.21250181,52.57342333
212467,4,7,13,5,3,6,f,t,13.31692127,52.5011354
212466,2,6,11,6,3,5,t,f,13.37675212,52.49143154
212463,4,6,9,3,3,5,t,f,13.28807092,52.48816485
212462,12,6,19,6,3,5,t,f,13.29173543,52.59604427
212461,1,6,16,6,3,4,t,f,13.37886934,52.52681419
212460,11,6,16,4,3,0,t,f,13.53656968,52.58673509
212453,3,6,11,3,3,3,t,f,13.42481285,52.55277135
212452,3,7,19,3,3,0,t,f,13.41372312,52.54231707
212451,9,7,15,6,3,6,f,t,13.55185895,52.43929052
212450,1,6,14,2,3,1,t,f,13.38270688,52.53148547
212449,8,6,18,6,3,5,t,f,13.45583748,52.47382348
212447,12,6,11,3,3,5,t,f,13.3019116,52.63560047
212445,1,6,14,7,3,6,f,t,13.3451102,52.5390663
212444,6,7,19,7,2,2,t,f,13.22707605,52.42411737
212443,1,6,12,4,3,0,t,f,13.39872314,52.53257804
212441,1,6,6,2,3,6,f,t,13.3961544,52.53830822
212439,2,6,8,4,3,0,t,f,13.39780494,52.49528904
212437,10,7,13,4,3,5,t,f,13.61390469,52.51647112
212436,4,6,8,4,3,6,f,t,13.31761878,52.47392725
212434,7,6,14,5,3,6,f,t,13.35260341,52.48973214
212432,9,6,18,3,3,0,t,f,13.51754941,52.44438367
212430,1,6,16,3,3,5,t,f,13.36421254,52.55794966
212429,7,6,22,4,3,5,t,f,13.38968589,52.43935986
212427,4,6,23,1,3,3,t,f,13.31540348,52.5010576
212424,1,6,20,4,3,0,t,f,13.41775184,52.50660508
212423,9,7,21,4,2,0,t,f,13.68233949,52.37063366
212422,1,7,8,5,3,5,t,f,13.34169931,52.53484119
212421,2,6,7,5,3,5,t,f,13.37675774,52.49141423
212420,8,5,11,1,3,6,f,t,13.43672539,52.4571189
212417,3,6,15,3,3,5,t,f,13.39821344,52.56455744
212416,7,6,10,6,3,5,t,f,13.4016414,52.39449122
212414,5,6,18,1,3,6,f,t,13.21079583,52.56746187
212412,1,6,17,4,3,6,f,t,13.39255561,52.56409392
212411,1,5,20,1,3,5,t,f,13.40022311,52.53944963
212408,3,6,13,5,3,2,t,f,13.4078588,52.53679155
212407,8,7,18,6,3,1,t,f,13.44425897,52.47850446
212404,1,6,22,5,3,5,t,f,13.33321436,52.56091056
212403,2,6,22,1,3,6,f,t,13.43964399,52.52382523
212400,4,7,16,3,3,5,t,f,13.25794438,52.51818638
212399,1,7,11,5,3,0,t,f,13.39225893,52.53682907
212395,3,6,12,5,3,5,t,f,13.43585459,52.55098665
212394,1,6,15,3,3,5,t,f,13.40828354,52.52540599
212393,4,6,17,2,3,5,t,f,13.31869955,52.49809894
212389,8,6,13,2,3,5,t,f,13.45485983,52.4757569
212388,4,7,17,2,3,5,t,f,13.32239296,52.48637455
212387,2,6,16,5,3,6,f,t,13.43396909,52.50186615
212386,2,7,18,6,3,1,t,f,13.41867295,52.50041824
212385,11,7,4,5,3,5,t,f,13.48490503,52.53363832
212383,5,6,13,4,3,6,f,t,13.26432747,52.53770938
212382,4,6,16,2,3,4,t,f,13.32400556,52.53834004
212380,2,6,18,6,3,5,t,f,13.41096869,52.50390498
212379,9,6,15,5,3,2,t,f,13.55901301,52.4235606
212378,8,6,13,3,3,6,f,t,13.43027993,52.46927137
212375,4,6,13,4,3,2,t,f,13.31366332,52.5048464
212374,6,7,15,1,3,6,t,t,13.34302627,52.45883156
212373,7,5,12,3,3,5,t,f,13.34179871,52.49449483
212371,1,7,9,3,3,2,t,f,13.39706805,52.51333938
212369,7,6,12,2,3,2,t,f,13.32831462,52.46709044
212368,4,6,19,6,3,0,t,f,13.31331464,52.50252407
212366,5,6,19,3,3,5,t,f,13.1230692,52.4719467
212360,6,5,9,4,3,5,t,f,13.25993034,52.42926107
212358,6,7,18,3,3,5,t,f,13.25679687,52.42647616
212356,4,6,11,4,3,5,t,f,13.3279276,52.50545454
212354,8,6,16,5,3,5,t,f,13.44283824,52.4650306
212353,11,6,17,4,3,5,t,f,13.48051288,52.49900866
212352,4,6,16,3,2,5,t,f,13.31359565,52.5153336
212351,8,6,21,7,3,5,t,f,13.44539081,52.47918271
212350,4,6,10,3,3,5,t,f,13.28933521,52.47069661
212348,4,6,17,2,2,5,t,f,13.33050527,52.49540102
212343,3,7,23,4,3,2,t,f,13.42123187,52.55034615
212342,5,6,13,5,3,6,f,t,13.15577132,52.52162918
212341,1,5,14,1,3,6,f,t,13.39546486,52.53908465
212340,9,6,10,6,3,1,t,f,13.49033878,52.46829501
212339,3,6,14,4,3,0,t,f,13.40727365,52.54622999
212338,2,6,10,3,3,5,t,f,13.39965947,52.49847516
212337,1,6,7,2,3,5,t,f,13.37691854,52.51181584
212336,2,5,13,5,3,3,t,f,13.39361929,52.49751175
212335,4,6,18,4,3,5,t,f,13.32433116,52.49791742
212334,2,5,12,2,3,1,t,f,13.45549826,52.51356038
212333,2,6,21,2,3,5,t,f,13.42493942,52.50206141
212327,1,6,14,2,3,5,t,f,13.39707239,52.51438512
212326,2,5,18,2,3,0,t,f,13.44978583,52.51024888
212323,7,7,8,6,2,5,t,f,13.36298742,52.47603396
212322,5,6,9,4,2,6,f,t,13.17997851,52.53882613
212318,9,7,15,2,3,0,t,f,13.62497315,52.45304182
212316,3,6,8,3,3,1,t,f,13.40283368,52.56284395
212315,1,7,13,2,3,5,t,f,13.38014759,52.5328141
212314,4,7,16,3,2,0,f,t,13.31433931,52.49022433
212313,12,5,18,6,3,3,t,f,13.32628371,52.56172483
212310,1,6,21,2,3,0,f,t,13.39010457,52.50916434
212309,7,6,7,6,3,5,t,f,13.3662145,52.47172985
212308,7,6,15,3,3,3,t,f,13.34620182,52.49742441
212305,3,6,11,7,2,5,t,f,13.44191061,52.55026429
212303,3,6,16,7,3,5,t,f,13.40836979,52.58442591
212302,7,6,11,2,3,2,t,f,13.38094135,52.47472498
212301,2,5,18,2,3,5,t,f,13.45867934,52.52054901
212300,6,6,19,6,3,0,t,f,13.21469364,52.44015683
212298,3,7,16,6,3,5,t,f,13.38271856,52.62973226
212297,2,6,6,4,3,5,t,f,13.44036889,52.52296144
212292,4,7,22,1,3,6,f,t,13.33850174,52.5033371
212290,9,6,22,3,3,4,t,f,13.4540461,52.49404849
212288,8,7,11,3,2,6,f,t,13.43335311,52.46496628
212287,4,7,14,6,3,0,t,f,13.3075271,52.50659738
212286,9,6,9,3,3,5,t,f,13.4505648,52.48921815
212284,2,6,9,3,3,6,f,t,13.44781213,52.51324957
212281,12,6,18,7,3,6,f,t,13.36242995,52.56724339
212279,4,6,11,7,3,5,t,f,13.2896297,52.48644387
212278,4,6,6,2,3,5,t,f,13.28043299,52.51849503
212275,11,7,16,3,3,5,t,f,13.50486522,52.5633875
212274,12,7,9,4,3,5,t,f,13.27155508,52.57637954
212273,8,6,8,4,3,5,t,f,13.42115526,52.48010084
212272,7,5,14,1,3,5,t,f,13.35390045,52.49988143
212269,1,6,17,3,3,0,t,f,13.36493994,52.52607303
212267,8,6,16,3,3,3,t,f,13.42924872,52.48131058
212266,9,6,12,4,3,0,t,f,13.68584698,52.43990873
212265,12,6,18,2,3,5,t,f,13.23657117,52.62074922
212264,6,7,12,7,3,5,t,f,13.26638292,52.45574423
212262,3,7,5,5,3,6,f,t,13.41832518,52.61911485
212261,4,7,16,5,3,1,t,f,13.32459202,52.49870439
212260,6,6,7,5,3,5,t,f,13.29026798,52.45805691
212258,11,6,17,5,2,4,t,f,13.51147634,52.4842575
212257,8,6,18,6,2,6,f,t,13.43780462,52.42179396
212254,4,6,13,1,3,1,t,f,13.28696903,52.49749997
212250,2,6,11,2,3,0,t,f,13.42212951,52.49904162
212249,10,7,15,2,3,0,f,t,13.58903982,52.53752669
212246,6,6,13,5,2,1,t,f,13.33471842,52.45070275
212243,6,5,17,2,3,6,t,t,13.18673873,52.43218291
212241,2,6,19,7,3,5,t,f,13.41646123,52.5020344
212240,2,7,16,6,2,6,t,t,13.44202446,52.50092186
212239,2,6,0,4,2,1,t,f,13.41213698,52.50323215
212236,2,5,13,5,3,5,t,f,13.41030067,52.50378271
212235,4,6,13,5,3,1,t,f,13.29561763,52.49335913
212234,2,7,1,2,3,5,t,f,13.44672477,52.50262501
212231,5,7,13,2,2,5,f,t,13.23109072,52.54150186
212230,1,7,11,3,3,2,t,f,13.34172815,52.52640121
212225,8,6,10,3,3,5,t,f,13.44018922,52.4815843
212221,3,6,13,1,2,5,t,t,13.42784899,52.56792799
212220,4,6,17,1,3,6,f,t,13.28676357,52.53637939
212217,7,5,13,4,3,0,t,f,13.35371349,52.40202519
212211,9,6,18,5,3,0,t,f,13.52924622,52.45988305
212210,3,6,8,4,3,5,t,f,13.40175702,52.58733315
212209,1,6,0,3,2,0,t,f,13.41682029,52.51091247
212208,8,6,13,1,3,5,t,f,13.43608579,52.47879346
212207,3,6,20,1,2,5,t,f,13.4302382,52.62089788
212206,9,6,8,4,3,5,t,f,13.64202345,52.44779074
212205,3,6,16,4,3,0,t,f,13.45974495,52.52921517
212202,1,6,5,7,3,5,t,f,13.37940792,52.52942861
212200,7,7,19,5,2,6,f,t,13.34311789,52.47881585
212198,12,6,10,2,3,5,t,f,13.31791768,52.5708237
212197,4,6,10,3,3,5,t,f,13.21845453,52.50888128
212196,12,6,15,6,3,5,t,f,13.31675756,52.60611276
212194,4,5,8,4,3,5,t,f,13.3319066,52.49076955
212192,1,7,14,3,3,5,t,f,13.41509517,52.52668472
212189,9,5,22,7,3,1,t,f,13.6122501,52.45449253
212185,1,6,21,7,2,5,t,f,13.35094696,52.504367
212184,12,6,15,3,3,5,t,f,13.32973922,52.56315611
212180,7,6,14,7,3,6,f,t,13.34170319,52.5020498
212178,9,7,16,5,3,2,t,f,13.56269523,52.45662801
212177,1,6,13,5,3,2,t,f,13.38061663,52.53253105
212176,3,5,7,2,3,6,f,t,13.49957068,52.63540916
212175,4,6,13,5,3,1,t,f,13.32475235,52.5030417
212174,3,6,15,5,3,5,t,f,13.43285988,52.55598564
212173,11,6,17,3,3,5,t,f,13.48465588,52.51397133
212172,2,6,9,6,3,1,t,f,13.38298264,52.49203562
212171,2,6,21,1,2,5,t,f,13.43899753,52.4949957
212170,8,5,8,5,3,6,t,t,13.43471661,52.44006491
212169,5,6,17,4,3,6,f,t,13.18827307,52.52777798
212167,2,6,14,2,2,5,t,f,13.458199,52.4996004
212166,3,7,15,2,3,4,t,f,13.50510552,52.6368984
212164,1,6,8,6,3,5,t,f,13.34369305,52.54630119
212161,4,6,11,3,2,5,t,f,13.300193,52.48780835
212159,4,6,8,6,3,5,t,f,13.3357596,52.51347297
212158,6,7,13,6,3,5,t,f,13.18938656,52.43380555
212157,3,6,9,3,3,5,t,f,13.4423801,52.5908927
212156,4,6,13,6,3,0,f,t,13.28002575,52.52005051
212155,1,6,8,2,3,3,t,f,13.40064432,52.52959972
212154,7,6,12,4,3,5,t,f,13.40692283,52.3937774
212153,2,5,17,2,3,6,t,t,13.4011958,52.49540992
212150,9,7,11,4,3,6,f,t,13.57266373,52.47078455
212149,3,6,15,4,3,0,t,f,13.4828742,52.6116236
212148,8,5,14,7,3,2,t,f,13.43631809,52.48102256
212144,2,6,4,3,2,3,t,f,13.43607204,52.49210312
212143,4,6,17,7,3,2,t,f,13.30663747,52.49983956
212141,9,6,17,3,3,5,t,f,13.58054814,52.44305998
212140,7,6,9,2,3,6,f,t,13.3708286,52.49162796
212139,2,6,18,1,3,0,t,f,13.46832998,52.50709513
212137,12,6,14,7,3,1,t,f,13.27760909,52.57486228
212136,1,5,8,4,3,5,t,f,13.37633301,52.51008642
212130,3,6,7,6,3,5,t,f,13.42780342,52.56059195
212129,12,6,12,5,3,6,f,t,13.28076178,52.58667728
212128,9,6,7,3,3,5,t,f,13.54984713,52.43805834
212127,3,6,8,2,3,1,t,f,13.42435721,52.55619247
212126,1,5,21,5,2,5,t,f,13.3594003,52.52323673
212123,4,6,10,2,3,3,t,f,13.33102734,52.49489867
212122,3,7,11,2,3,5,t,f,13.45796726,52.52882994
212121,2,6,16,5,3,2,t,f,13.38557027,52.4996569
212119,2,7,23,5,3,1,t,f,13.42111762,52.49219208
212118,3,6,9,6,3,6,t,t,13.45437822,52.54695329
212117,5,6,21,5,3,6,t,t,13.18728441,52.53676919
212113,2,6,17,6,3,5,t,f,13.39103059,52.50418892
212110,1,5,15,6,3,5,t,f,13.37862737,52.52858078
212109,2,6,12,4,3,0,f,t,13.39234283,52.48724131
212106,1,6,13,3,3,6,t,t,13.41821345,52.51179823
212105,3,7,16,3,3,3,t,f,13.41970842,52.53178584
212104,11,7,13,7,3,5,t,f,13.52177245,52.56710947
212103,9,6,16,2,3,5,t,f,13.55093066,52.42901307
212102,5,6,7,6,3,6,f,t,13.14613524,52.54571676
212101,2,6,21,3,3,0,t,f,13.41325331,52.50293352
212100,4,6,8,3,2,0,t,f,13.30383926,52.50198748
212098,3,6,15,7,3,5,t,f,13.40811643,52.54150689
212092,3,6,9,4,3,5,t,f,13.41764675,52.54597309
212089,3,6,14,4,3,4,t,f,13.4179143,52.539697
212088,2,6,20,3,2,0,t,f,13.46084285,52.50878676
212087,12,6,17,6,3,6,t,t,13.32811893,52.56386986
212084,12,6,17,4,3,5,t,f,13.31893916,52.5662353
212082,11,5,18,1,2,5,t,f,13.5084928,52.5485351
212081,6,6,15,3,3,1,t,f,13.28642325,52.44988329
212078,5,6,11,2,3,5,t,f,13.17462455,52.51381813
212077,2,6,21,6,3,0,t,f,13.40295958,52.49409301
212076,3,6,19,5,3,5,t,f,13.45599432,52.54826466
212074,1,6,12,3,2,3,t,f,13.38151752,52.53180496
212072,1,6,20,7,3,0,t,f,13.39941972,52.52417164
212071,1,7,18,7,3,6,t,t,13.35414543,52.55137551
212069,11,6,14,6,3,5,t,f,13.46827447,52.54654499
212068,2,6,8,4,3,5,t,f,13.39840237,52.50704944
212067,4,5,14,3,3,5,t,f,13.33797774,52.50186595
212064,6,7,18,4,3,5,t,f,13.22773311,52.42098404
212063,1,6,14,4,3,5,t,f,13.35271235,52.51615818
212062,3,5,11,7,3,5,t,f,13.49794192,52.62826241
212061,4,6,9,5,2,6,f,t,13.32458289,52.4979491
212059,2,6,17,3,3,2,t,f,13.45022115,52.52227319
212058,11,6,14,7,3,5,t,f,13.53071946,52.51018237
212056,10,6,12,4,3,5,t,f,13.59967207,52.54202217
212055,11,6,8,2,3,0,t,f,13.47369305,52.53615777
212053,10,7,12,7,3,5,t,f,13.56795885,52.57358294
212051,8,6,11,1,3,6,f,t,13.43240743,52.48005422
212049,4,7,14,5,3,0,t,f,13.33832531,52.49942101
212048,9,7,7,3,2,5,t,f,13.57717329,52.45577167
212046,1,6,9,5,2,0,t,f,13.34431562,52.53778054
212043,8,6,13,5,3,1,t,f,13.42532231,52.47997122
212041,1,6,19,2,3,5,t,f,13.35678584,52.52358055
212039,9,6,11,4,2,5,t,f,13.53110319,52.41555878
212037,3,6,17,3,3,0,t,f,13.41252836,52.54524873
212035,8,6,15,5,3,5,t,f,13.46491255,52.47030999
212031,3,6,18,4,3,5,t,f,13.42268721,52.54464137
212029,1,5,8,2,3,6,f,t,13.3791459,52.52539451
212028,7,6,16,6,3,6,f,t,13.34450763,52.46475238
212026,10,6,14,3,3,5,t,f,13.59195107,52.5458258
212020,2,6,9,3,3,0,t,f,13.45599307,52.51338958
212019,1,7,11,2,3,1,t,f,13.38443759,52.55066982
212016,3,6,15,3,3,0,t,f,13.43939568,52.55541209
212013,7,6,14,3,3,6,f,t,13.34602617,52.49603964
212012,9,6,18,1,3,5,t,f,13.5139838,52.46258992
212011,4,6,10,6,3,6,f,t,13.28012574,52.51977159
212010,7,7,18,7,3,0,t,f,13.39892533,52.38233005
212008,2,5,13,4,3,1,t,f,13.46395075,52.50804244
212004,9,6,9,4,3,0,t,f,13.57515122,52.45269511
212003,10,5,6,6,3,5,t,f,13.51940763,52.52582169
212001,4,6,12,4,3,6,f,t,13.2635803,52.51484618
211999,8,6,20,1,3,4,t,f,13.43419101,52.49151384
211998,2,6,13,3,3,6,f,t,13.40616918,52.49781176
211997,8,6,12,3,3,0,t,f,13.42621289,52.44472859
211996,1,6,19,2,3,6,f,t,13.3949293,52.53658858
211995,4,7,20,1,2,0,t,f,13.30623799,52.52081164
211993,6,7,9,5,3,5,t,f,13.32693155,52.45797898
211992,1,7,18,5,3,1,t,f,13.40303092,52.53182483
211991,7,6,1,5,3,1,t,f,13.3632593,52.45593149
211990,3,5,16,1,2,5,t,f,13.41834426,52.55970618
211989,6,6,10,6,3,5,t,f,13.26215463,52.43955412
211986,2,6,8,2,3,4,t,f,13.38403993,52.4937383
211982,1,6,19,3,3,1,t,f,13.42165832,52.50554007
211979,4,6,18,3,3,5,t,f,13.33101344,52.49261578
211978,1,6,10,2,3,5,t,f,13.3930542,52.51499578
211976,8,7,22,7,3,2,t,f,13.42889504,52.48345796
211975,4,6,19,1,2,0,t,f,13.29768897,52.52555668
211972,2,7,15,3,3,0,t,f,13.45483556,52.51017762
211968,7,6,12,6,3,5,t,f,13.34528795,52.48687322
211967,2,6,20,4,3,5,t,f,13.41629921,52.50171649
211966,2,6,8,3,3,5,t,f,13.41093929,52.49401121
211964,8,5,15,5,3,6,f,t,13.44794738,52.47604107
211963,7,6,17,4,3,1,t,f,13.34019676,52.46651578
211962,6,5,17,1,2,5,t,f,13.34324972,52.43967011
211961,2,6,14,2,3,6,f,t,13.40611596,52.49774404
211960,4,7,22,2,3,0,t,f,13.30939189,52.49178798
211959,1,7,17,6,3,5,t,f,13.37201996,52.51118601
211958,1,7,9,6,3,5,t,f,13.39893117,52.50822643
211957,3,6,8,5,3,0,t,f,13.45385247,52.53282339
211956,1,6,19,5,3,5,t,f,13.41109861,52.52594022
211953,2,6,16,6,3,6,f,t,13.42112407,52.49220164
211952,1,6,15,6,3,5,t,f,13.35501474,52.54402758
211944,4,7,18,2,3,6,f,t,13.29606071,52.49680094
211942,1,5,16,6,3,1,t,f,13.37181325,52.54866766
211941,12,6,14,4,3,5,t,f,13.2995532,52.57917524
211940,3,7,8,7,3,2,t,f,13.43131537,52.55211899
211939,1,6,15,2,3,2,t,f,13.39208781,52.53011752
211938,4,6,22,6,3,5,t,f,13.3327161,52.47869341
211935,4,6,16,2,3,5,t,f,13.33361769,52.50695564
211932,2,6,11,7,3,0,t,f,13.43048188,52.51135833
211931,3,5,9,4,3,1,t,f,13.43610328,52.53317449
211927,8,6,0,4,2,5,t,f,13.44812997,52.47765295
211925,7,6,15,5,3,3,t,f,13.34491869,52.489926
211922,4,6,20,1,3,1,t,f,13.31168464,52.46720664
211920,8,6,9,4,3,6,t,t,13.44063232,52.47950234
211919,7,6,10,2,3,6,f,t,13.40103326,52.41506449
211918,2,7,10,1,3,6,f,t,13.38088442,52.49435783
211917,4,6,10,1,3,5,t,f,13.28259106,52.53388594
211915,1,7,10,5,3,1,t,f,13.35319871,52.50814621
211910,5,6,8,3,3,2,t,f,13.12043154,52.46639745
211908,11,6,12,2,3,4,t,f,13.53985354,52.49370034
211906,11,6,9,4,3,5,t,f,13.50200362,52.50701999
211905,9,5,19,1,3,5,t,f,13.5173245,52.45446449
211904,8,6,14,2,3,3,t,f,13.4480022,52.47771618
211903,11,7,19,2,2,6,f,t,13.50697891,52.49685689
211902,11,7,6,6,2,5,t,f,13.50949526,52.5465367
211901,9,6,11,6,3,0,t,f,13.58499142,52.44169471
211900,9,6,12,5,3,0,t,f,13.52608202,52.42359161
211899,1,6,23,2,3,2,t,f,13.33068187,52.52835867
211897,3,6,21,6,3,2,t,f,13.41528488,52.55029502
211896,6,6,13,7,2,2,t,f,13.12960682,52.42668725
211895,3,7,0,7,2,3,t,f,13.40810882,52.5370303
211893,1,6,19,6,2,3,t,f,13.3517825,52.55870727
211891,1,5,7,6,2,5,t,f,13.40955285,52.52890299
211890,3,6,11,4,3,6,f,t,13.43033558,52.55128335
211887,6,6,18,3,3,5,t,f,13.33504063,52.42102395
211886,6,7,9,3,3,5,t,f,13.3279133,52.42419303
211885,7,7,14,3,3,0,t,t,13.36061087,52.49445055
211884,8,5,11,7,3,4,t,f,13.42120833,52.46658412
211882,4,6,19,4,3,6,t,t,13.28346511,52.5063975
211880,5,3,17,2,2,5,t,f,13.18478266,52.54760943
211877,3,5,19,3,3,1,t,f,13.41622235,52.53659725
211876,7,4,11,5,2,6,f,t,13.3775386,52.44261345
211872,6,4,11,3,3,6,t,t,13.34114052,52.46410383
211868,8,3,12,2,3,6,f,t,13.4516555,52.48079011
211865,5,5,16,2,3,5,t,f,13.20959597,52.54756669
211862,2,4,14,5,3,6,t,t,13.47309576,52.51532116
211861,8,4,11,6,3,4,t,f,13.42398555,52.48653384
211860,2,4,15,3,3,0,t,f,13.42039386,52.48743985
211858,1,4,11,6,3,0,t,f,13.37405547,52.55653653
211857,6,5,16,7,3,1,t,f,13.35103584,52.44948809
211856,3,4,10,3,3,5,t,f,13.48319433,52.55488658
211855,7,5,5,3,3,0,t,f,13.40016206,52.48372758
211854,2,5,17,6,3,5,t,f,13.37967633,52.49261261
211851,7,3,13,4,3,5,t,f,13.34960482,52.48738581
211849,4,3,18,2,3,0,t,f,13.33459134,52.49508103
211848,4,4,6,4,3,5,t,f,13.31625689,52.46714062
211846,1,5,12,3,3,2,t,f,13.32997448,52.52378397
211845,9,4,20,1,3,5,t,f,13.49572252,52.4489696
211840,10,4,7,2,3,5,t,f,13.56380196,52.51876312
211839,12,4,12,6,2,6,f,t,13.32422691,52.56089852
211837,6,5,14,5,3,5,t,f,13.30958178,52.43125232
211836,1,4,16,3,3,5,t,f,13.39293291,52.51500182
211834,6,4,13,6,2,6,f,t,13.32381265,52.41863358
211833,2,3,19,7,3,0,t,f,13.45740002,52.51290392
211832,12,5,21,4,2,6,f,t,13.34681446,52.56707186
211829,6,4,10,3,3,7,t,f,13.33932193,52.45892118
211827,2,5,1,7,3,0,t,f,13.45320272,52.51047603
211826,2,4,13,4,3,5,t,f,13.39469678,52.49167019
211824,6,4,14,6,3,5,t,f,13.32078468,52.45181449
211821,6,3,18,4,3,6,f,t,13.31488632,52.43060043
211820,2,4,13,7,3,1,t,f,13.45014143,52.50976768
211818,9,5,13,2,2,0,t,f,13.68691518,52.44065785
211814,7,5,15,7,3,5,t,f,13.37532173,52.45551174
211813,12,4,15,4,3,6,f,t,13.35915941,52.57422963
211811,2,4,9,2,3,5,t,f,13.39718447,52.50047781
211809,11,5,14,7,3,5,t,f,13.52360189,52.56555825
211808,8,5,11,7,3,1,t,f,13.42585885,52.47833133
211807,9,4,22,2,3,2,t,f,13.51946903,52.45413109
211806,10,5,18,3,3,5,t,f,13.5874744,52.52365691
211805,4,5,17,7,3,5,t,f,13.29182238,52.50667743
211804,11,5,7,5,3,6,t,t,13.49319036,52.56812495
211803,6,4,8,2,3,5,t,f,13.34600163,52.43459557
211799,7,4,8,3,3,5,t,f,13.37030412,52.46716542
211798,2,3,16,2,2,5,t,f,13.43193747,52.51512276
211797,2,4,23,5,2,6,f,t,13.3894543,52.49595052
211796,12,3,11,5,3,5,t,f,13.33589601,52.56494231
211795,1,5,6,3,3,5,t,f,13.36911004,52.54621369
211794,7,5,17,7,3,1,t,f,13.3562091,52.4880637
211791,2,4,13,5,3,5,t,f,13.39833301,52.50706829
211790,3,4,14,2,3,0,t,f,13.42595531,52.5423736
211789,3,5,1,1,2,1,t,f,13.42743127,52.56055503
211788,9,5,21,7,2,6,f,t,13.49597168,52.43747817
211787,4,4,0,1,3,2,t,f,13.31079301,52.5257543
211785,3,5,13,6,3,6,f,t,13.46188983,52.60939496
211784,3,5,8,5,3,5,t,f,13.39594445,52.56597877
211782,8,3,15,4,3,3,t,f,13.43490879,52.42845958
211781,4,4,17,3,3,5,t,f,13.32358636,52.49149495
211778,1,4,9,4,3,5,t,f,13.37199963,52.53888736
211777,3,3,18,5,3,5,t,f,13.40252594,52.55430063
211775,4,4,13,1,3,0,t,f,13.28377263,52.49781642
211774,10,5,7,2,3,5,t,f,13.5645969,52.54286913
211772,5,5,14,7,3,5,t,f,13.19702836,52.53137584
211766,1,4,17,3,2,6,f,t,13.39133729,52.55037614
211765,11,5,14,4,3,0,t,f,13.52184891,52.50073658
211763,1,3,15,3,3,5,t,f,13.36033767,52.53724679
211761,3,3,11,6,2,5,t,f,13.48713242,52.61746729
211759,4,5,15,3,2,5,t,f,13.32437488,52.48743695
211758,5,4,9,6,3,5,t,f,13.17720198,52.54888451
211757,11,4,7,3,3,6,f,t,13.47767801,52.53085994
211755,8,4,19,3,3,1,t,f,13.4559771,52.48232386
211754,1,3,10,3,3,0,t,f,13.33249864,52.54556742
211750,10,3,18,4,3,5,t,f,13.56102023,52.54747538
211748,12,3,8,7,3,5,t,f,13.30029808,52.57006258
211743,9,5,16,1,3,0,t,f,13.51986159,52.46112067
211742,8,4,17,4,3,5,t,f,13.43787194,52.47314376
211740,3,4,20,6,3,6,t,t,13.39961849,52.56650508
211736,4,5,14,3,3,5,t,f,13.29277039,52.50673296
211735,11,5,7,6,3,6,t,t,13.51019905,52.49621196
211734,1,4,8,3,3,2,t,f,13.38936883,52.51476313
211733,9,5,15,5,3,5,t,f,13.50917052,52.47342773
211731,5,4,11,5,3,6,f,t,13.18674135,52.5376919
211730,1,4,15,3,3,0,t,t,13.33581696,52.5157258
211725,1,3,15,5,3,1,t,f,13.37580014,52.54261118
211724,2,5,12,2,3,5,t,f,13.43204078,52.49933259
211719,6,5,18,5,3,0,t,f,13.34300522,52.45044179
211718,12,4,8,3,3,6,f,t,13.35227919,52.56930991
211715,12,4,17,3,2,5,t,f,13.34772349,52.57583415
211714,12,5,14,6,3,5,t,f,13.29260823,52.57869006
211708,1,5,14,3,3,6,f,t,13.3479208,52.50350426
211707,2,4,18,5,3,5,t,f,13.3950138,52.49762908
211705,4,5,13,2,3,5,t,f,13.26716746,52.49642667
211704,3,4,8,4,2,5,t,f,13.43804747,52.54619123
211703,8,5,12,7,2,6,t,t,13.44874252,52.47321813
211701,1,5,13,6,3,5,t,f,13.3905488,52.5630245
211700,3,4,12,2,3,5,t,f,13.42022521,52.53814972
211699,1,4,9,7,3,5,t,f,13.38010374,52.53279773
211694,4,3,10,6,3,5,t,f,13.28082185,52.47696018
211693,2,5,16,4,3,5,t,f,13.42196273,52.4930238
211692,11,5,15,3,3,6,t,t,13.46949862,52.50236829
211690,1,5,15,6,3,5,t,f,13.41343721,52.50672825
211689,8,4,12,4,3,4,t,f,13.499183,52.40860486
211686,1,4,12,3,3,4,t,f,13.4044399,52.52884895
211683,10,3,15,4,3,5,t,f,13.51726149,52.53528918
211682,9,4,13,2,3,5,t,f,13.45404352,52.48891343
211681,4,5,15,2,3,5,t,f,13.26912732,52.48508185
211678,4,4,2,7,3,2,t,f,13.30015538,52.50492285
211677,2,3,8,3,3,5,t,f,13.42491378,52.50208727
211676,5,5,5,2,2,5,t,f,13.27736274,52.5351849
211675,4,5,7,4,2,5,t,f,13.30073648,52.50683807
211674,8,4,8,4,2,0,t,f,13.47059148,52.43534392
211672,11,5,16,7,3,6,t,t,13.51498728,52.5673143
211671,6,4,13,1,3,3,t,f,13.31043464,52.42109875
211668,1,5,10,6,3,1,t,f,13.42518009,52.51617866
211661,1,4,12,3,2,1,t,f,13.40960769,52.52821006
211660,7,3,19,2,2,5,t,f,13.37314729,52.48787424
211659,9,4,12,5,3,5,t,f,13.5755225,52.44748242
211656,3,5,19,3,3,2,t,f,13.41399048,52.55362871
211653,8,4,17,7,3,6,t,t,13.43941182,52.45276072
211652,10,5,18,5,3,6,f,t,13.62217121,52.53292906
211651,7,4,18,2,3,5,t,f,13.38025093,52.48188827
211650,8,3,13,3,3,1,t,f,13.43710469,52.47298514
211646,8,3,9,2,3,3,t,f,13.42816257,52.49343641
211645,4,4,19,7,3,5,t,f,13.32305618,52.50566947
211644,9,3,15,6,2,6,f,t,13.54229453,52.39977463
211643,9,5,7,2,2,5,t,f,13.53087359,52.415674
211640,9,4,14,5,2,6,f,t,13.51130031,52.46423023
211639,7,4,11,6,3,5,t,f,13.35221893,52.49670323
211637,7,3,9,4,3,2,t,f,13.35411406,52.48816576
211636,7,4,21,6,2,5,t,f,13.33779171,52.47372792
211634,6,3,17,4,3,1,t,f,13.20511402,52.43406488
211631,1,5,7,6,3,6,f,t,13.33138964,52.53097769
211630,9,5,12,4,2,6,f,t,13.58080779,52.46002567
211629,1,5,16,5,3,2,t,f,13.34498673,52.5389204
211628,7,4,12,6,3,5,t,f,13.36343594,52.47863736
211627,1,4,15,5,2,5,t,f,13.35286552,52.50400097
211626,10,5,19,3,3,5,t,f,13.56744779,52.57332232
211624,7,4,8,5,3,6,f,t,13.36250968,52.49352374
211623,12,3,11,5,3,5,t,f,13.35880919,52.59682572
211619,4,4,16,4,3,5,t,f,13.29387069,52.4963628
211615,2,5,14,7,3,5,t,f,13.42249886,52.49918205
211613,8,4,20,2,3,0,t,f,13.47316505,52.46454543
211612,7,5,20,2,2,5,t,f,13.32208602,52.47348581
211610,4,5,8,4,3,1,t,f,13.30380275,52.50317426
211609,2,4,14,6,3,5,t,f,13.43065848,52.51109551
211608,5,4,13,5,3,5,t,f,13.20068223,52.53872447
211607,6,4,9,6,3,6,f,t,13.33264288,52.45590006
211605,11,4,16,4,3,5,t,f,13.52455102,52.55968746
211604,3,3,7,4,3,0,t,f,13.39083032,52.58377227
211602,2,4,19,2,3,5,t,f,13.46342135,52.50817349
211599,2,5,20,6,3,2,t,f,13.46024228,52.50893091
211598,4,5,16,5,3,5,t,f,13.31579729,52.50611231
211597,1,4,8,2,3,0,t,f,13.41753239,52.5132005
211592,3,4,7,5,2,6,f,t,13.4144856,52.60891033
211589,3,5,11,3,3,0,t,f,13.414899,52.53893181
211585,10,5,9,6,3,0,t,f,13.56561682,52.52920528
211579,2,3,18,3,3,5,t,f,13.37207762,52.48500996
211575,2,5,17,5,3,5,t,f,13.39502834,52.4976281
211569,2,4,13,5,3,5,t,f,13.44333771,52.51196561
211568,3,5,9,7,3,5,t,f,13.41208744,52.54314154
211566,4,4,12,2,3,6,f,t,13.26154339,52.51593923
211565,5,5,17,3,2,6,f,t,13.19720578,52.52425006
211564,1,5,23,6,3,0,t,f,13.3392563,52.52585483
211560,1,3,14,4,3,0,t,f,13.39636016,52.51972246
211559,2,5,11,3,3,1,t,f,13.44103945,52.49895701
211558,5,3,11,1,2,6,f,t,13.15985439,52.52186019
211554,12,4,10,2,3,5,t,f,13.29193313,52.59054982
211552,4,4,19,4,2,5,t,f,13.2843511,52.48672128
211551,3,5,13,7,3,6,t,t,13.39816443,52.56757065
211549,12,4,11,3,3,6,t,t,13.30825408,52.61564096
211545,2,4,13,3,3,6,f,t,13.46545637,52.51632005
211543,2,4,16,5,3,5,t,f,13.39837056,52.48889072
211542,12,3,17,7,3,6,f,t,13.35806053,52.59678691
211540,3,5,15,3,3,6,f,t,13.44125684,52.54956383
211539,2,4,6,6,3,6,t,t,13.40795446,52.48917882
211538,6,4,7,3,2,5,t,f,13.28592537,52.4497301
211536,1,4,10,4,3,5,t,f,13.34370646,52.54630824
211535,1,3,18,2,3,0,t,f,13.40266161,52.52351492
211533,9,5,13,7,2,5,t,f,13.5783087,52.45926031
211531,4,4,17,1,3,1,t,f,13.28517291,52.48395424
211525,5,3,17,6,3,6,f,t,13.13440275,52.55052948
211524,1,5,18,4,3,5,t,f,13.41365536,52.51129546
211523,9,5,17,3,3,5,t,f,13.58038795,52.41760805
211522,4,4,11,6,3,0,f,t,13.29527357,52.49774661
211521,10,4,14,3,2,6,f,t,13.57352891,52.55228384
211517,7,4,12,5,3,5,t,f,13.3409307,52.49930274
211516,11,5,18,6,3,1,t,f,13.50171561,52.50666748
211515,4,3,17,4,3,5,t,f,13.28809637,52.50296879
211513,2,3,16,7,3,6,f,t,13.46997306,52.51240728
211512,7,5,19,2,3,5,t,f,13.37051781,52.46893873
211510,7,5,21,4,3,1,t,f,13.40140321,52.38455211
211508,11,5,22,7,3,5,t,f,13.49522531,52.50486612
211507,11,4,13,4,3,5,t,f,13.52761195,52.49093233
211506,3,3,23,4,3,5,t,f,13.41441569,52.55389239
211504,7,5,17,1,3,5,t,f,13.37193623,52.46989494
211499,1,4,8,4,3,5,t,f,13.4097959,52.52401449
211498,5,5,10,5,3,3,t,f,13.12986717,52.45283908
211497,6,4,8,2,3,6,f,t,13.31040751,52.43096323
211496,2,4,12,5,3,2,t,f,13.4570388,52.5029349
211495,8,5,19,4,3,1,t,f,13.42655463,52.47664266
211493,2,3,14,2,3,3,t,f,13.39918668,52.50413846
211491,5,3,12,5,2,6,t,t,13.19676825,52.53142126
211490,1,5,15,2,3,0,f,t,13.37920353,52.5528853
211488,7,5,19,2,3,1,t,f,13.36198201,52.48583918
211487,1,4,20,4,3,4,t,f,13.40100053,52.53002757
211484,4,5,11,6,3,0,t,f,13.28721486,52.49601456
211477,1,4,19,1,3,3,t,f,13.34314045,52.52662925
211476,9,3,9,6,3,5,t,f,13.50385174,52.46082287
211469,9,4,14,6,3,5,t,f,13.56461894,52.4386241
211467,12,5,7,6,2,5,t,f,13.24003187,52.61875228
211466,9,3,8,4,3,1,t,f,13.53011603,52.45693587
211465,1,4,16,2,3,0,t,f,13.36850282,52.55234797
211464,2,5,15,2,3,1,t,f,13.43976416,52.51922605
211463,11,5,14,5,3,5,t,f,13.47782433,52.51017754
211462,2,5,8,4,3,2,t,f,13.45489562,52.50785963
211460,11,4,5,6,3,6,f,t,13.5016837,52.51300965
211458,2,3,17,4,3,5,t,f,13.43209359,52.50941811
211457,3,5,14,7,2,5,t,f,13.43787274,52.52988216
211456,1,4,5,1,2,6,f,t,13.38473287,52.52922287
211454,11,5,18,7,2,6,f,t,13.4971204,52.53919271
211452,12,5,15,7,3,0,t,t,13.32596918,52.5874409
211451,4,4,18,6,2,3,t,f,13.31888895,52.51925737
211450,6,4,7,3,3,5,t,f,13.303497,52.43229965
211449,8,5,20,5,2,0,t,f,13.49591083,52.43226405
211447,9,3,17,3,3,0,t,f,13.45448623,52.49405501
211446,8,4,21,7,3,6,f,t,13.4644828,52.4700889
211444,2,5,11,2,3,6,f,t,13.45203319,52.52776273
211443,3,5,15,6,3,5,t,f,13.44432109,52.57366447
211442,1,5,21,4,3,1,t,f,13.4054194,52.53432479
211441,12,4,16,5,3,6,f,t,13.3029514,52.64523651
211440,6,5,15,1,3,5,t,f,13.30378325,52.45872763
211437,8,3,15,4,3,0,t,f,13.44101657,52.47926868
211436,1,4,19,1,3,5,t,f,13.38373363,52.55500228
211435,10,5,15,2,2,0,t,f,13.59914122,52.52831314
211433,5,4,18,2,3,6,f,t,13.16516935,52.53331486
211431,2,5,14,7,3,5,t,f,13.41728093,52.49900702
211430,2,4,13,4,3,5,t,f,13.40788524,52.50431568
211429,3,5,10,5,3,6,f,t,13.42784899,52.56792799
211428,2,4,10,2,3,0,t,f,13.43375869,52.49677259
211427,9,3,14,4,3,1,t,f,13.66257957,52.41157561
211426,7,4,15,4,3,0,t,f,13.39157424,52.45752799
211425,7,5,11,4,3,6,t,t,13.39574086,52.38667295
211424,8,4,15,3,3,6,f,t,13.46733525,52.42983128
211423,5,3,17,2,3,6,f,t,13.19749065,52.5242933
211422,5,4,8,6,2,5,t,f,13.19155943,52.54613821
211418,2,4,15,4,3,5,t,f,13.40149779,52.50619698
211413,1,4,12,7,3,1,t,f,13.37944051,52.55112444
211411,8,5,18,5,3,0,t,f,13.4528546,52.47531226
211409,11,3,8,2,3,5,t,f,13.47996186,52.52662642
211405,3,5,13,3,3,0,t,f,13.36748421,52.58636334
211404,7,4,14,5,3,5,t,f,13.4009311,52.41453729
211402,1,4,14,4,3,5,t,f,13.37923161,52.52945131
211400,2,4,12,6,3,1,t,f,13.42982139,52.50666909
211399,4,5,15,2,3,5,t,f,13.29160128,52.50667107
211398,2,3,16,3,2,1,t,f,13.40850181,52.50081295
211397,2,4,11,2,3,0,t,f,13.45466192,52.51582398
211395,10,5,6,5,2,5,t,f,13.57359192,52.54655353
211393,7,4,18,4,3,1,t,f,13.39321366,52.45996768
211391,5,4,15,5,3,1,t,f,13.20780469,52.53995287
211390,10,5,14,2,3,5,t,f,13.5720494,52.51328414
211388,9,4,6,4,2,6,f,t,13.59398115,52.45318451
211387,4,3,1,4,2,6,f,t,13.3281828,52.47894018
211380,1,5,14,5,3,1,t,f,13.3565772,52.52277529
211379,1,4,7,2,3,3,t,f,13.38537585,52.53119582
211378,5,4,13,6,2,5,t,f,13.13324983,52.52632606
211376,5,4,12,4,3,1,t,f,13.27187844,52.53710028
211373,2,3,9,5,3,5,t,f,13.41334459,52.49191691
211372,12,5,13,4,3,6,f,t,13.34756307,52.59636546
211369,7,5,10,7,3,1,t,f,13.33039819,52.47428573
211368,6,4,19,1,3,2,t,f,13.1647402,52.43212258
211364,7,4,15,4,3,5,t,f,13.34574377,52.50069043
211363,7,5,12,6,3,5,t,f,13.33618464,52.46743143
211361,11,4,1,1,3,3,t,f,13.48246787,52.53349468
211353,8,5,18,2,3,6,f,t,13.49736641,52.41619378
211351,7,4,17,4,3,5,t,f,13.41622764,52.45941279
211350,1,5,20,1,3,5,t,f,13.37632216,52.54301614
211347,4,4,7,5,3,5,t,f,13.28719257,52.49583258
211346,9,4,16,4,3,5,t,f,13.52386653,52.45963926
211345,9,5,13,6,2,1,t,f,13.58992731,52.44622414
211344,4,4,12,5,3,5,t,f,13.2842205,52.48529266
211342,3,4,15,6,3,5,t,f,13.42698987,52.55221287
211341,7,3,13,6,3,1,t,f,13.37078546,52.49101727
211339,3,5,7,3,3,2,t,f,13.43467597,52.53185803
211335,8,3,14,3,3,1,t,f,13.44706529,52.42825093
211333,5,5,21,7,3,5,t,f,13.19555983,52.52922967
211332,7,3,18,3,2,5,t,f,13.34613789,52.49886831
211330,2,5,23,1,3,1,t,f,13.42954047,52.52190878
211329,1,5,10,5,3,5,t,f,13.33707297,52.51991881
211328,2,5,19,4,2,6,f,t,13.43486597,52.50836553
211327,2,5,14,5,3,5,t,f,13.38377269,52.4943576
211326,8,4,18,4,3,5,t,f,13.44005158,52.48959502
211325,4,4,11,6,3,1,t,f,13.30297737,52.509848
211324,11,4,15,5,2,5,t,f,13.4808901,52.51509726
211323,8,5,22,3,3,2,t,f,13.45396713,52.47966519
211320,12,3,16,5,3,5,t,f,13.36467355,52.5627209
211319,4,5,17,2,3,0,t,f,13.32623315,52.48637939
211318,1,4,13,2,2,5,t,f,13.38010142,52.53279687
211317,1,5,17,2,3,1,t,f,13.36397147,52.54377688
211314,9,5,12,6,3,6,f,t,13.57828493,52.4571112
211313,3,4,15,2,3,4,t,f,13.4709214,52.57271916
211312,2,4,12,5,3,0,t,f,13.38293378,52.49152841
211311,2,5,19,4,3,5,t,f,13.46478187,52.49762176
211309,4,3,12,3,2,5,t,f,13.2673214,52.52026401
211307,3,3,12,6,3,5,t,f,13.44713941,52.56483885
211306,1,5,12,4,3,5,t,f,13.35324426,52.54770064
211305,4,5,16,4,3,5,t,f,13.28226619,52.5337734
211303,1,4,14,3,3,6,f,t,13.3738368,52.54746785
211302,1,5,22,6,3,0,t,f,13.38143003,52.51522658
211298,11,5,18,6,2,6,f,t,13.50536805,52.54880586
211297,9,4,9,4,2,0,t,f,13.66646354,52.44859279
211296,6,3,5,4,2,0,t,f,13.22965388,52.43249214
211294,12,3,14,7,3,6,f,t,13.36026806,52.59868751
211292,6,5,18,5,3,5,t,f,13.24243892,52.42336712
211291,5,5,11,4,3,5,t,f,13.16530353,52.55101227
211289,4,5,15,1,3,5,t,f,13.30727971,52.49901967
211288,12,4,6,3,3,5,t,f,13.33314091,52.57891676
211287,7,3,13,4,3,6,f,t,13.42062797,52.39319419
211284,2,5,23,7,3,1,t,f,13.42592552,52.50357432
211283,4,4,17,2,3,5,t,f,13.31108889,52.50658725
211281,7,5,15,7,2,1,t,f,13.36068412,52.49598463
211280,1,5,8,5,3,1,t,f,13.4061122,52.53177459
211279,3,4,7,2,3,6,f,t,13.43276911,52.59629999
211278,3,3,14,4,2,0,t,f,13.42518638,52.58074704
211276,9,3,10,2,3,0,t,f,13.62630686,52.46037407
211274,11,3,14,6,3,0,t,t,13.49204619,52.50318267
211272,11,5,15,5,2,6,f,t,13.47152214,52.5355251
211271,1,5,9,4,3,5,t,f,13.39883461,52.53259954
211270,7,4,9,5,2,5,t,f,13.34066855,52.49933888
211266,1,4,19,6,3,1,t,f,13.35752033,52.54531863
211265,3,5,15,7,3,2,t,f,13.3995139,52.54644554
211263,7,4,13,2,3,1,t,f,13.32627059,52.47739714
211259,1,5,12,5,3,5,t,f,13.34919714,52.55204519
211255,6,4,15,3,3,2,t,f,13.32762999,52.42265446
211254,5,5,9,3,3,6,t,t,13.19339643,52.52397852
211253,12,3,18,2,3,3,t,f,13.23904233,52.61945134
211250,1,5,8,3,3,5,t,f,13.39417829,52.50881487
211245,1,5,18,6,3,5,t,f,13.39759399,52.52875341
211243,2,4,12,6,2,5,t,f,13.37674876,52.49144188
211240,11,3,13,3,3,5,t,f,13.48960553,52.5120984
211239,9,4,12,6,3,1,t,f,13.56923633,52.44334269
211237,1,5,7,3,3,0,t,f,13.37705541,52.50859615
211236,11,5,15,3,3,6,f,t,13.52808471,52.56776796
211235,4,4,15,6,3,0,t,f,13.29722772,52.51172437
211233,3,5,10,6,2,6,f,t,13.45275547,52.54857438
211232,1,4,8,3,3,5,t,f,13.41733264,52.51243275
211228,2,3,18,4,3,5,t,f,13.37928529,52.49220898
211227,8,4,18,7,3,5,t,f,13.42453285,52.48646203
211226,9,3,11,7,2,5,t,f,13.50435965,52.46869743
211219,1,3,16,4,2,5,t,f,13.3500792,52.52092312
211218,11,4,5,2,3,5,t,f,13.5402375,52.56525565
211217,2,5,13,1,3,5,t,f,13.39702863,52.50533589
211216,2,5,10,7,3,0,t,f,13.42155325,52.50448379
211213,4,5,17,7,3,5,t,f,13.31118228,52.50650674
211212,8,5,17,5,3,6,f,t,13.43317192,52.47703663
211211,2,4,16,1,3,6,f,t,13.44880044,52.5242643
211208,1,4,16,3,2,3,t,f,13.41814273,52.51768477
211207,3,3,15,2,3,2,t,f,13.43208262,52.59393131
211206,1,4,16,5,2,5,t,f,13.36300384,52.50978474
211204,1,5,8,2,3,1,t,f,13.40159827,52.53323684
211201,9,4,11,4,3,5,t,f,13.56935802,52.44470818
211197,4,4,11,2,3,5,t,f,13.32034405,52.47888462
211193,4,4,12,4,2,0,t,f,13.31773965,52.4945609
211192,5,3,14,3,3,5,t,f,13.21357836,52.53858617
211189,1,5,0,3,3,5,t,f,13.35611141,52.54325163
211188,4,5,19,3,3,2,t,f,13.33525481,52.50439892
211186,9,4,11,5,3,5,t,f,13.54129044,52.4353232
211183,8,4,14,7,2,6,f,t,13.44381282,52.47978829
211181,5,4,13,5,2,6,f,t,13.20400054,52.56863286
211180,5,5,13,1,3,2,t,f,13.23141132,52.52775839
211177,1,4,15,6,3,0,t,f,13.38986931,52.52572201
211176,11,4,16,4,3,6,f,t,13.50151461,52.54917061
211174,8,5,13,4,3,6,t,t,13.43003325,52.45462161
211173,12,4,13,3,3,1,t,f,13.29743225,52.60477309
211169,10,5,15,4,3,6,f,t,13.56312159,52.54146824
211161,3,4,21,3,3,0,t,f,13.38976021,52.57429667
211160,8,5,9,6,3,5,t,f,13.42019168,52.47694953
211158,2,3,20,4,2,0,t,f,13.38522478,52.49324994
211156,1,3,16,1,3,5,t,f,13.3989814,52.53263117
211154,7,5,10,5,3,5,t,f,13.33740119,52.47298989
211148,12,5,16,7,3,0,t,f,13.29265541,52.57869035
211146,9,4,16,2,3,0,t,f,13.45479374,52.48500478
211145,1,5,16,2,3,5,t,f,13.38550009,52.50751727
211144,1,5,12,3,3,6,f,t,13.34080363,52.55499505
211143,1,5,17,7,3,0,t,f,13.37252234,52.52742445
211141,4,4,16,7,3,6,f,t,13.28046696,52.51833658
211140,1,3,11,4,2,3,t,f,13.38971285,52.53174677
211139,12,5,18,5,3,5,t,f,13.28860731,52.63286256
211137,11,3,4,2,3,6,f,t,13.5032088,52.57586768
211136,5,4,11,6,3,5,t,f,13.12227188,52.45448311
211133,8,4,19,2,3,2,t,f,13.44948913,52.4515702
211132,9,5,16,2,3,0,t,f,13.57530656,52.44752442
211130,4,5,9,1,3,9,t,f,13.26793966,52.48458716
211129,7,4,21,7,3,5,t,f,13.32949651,52.4682754
211127,9,4,9,3,3,5,t,f,13.57725445,52.45576544
211124,2,5,8,6,3,5,t,f,13.43515871,52.50147943
211121,2,4,9,1,2,0,t,f,13.42781969,52.5111937
211120,1,3,6,6,3,3,t,f,13.4049614,52.51465048
211113,1,4,19,3,3,5,t,f,13.40372787,52.52605861
211112,4,5,19,1,3,6,f,t,13.3040029,52.49935409
211111,3,3,16,4,3,5,t,f,13.42696857,52.55221644
211110,8,4,18,2,3,5,t,f,13.42409798,52.48633376
211109,3,5,9,2,3,5,t,f,13.42882467,52.57900075
211106,8,4,14,6,2,6,f,t,13.45030701,52.4715412
211099,4,4,21,3,2,6,f,t,13.28516977,52.49425207
211098,6,3,15,2,3,2,t,f,13.25069417,52.42782055
211094,7,5,12,6,1,6,f,t,13.38586758,52.46858605
211093,7,3,15,3,3,5,t,f,13.37866592,52.45085784
211092,4,4,11,2,3,0,t,f,13.29709299,52.5104021
211091,2,5,13,2,2,5,t,f,13.45491168,52.51207401
211089,6,5,8,4,3,1,t,f,13.24469281,52.42941474
211086,8,4,14,4,3,1,t,f,13.43407678,52.49004862
211085,2,3,8,4,2,3,t,f,13.39335006,52.49407926
211084,2,5,18,7,3,2,t,f,13.4226748,52.49918409
211083,10,4,13,2,3,5,t,f,13.58565555,52.52364433
211082,4,5,15,2,3,5,t,f,13.28076089,52.47677782
211078,5,4,21,7,2,6,f,t,13.1989183,52.55395218
211077,1,3,12,4,3,5,t,f,13.37697388,52.51077478
211075,2,5,16,4,3,3,t,f,13.39300728,52.4974573
211074,10,4,17,3,3,3,t,f,13.59000788,52.52896688
211073,8,3,16,2,3,6,f,t,13.46199208,52.42242699
211068,4,4,15,4,3,5,t,f,13.28134779,52.50821492
211067,1,5,9,1,2,5,t,f,13.40021762,52.50950347
211060,8,4,18,4,3,5,t,f,13.43469305,52.44032814
211059,1,3,14,3,3,1,t,f,13.37717137,52.5545669
211058,4,4,17,6,3,1,t,f,13.30021719,52.49897398
211057,1,3,13,6,3,3,t,f,13.396311,52.54613947
211056,9,5,18,2,3,1,t,f,13.53588021,52.45258833
211055,4,5,16,5,3,5,t,f,13.32942603,52.48173453
211054,3,5,19,4,3,2,t,f,13.45430209,52.5514317
211052,7,4,15,6,3,0,f,t,13.35060043,52.4077519
211051,8,4,18,3,3,6,f,t,13.43242704,52.48541088
211050,8,3,9,4,3,3,t,f,13.43393935,52.48174521
211047,8,3,17,3,3,0,t,f,13.47349386,52.4324691
211046,2,4,7,2,3,1,t,f,13.40468247,52.50449614
211043,6,5,12,3,3,5,t,f,13.29860915,52.44122432
211042,4,5,17,5,3,5,t,f,13.32599623,52.51866557
211040,3,4,14,5,3,5,t,f,13.4787908,52.55571285
211038,7,3,18,2,3,1,t,f,13.32914355,52.46551036
211036,4,3,11,4,3,0,t,f,13.33666301,52.5006324
211034,1,4,12,2,3,1,t,f,13.40079938,52.52893258
211031,9,5,14,1,3,0,t,f,13.52038963,52.44245479
211030,9,5,13,6,3,6,f,t,13.48139808,52.46091322
211029,8,4,18,7,3,6,f,t,13.50344266,52.40087788
211027,8,5,19,4,3,2,t,f,13.42653112,52.47669659
211025,9,3,5,3,2,5,t,f,13.56227054,52.43734282
211020,8,4,14,4,3,0,t,t,13.43828118,52.48467372
211019,2,3,18,4,2,5,t,f,13.41212684,52.5031564
211015,1,5,20,2,3,5,t,f,13.38328572,52.51141625
211013,8,5,18,4,3,5,t,f,13.46081349,52.46816165
211011,1,4,21,6,3,1,t,f,13.40807202,52.52492907
211010,8,5,11,4,3,6,t,t,13.43521499,52.46047725
211008,8,3,18,1,3,6,t,t,13.42945944,52.46613923
211007,1,4,8,5,3,5,t,f,13.39028855,52.50859326
211003,2,4,8,5,3,1,t,f,13.43690437,52.50365156
211001,9,4,7,3,3,0,t,f,13.53481419,52.45182471
210999,9,4,10,2,3,5,t,f,13.54918817,52.43012948
210997,8,4,18,3,2,6,f,t,13.50427437,52.41988762
210994,9,3,9,3,3,5,t,f,13.57525949,52.45383895
210993,3,4,8,1,3,6,f,t,13.41355728,52.54965005
210992,1,3,14,6,3,5,t,f,13.37742846,52.52216094
210989,1,5,17,4,2,5,t,f,13.41409431,52.51132261
210987,3,4,15,5,3,5,t,f,13.42245485,52.5598747
210985,11,3,19,4,3,5,t,f,13.46888746,52.53135042
210980,12,5,17,3,3,5,t,f,13.36306544,52.5801896
210978,4,5,17,5,2,2,f,t,13.28556317,52.47935112
210977,2,4,15,1,3,5,t,f,13.41360374,52.48839787
210974,7,3,19,1,3,0,t,f,13.36258167,52.49387887
210972,2,3,12,5,3,0,t,f,13.37669683,52.48901651
210971,8,5,13,3,3,1,t,f,13.44043804,52.483603
210970,4,4,15,1,3,5,t,f,13.31918518,52.48652294
210969,4,5,2,2,3,0,t,f,13.27171948,52.54604054
210967,5,5,15,1,3,5,t,f,13.24414739,52.54404032
210966,4,4,12,4,3,5,t,f,13.29001692,52.47014986
210965,3,5,13,6,3,5,t,f,13.3942197,52.56498139
210964,6,4,16,2,3,5,t,f,13.33608727,52.43349669
210962,8,4,16,4,2,5,f,t,13.45587928,52.47388437
210960,5,4,20,4,3,5,t,f,13.21984976,52.56024279
210959,5,3,14,3,3,5,t,f,13.17489452,52.51371799
210957,1,3,19,7,2,1,t,f,13.38930957,52.55014751
210956,2,5,18,4,3,5,t,f,13.44396115,52.50011564
210955,1,5,12,3,3,5,t,f,13.37725701,52.55363867
210952,9,5,5,7,3,5,t,f,13.51110061,52.44489888
210950,1,3,3,3,2,6,f,t,13.37680948,52.50950218
210949,8,4,10,6,3,5,t,f,13.42453002,52.48621115
210948,12,5,12,6,3,2,f,t,13.3220724,52.56555971
210947,5,5,15,6,3,5,t,f,13.19697306,52.55384341
210946,4,3,19,4,3,5,t,f,13.28420991,52.48529773
210945,7,4,18,6,3,1,t,f,13.35345779,52.49267624
210942,9,5,16,6,3,5,t,f,13.52221575,52.42846095
210941,1,5,17,4,3,1,t,f,13.41057499,52.51015685
210938,12,4,18,4,3,5,t,f,13.32430149,52.56493291
210936,2,4,11,6,3,6,f,t,13.40823704,52.49848444
210934,12,5,17,6,3,2,t,f,13.22090473,52.60625133
210933,9,4,15,3,3,0,t,f,13.62516187,52.45453442
210930,9,5,12,6,1,6,f,t,13.62440539,52.45508598
210928,1,3,16,4,3,5,t,f,13.34963251,52.5350958
210923,6,5,22,4,3,5,t,f,13.25105894,52.45009093
210920,6,4,7,3,3,6,f,t,13.35496216,52.4276175
210919,8,3,14,4,3,2,t,f,13.42688451,52.47588637
210918,3,4,13,7,3,0,t,f,13.45415288,52.56225293
210917,1,4,8,2,3,5,t,f,13.37312066,52.54229992
210914,3,4,16,3,1,6,f,t,13.42969685,52.55117578
210911,3,5,17,5,3,5,t,f,13.43207547,52.5465299
210909,5,4,8,2,3,5,t,f,13.2080235,52.55817731
210907,1,5,18,4,2,1,t,f,13.37549368,52.5378316
210904,4,4,11,6,3,5,t,f,13.28004245,52.50640872
210903,9,3,15,5,3,6,f,t,13.568053,52.45401518
210902,9,5,10,2,3,0,t,f,13.53226524,52.46172628
210900,1,5,14,2,3,5,t,f,13.34095487,52.50511149
210899,9,4,7,4,3,5,t,f,13.54251671,52.41932954
210898,8,5,12,7,3,5,t,f,13.49727237,52.41851554
210896,1,5,20,5,2,6,f,t,13.3919376,52.56376963
210894,12,4,18,5,3,6,t,t,13.31285293,52.57418767
210892,1,5,15,4,2,1,t,f,13.3381251,52.52329903
210890,6,3,16,3,2,5,t,f,13.22384775,52.43746691
210888,8,3,12,6,3,5,t,f,13.45189599,52.45247774
210885,5,4,16,5,2,6,f,t,13.20060059,52.54928941
210883,3,4,19,3,3,5,t,f,13.42871357,52.54778438
210882,8,3,17,3,3,5,t,f,13.47806673,52.44214398
210879,9,5,20,5,3,3,t,f,13.67455332,52.41941197
210871,7,4,16,6,3,1,t,f,13.3580213,52.48869163
210870,4,5,15,2,3,6,f,t,13.31393734,52.49910787
210869,4,4,14,4,3,5,t,f,13.27797148,52.51835407
210866,4,4,10,2,3,0,t,f,13.30513975,52.49558027
210865,12,5,14,2,3,5,t,f,13.33072369,52.56258855
210864,6,5,21,7,3,6,f,t,13.32083399,52.45518653
210861,4,5,13,4,3,0,t,f,13.28523697,52.51287292
210852,7,3,22,5,3,6,f,t,13.35436958,52.49918272
210851,9,5,6,3,3,0,t,f,13.55279852,52.42776357
210850,8,4,19,1,3,1,t,f,13.43447191,52.41615485
210847,9,5,17,1,3,5,t,f,13.55174595,52.42847875
210842,4,4,8,2,3,5,t,f,13.33574032,52.51362566
210840,2,5,11,6,3,5,t,f,13.4089029,52.50416435
210839,2,5,7,5,3,5,t,f,13.43000598,52.52328828
210838,3,4,15,2,3,5,t,f,13.42700967,52.55220956
210837,3,3,14,4,2,5,t,f,13.42699597,52.55221185
210836,3,5,7,4,3,3,t,f,13.37403638,52.59760866
210834,8,3,16,2,3,2,t,f,13.43566958,52.42466538
210832,12,3,19,5,3,1,t,f,13.32656682,52.56447208
210831,6,5,12,2,3,5,t,f,13.3108023,52.44294362
210829,8,5,15,2,3,0,t,f,13.43125322,52.46787235
210822,2,4,16,3,3,5,t,f,13.37653176,52.4877061
210821,7,5,15,4,3,5,t,f,13.32787422,52.47243284
210818,12,4,10,1,3,0,t,f,13.2258623,52.62774037
210817,10,3,9,6,3,4,t,f,13.53364738,52.5176548
210810,7,4,5,5,3,5,t,f,13.39635928,52.39674452
210809,2,4,12,3,3,6,f,t,13.43008312,52.51054257
210808,9,5,15,2,3,5,t,f,13.69953656,52.4225792
210802,2,4,9,6,3,5,t,f,13.42314167,52.48678606
210801,5,3,16,4,3,5,t,f,13.20707626,52.533318
210798,2,4,9,4,2,5,t,f,13.4365248,52.49256278
210796,1,5,13,2,3,0,t,f,13.32768706,52.52428379
210795,8,4,13,2,3,5,t,f,13.44089828,52.46089442
210792,1,5,20,6,3,1,t,f,13.33671709,52.52658276
210787,2,4,19,4,3,4,t,t,13.44057043,52.50178883
210786,4,3,15,1,3,6,f,t,13.32966593,52.50738336
210781,8,4,16,4,3,5,t,f,13.40642264,52.42748152
210780,5,5,23,1,3,1,t,f,13.20644804,52.5333834
210779,9,4,17,1,3,5,t,f,13.58201129,52.44283575
210776,2,3,19,3,3,0,t,f,13.38934847,52.49610841
210775,6,4,17,3,3,0,t,f,13.3296167,52.44567164
210774,8,5,19,6,3,1,t,f,13.42891544,52.48578224
210773,12,4,18,5,3,5,t,f,13.2401833,52.61879502
210771,8,4,17,7,3,5,t,f,13.44832706,52.46845666
210770,2,3,19,6,3,0,t,f,13.42213019,52.49917878
210769,7,5,16,2,3,5,t,f,13.32839253,52.46496203
210768,2,5,19,5,3,1,t,f,13.44047416,52.51659426
210767,3,5,20,4,3,6,f,t,13.4654176,52.55753986
210766,8,4,15,4,3,5,t,f,13.46648847,52.43346523
210763,1,3,12,4,3,5,t,f,13.39088419,52.51584761
210760,3,5,9,6,3,1,t,f,13.41644799,52.54485209
210758,5,4,17,5,3,0,t,f,13.26109571,52.54402576
210757,6,4,19,3,3,0,t,f,13.29370703,52.45804837
210756,4,4,18,3,2,5,t,f,13.30307195,52.50556871
210755,4,5,17,5,3,0,t,f,13.33114225,52.50526235
210754,8,4,6,4,3,5,t,f,13.43408877,52.46313441
210753,1,3,8,2,3,6,t,t,13.34570815,52.54735878
210752,2,4,15,6,3,5,t,f,13.45148974,52.52039007
210751,4,3,9,6,2,5,t,f,13.31402489,52.50621528
210748,12,4,17,5,3,6,f,t,13.3634257,52.57151745
210745,6,4,14,6,3,6,f,t,13.24399604,52.42570872
210743,10,5,13,7,3,5,t,f,13.59181667,52.54546437
210742,1,5,12,7,3,1,t,f,13.39646531,52.50894955
210740,9,4,14,2,3,5,t,f,13.57525949,52.45383895
210739,6,5,15,2,3,5,t,f,13.32071357,52.4570199
210738,3,5,18,5,3,5,t,f,13.39740726,52.57129612
210734,7,5,18,3,3,0,t,f,13.3760752,52.40912347
210728,8,5,12,3,2,5,t,f,13.44583172,52.41637729
210727,2,5,16,7,3,3,t,f,13.40849825,52.49849185
210726,9,5,14,6,3,5,t,f,13.54516918,52.43432524
210724,4,4,10,6,3,5,t,f,13.29035837,52.47922657
210723,2,4,15,3,3,5,t,f,13.39490081,52.49627574
210722,1,5,6,4,3,5,t,f,13.32815425,52.53525665
210720,3,3,10,3,3,1,t,f,13.41101131,52.54748781
210717,1,5,14,4,3,5,t,f,13.41597982,52.52710278
210716,10,5,15,4,3,6,f,t,13.57696351,52.54988209
210715,11,4,18,5,3,5,t,f,13.52871208,52.56976435
210712,2,5,7,6,3,6,f,t,13.37236682,52.48504842
210711,7,4,18,2,3,1,t,f,13.34933534,52.47030186
210709,2,4,18,3,3,0,t,f,13.41889861,52.50073048
210703,12,3,14,7,3,2,t,f,13.23977394,52.60646714
210702,9,5,10,2,3,4,t,f,13.66183191,52.44932094
210701,2,5,18,5,3,6,f,t,13.44301783,52.51567118
210698,2,5,15,1,3,5,t,f,13.43209185,52.50570341
210694,9,5,11,7,3,5,t,f,13.58520509,52.42781996
210692,7,5,21,2,3,1,t,f,13.34388299,52.49638847
210689,2,4,6,2,3,5,t,f,13.45820194,52.49960573
210688,10,3,9,4,3,0,t,f,13.58145419,52.5146939
210687,1,4,16,3,2,5,t,f,13.39022156,52.50768169
210679,9,4,9,4,2,1,t,f,13.48860829,52.46449475
210677,1,5,18,6,3,5,t,f,13.38008157,52.54054392
210675,1,4,13,6,3,2,t,f,13.34467199,52.53916138
210668,3,4,5,6,2,5,t,f,13.41479583,52.55386237
210667,3,3,10,4,2,6,f,t,13.41874392,52.60569615
210666,1,5,11,3,3,5,t,f,13.38884585,52.51693394
210665,3,3,18,2,3,1,t,f,13.42987427,52.52873663
210660,6,5,8,2,3,1,t,f,13.33603416,52.43346077
210659,12,4,18,4,3,5,t,f,13.26039256,52.57207145
210656,4,4,10,2,3,5,t,f,13.33219909,52.4875417
210653,1,5,15,4,3,5,t,f,13.36544188,52.5568148
210652,1,4,17,3,3,5,t,f,13.37931648,52.50703466
210650,7,4,12,6,2,0,t,f,13.35738494,52.47672525
210647,5,5,13,2,3,0,t,f,13.21152879,52.57560414
210645,10,4,17,2,3,5,t,f,13.57352989,52.5522866
210644,5,5,22,6,2,6,f,t,13.20987935,52.53244361
210642,3,3,13,3,3,6,f,t,13.49398552,52.61538035
210641,5,4,12,6,3,5,t,f,13.18873021,52.54660086
210638,9,3,15,4,3,2,t,f,13.6255391,52.45756021
210637,3,4,18,6,3,2,t,f,13.42196727,52.56272253
210636,6,3,11,7,3,2,t,f,13.34279615,52.43428596
210635,3,5,18,2,2,5,t,f,13.42256792,52.55986398
210634,4,5,12,5,3,6,f,t,13.30567121,52.5100011
210630,11,4,17,4,3,5,t,f,13.49856845,52.55181397
210629,11,3,14,4,3,0,t,f,13.52477365,52.4952652
210628,12,4,15,1,2,5,t,f,13.27788339,52.572717
210627,1,5,13,7,3,1,t,f,13.36500498,52.51009509
210625,11,4,7,2,3,6,f,t,13.52825769,52.55698239
210622,1,5,8,4,3,5,t,f,13.38092854,52.51637056
210621,1,4,18,7,3,5,t,f,13.3894769,52.5297251
210620,1,4,9,5,3,1,t,f,13.41676463,52.51159429
210619,2,5,19,4,3,2,t,f,13.44980747,52.51022083
210617,9,3,14,2,3,6,f,t,13.49065839,52.46830121
210615,2,3,9,5,2,6,f,t,13.43008739,52.51054089
210614,2,5,9,3,3,0,t,t,13.42001426,52.49643529
210612,9,5,11,2,3,6,f,t,13.55377149,52.43419
210611,3,4,7,4,3,5,t,f,13.4918283,52.61526396
210609,3,4,10,1,3,4,t,f,13.47779706,52.55939869
210608,4,5,11,6,3,1,t,f,13.33481801,52.51491997
210607,2,4,11,2,3,5,t,f,13.45318413,52.50867673
210606,3,4,18,6,3,6,t,t,13.42849958,52.5520136
210603,6,4,14,4,3,2,t,f,13.26577912,52.41032762
210602,1,3,15,3,3,2,t,f,13.34319898,52.52821492
210598,4,5,18,2,3,0,t,f,13.31190183,52.49807258
210596,1,5,17,6,3,3,t,f,13.35548958,52.53498437
210594,1,3,15,2,3,1,t,f,13.40628651,52.53226584
210592,1,4,11,3,3,5,t,f,13.39222008,52.50780182
210591,2,5,14,6,3,5,t,f,13.46839583,52.49971006
210588,5,4,8,2,3,0,t,f,13.24691998,52.54416972
210586,3,5,15,5,3,2,t,f,13.42749804,52.5975605
210585,1,4,17,3,3,5,t,f,13.36912119,52.54621227
210578,5,5,16,2,3,4,t,f,13.24113786,52.52613763
210576,12,4,21,2,3,2,t,f,13.36446375,52.56768846
210575,8,5,16,6,3,6,f,t,13.47250788,52.43707081
210574,4,4,16,4,3,5,t,f,13.31429951,52.50890888
210573,2,3,10,3,3,5,t,f,13.46627335,52.50857653
210569,2,3,18,4,3,5,t,f,13.42584457,52.49946342
210568,11,4,7,6,3,7,t,f,13.47780059,52.5099898
210566,5,5,18,2,3,0,t,f,13.23316013,52.52747381
210563,1,4,20,6,3,5,t,f,13.39075595,52.51573634
210560,3,3,13,4,3,6,t,t,13.43021598,52.53269925
210559,5,4,17,6,3,6,f,t,13.22714029,52.55768772
210557,11,4,16,2,3,5,t,f,13.50023533,52.5535052
210556,1,5,11,1,3,1,t,f,13.40841137,52.52749004
210555,6,5,15,7,3,5,t,f,13.21461801,52.44014251
210549,7,4,10,5,3,5,t,f,13.34263407,52.4866586
210545,10,4,11,6,3,6,f,t,13.58349405,52.51493362
210544,8,3,11,5,3,5,t,f,13.44674095,52.43994557
210543,8,5,7,2,3,5,t,f,13.50295971,52.41418786
210541,6,5,11,2,3,2,t,f,13.33101181,52.4532094
210540,3,4,6,4,2,5,t,f,13.428822,52.57916205
210536,1,4,12,3,3,0,t,f,13.37236194,52.53865089
210535,12,4,12,7,3,0,t,f,13.32422627,52.60119616
210534,7,4,1,4,2,1,t,f,13.35917873,52.47485772
210533,6,5,12,6,3,6,f,t,13.29206653,52.45786408
210532,2,4,22,5,3,0,t,f,13.3939675,52.49754273
210529,5,3,14,6,2,6,f,t,13.18613039,52.53782439
210527,1,5,16,3,3,3,t,f,13.38925846,52.51387686
210526,2,4,19,6,3,2,t,f,13.46203612,52.51895872
210525,6,4,16,3,3,6,f,t,13.27721013,52.43387959
210523,1,4,16,6,3,5,t,f,13.36194317,52.49997048
210522,1,5,14,7,3,6,f,t,13.37397935,52.55646516
210515,4,4,16,6,3,0,t,f,13.28772946,52.49609696
210513,10,5,13,1,3,5,t,f,13.53355439,52.52550381
210512,3,5,18,3,3,5,t,f,13.43815822,52.54630844
210511,2,4,18,4,3,0,t,f,13.45599126,52.50994739
210510,4,3,13,4,3,5,t,f,13.33119856,52.48725984
210509,11,5,14,2,2,6,f,t,13.47015906,52.53178042
210508,7,4,19,2,3,2,t,f,13.34774537,52.49616185
210506,4,5,11,2,2,5,t,f,13.30616336,52.52333038
210505,9,5,18,6,3,1,t,f,13.5695221,52.44497503
210504,2,5,7,5,3,6,f,t,13.39439772,52.48596915
210503,11,4,7,2,3,3,t,f,13.52775568,52.48963318
210500,2,5,19,4,3,2,t,f,13.42204318,52.49289657
210499,4,4,15,7,3,0,t,f,13.30042261,52.52246707
210498,4,5,19,7,3,0,t,f,13.30579113,52.48570615
210497,6,4,11,5,3,6,f,t,13.33898251,52.45556154
210496,11,3,15,4,3,5,t,f,13.52731017,52.55647429
210495,6,5,18,1,3,4,t,f,13.32151057,52.41797654
210494,6,4,14,1,2,7,t,f,13.20944612,52.41955762
210492,3,5,15,2,3,6,f,t,13.40522717,52.58158916
210491,1,5,18,7,3,0,t,f,13.36435816,52.50333993
210489,8,5,17,6,3,4,t,f,13.46109197,52.43617983
210488,6,5,14,4,3,2,t,f,13.33083337,52.45329549
210484,6,4,15,3,2,6,f,t,13.34301264,52.44735837
210483,8,3,12,1,3,6,t,t,13.44142807,52.46974129
210482,8,4,10,6,3,6,f,t,13.42655651,52.41372387
210481,2,3,8,5,3,5,t,f,13.3767109,52.4893963
210480,4,5,7,3,2,5,t,f,13.31392385,52.49047697
210477,7,5,22,7,3,6,f,t,13.35367948,52.49992429
210475,4,5,13,6,3,5,t,f,13.30936496,52.47860566
210473,2,4,20,5,3,5,t,f,13.41404579,52.50039505
210469,9,4,14,6,3,5,t,f,13.57926925,52.45847206
210467,7,5,16,3,3,2,t,f,13.33525618,52.47183983
210466,1,5,22,4,3,5,t,f,13.34299235,52.52546384
210465,6,4,20,5,3,6,f,t,13.3103237,52.466974
210464,3,4,9,5,3,6,f,t,13.4790476,52.6076227
210463,3,4,19,3,3,0,t,f,13.4206914,52.53342579
210462,4,3,11,3,3,3,t,f,13.30256538,52.5060643
210461,3,4,17,6,3,5,t,f,13.42872283,52.57797948
210457,10,5,14,3,3,2,t,f,13.58624814,52.53933699
210455,5,5,11,4,3,1,t,f,13.2059481,52.56215734
210453,7,4,17,6,3,1,t,f,13.35197458,52.49975492
210452,3,4,9,5,3,5,t,f,13.42701347,52.55220893
210449,5,4,9,5,3,6,f,t,13.26998492,52.53654916
210448,1,3,17,5,3,5,t,f,13.38844564,52.56121451
210447,3,5,7,2,3,6,f,t,13.40679959,52.5627114
210446,1,4,9,2,3,5,t,f,13.38405472,52.5554604
210443,4,5,13,1,3,5,t,f,13.27807298,52.50674075
210440,1,4,22,5,3,2,t,f,13.3971203,52.53247848
210439,8,4,17,3,3,5,t,f,13.43808263,52.49026896
210438,4,5,12,4,3,1,t,f,13.29421798,52.511793
210437,11,4,13,3,3,0,t,f,13.48083142,52.49909009
210435,5,4,16,5,3,5,t,f,13.18287153,52.51846634
210432,2,5,17,4,3,3,t,f,13.43728972,52.5065301
210431,7,4,15,6,3,6,f,t,13.33438895,52.47055324
210430,6,4,8,3,3,5,t,f,13.28896373,52.42950489
210429,12,5,11,6,2,6,f,t,13.3285849,52.56574183
210428,1,4,9,3,3,5,t,f,13.36540161,52.55711013
210426,1,4,10,4,3,5,t,f,13.34326212,52.52620133
210425,12,4,7,3,3,6,f,t,13.32113237,52.59352904
210423,12,4,16,4,2,3,t,f,13.26969236,52.59084352
210419,7,5,15,2,3,1,t,f,13.3901283,52.40233487
210418,4,5,9,5,3,5,t,f,13.27202237,52.50885363
210417,10,5,19,4,3,5,t,f,13.59214033,52.54632947
210415,1,1,14,2,3,6,f,t,13.32559904,52.5277238
210414,1,2,16,1,3,5,t,f,13.38423124,52.55571194
210408,3,3,12,4,3,5,t,f,13.40216383,52.60286789
210407,7,1,16,3,3,5,t,f,13.37780299,52.46591877
210406,11,1,9,3,3,5,t,f,13.49673562,52.5428177
210401,3,2,17,7,3,0,t,f,13.42999257,52.55142038
210399,1,2,6,2,3,5,t,f,13.37115623,52.54197977
210398,4,3,7,5,2,5,t,f,13.28125373,52.51296622
210395,3,3,11,5,3,5,t,f,13.45278487,52.54852524
210392,11,2,16,5,3,6,f,t,13.49732858,52.53503621
210390,8,3,5,3,3,6,f,t,13.43353465,52.44390794
210389,2,1,12,3,3,5,t,f,13.38513787,52.50228807
210388,11,2,6,4,3,6,f,t,13.48533947,52.52319037
210386,10,2,13,5,3,6,f,t,13.56678007,52.55120616
210384,8,1,5,3,3,6,f,t,13.42117247,52.41312766
210380,10,3,13,2,3,5,t,f,13.56594433,52.48111189
210376,3,3,15,2,3,6,t,t,13.45046104,52.54864154
210373,4,1,8,4,3,5,t,f,13.31289022,52.50067582
210372,9,2,5,6,3,6,f,t,13.47537201,52.45618869
210371,6,3,16,2,2,6,f,t,13.30564363,52.42786886
210370,3,1,13,4,3,5,t,f,13.42202599,52.56158253
210369,10,3,9,4,3,0,t,f,13.56956957,52.49140159
210367,9,1,16,5,3,5,t,f,13.53634914,52.43285105
210366,2,1,19,5,3,0,t,f,13.45969191,52.50906109
210365,1,3,15,6,3,1,t,f,13.35345843,52.52905735
210364,11,2,16,2,3,5,t,f,13.50891146,52.49028319
210363,1,3,15,3,3,3,t,f,13.39531926,52.51620304
210362,5,3,18,5,2,6,f,t,13.19816952,52.5328204
210360,2,3,15,3,2,1,t,f,13.39660961,52.50469306
210355,6,2,12,4,3,0,t,f,13.34701685,52.45009372
210354,8,1,16,6,3,3,t,f,13.43261438,52.4787028
210353,12,3,13,6,2,6,f,t,13.34284457,52.59916292
210352,3,1,19,6,2,6,f,t,13.43050764,52.58942609
210348,4,1,10,6,3,6,f,t,13.3294,52.48707904
210347,8,1,14,1,3,6,f,t,13.4526549,52.42908394
210345,9,3,17,4,3,5,t,f,13.51460908,52.46891541
210343,4,3,16,3,3,5,t,f,13.30639129,52.48848829
210342,1,1,7,6,3,6,f,t,13.37414635,52.53059331
210341,7,2,14,2,3,6,f,t,13.38404744,52.45819999
210340,3,2,14,5,3,6,t,t,13.41963634,52.53776325
210337,4,1,18,7,3,1,t,f,13.30842402,52.50582906
210334,6,2,16,6,3,5,t,f,13.29966677,52.42134776
210333,1,3,21,7,2,5,t,f,13.39578202,52.52901397
210330,4,1,7,2,3,1,t,f,13.2960966,52.4970633
210328,4,1,14,5,3,5,t,f,13.25061352,52.50025744
210326,9,1,12,3,3,5,t,f,13.58362989,52.43162894
210321,2,1,17,1,3,1,t,f,13.43468733,52.50936065
210319,8,1,18,3,3,6,f,t,13.42759855,52.42089951
210317,4,2,8,2,3,6,f,t,13.29248212,52.49054627
210315,12,3,15,5,3,6,f,t,13.31316464,52.57125764
210314,1,1,8,4,3,5,t,f,13.39127535,52.56341686
210312,7,3,16,2,3,2,t,f,13.3605147,52.4104968
210310,4,3,5,5,3,1,t,f,13.30534526,52.47980529
210308,1,1,8,5,2,3,t,f,13.38106565,52.55213783
210306,2,3,11,5,3,5,t,f,13.44068632,52.5172754
210304,7,3,12,4,2,6,f,t,13.40258264,52.42677235
210302,6,2,6,4,2,6,f,t,13.34561727,52.43619737
210299,1,2,13,5,3,5,t,f,13.32638284,52.52763939
210297,2,3,17,6,3,5,t,f,13.43142718,52.50598645
210295,4,1,16,6,3,0,t,f,13.29306816,52.53448961
210294,4,3,13,6,3,5,t,f,13.32332509,52.49152482
210293,8,1,21,6,3,1,t,f,13.42937976,52.48633692
210292,3,3,19,6,2,2,t,f,13.41429895,52.55975396
210290,11,1,0,7,3,0,t,f,13.49769035,52.52641215
210288,3,1,10,3,2,6,t,t,13.40591812,52.54090352
210287,9,2,10,6,3,6,f,t,13.49733361,52.44168688
210283,5,1,17,2,1,6,f,t,13.17492375,52.52388374
210281,4,1,1,7,3,0,f,t,13.31390107,52.50647234
210280,12,2,17,6,2,5,t,f,13.22380733,52.6076002
210279,2,1,11,3,3,5,t,f,13.44041661,52.51585609
210278,4,1,19,3,3,6,f,t,13.2975276,52.52650725
210277,4,2,19,2,3,5,t,f,13.30119071,52.51901517
210276,4,3,10,2,2,3,t,f,13.33719023,52.50113793
210275,4,3,13,4,3,5,t,f,13.29727479,52.50685405
210274,1,1,10,3,3,5,t,f,13.33776435,52.52525498
210273,6,2,13,7,3,0,t,f,13.19989085,52.44085647
210270,1,2,10,4,3,6,f,t,13.33320075,52.54471771
210269,8,2,18,5,3,0,f,t,13.43968321,52.48958486
210267,2,3,12,4,3,5,t,t,13.39771834,52.49527992
210266,5,3,21,2,2,6,f,t,13.20153008,52.54126028
210264,1,1,7,4,3,5,t,f,13.35496731,52.54400765
210263,9,2,17,2,3,6,f,t,13.48790947,52.46626834
210261,2,3,12,4,3,5,t,f,13.43197356,52.51514306
210259,11,2,11,7,3,0,t,f,13.5032658,52.52629061
210258,1,1,12,4,3,6,f,t,13.38312155,52.55437522
210257,12,2,15,3,3,5,t,f,13.33997263,52.58816868
210249,3,3,9,7,3,5,t,f,13.40379782,52.55148541
210247,12,3,18,2,3,6,f,t,13.29226272,52.59065793
210246,12,1,19,5,3,6,f,t,13.31403993,52.60527276
210245,9,2,19,4,3,6,f,t,13.45407167,52.48889351
210244,3,3,17,6,3,0,f,t,13.42438444,52.60736544
210243,3,2,17,7,3,5,t,f,13.45828826,52.52561784
210242,3,2,15,4,2,5,t,f,13.40204006,52.60284478
210236,8,1,16,1,3,0,t,f,13.43027357,52.46928301
210233,7,1,11,4,3,5,t,f,13.40793314,52.45255021
210232,4,2,18,4,3,6,f,t,13.31038002,52.47902034
210230,11,1,18,4,3,5,t,f,13.46925351,52.53143091
210228,4,1,14,6,3,5,t,f,13.3308025,52.49088122
210224,4,3,18,3,2,5,t,f,13.32166869,52.50578607
210223,3,3,17,4,3,1,t,f,13.47205564,52.54779937
210222,4,2,17,7,3,6,f,t,13.27593819,52.49404988
210221,7,2,21,7,2,6,f,t,13.36156,52.41589536
210220,7,1,18,6,2,6,f,t,13.37603758,52.44319863
210219,7,2,16,3,3,6,f,t,13.37657526,52.46011274
210218,9,1,11,3,3,6,t,t,13.48462335,52.46355727
210215,9,2,14,4,3,5,t,f,13.55328922,52.46958581
210213,9,3,7,4,3,5,t,f,13.57208033,52.42951352
210212,1,3,15,6,3,1,t,f,13.40354533,52.52641772
210207,4,1,20,2,3,6,f,t,13.32296976,52.50585024
210206,7,2,9,4,2,6,f,t,13.40969793,52.3871189
210205,10,2,13,6,2,6,f,t,13.56064644,52.48970802
210204,11,3,8,2,3,2,t,f,13.51986608,52.49477329
210203,4,1,8,4,3,5,t,f,13.32782334,52.50551
210200,7,3,16,6,3,0,t,t,13.34679763,52.47870842
210199,9,2,17,3,3,6,t,t,13.51188382,52.4642251
210197,4,3,17,4,2,6,f,t,13.27236609,52.48691202
210196,8,3,8,5,3,0,t,f,13.44164758,52.47041588
210193,10,3,15,3,3,5,t,f,13.54869552,52.52812991
210192,7,1,17,5,3,1,t,f,13.34165063,52.50207145
210188,1,1,20,2,3,6,t,t,13.36166973,52.530968
210186,1,3,17,7,3,5,t,f,13.35983865,52.52345957
210183,4,1,14,1,3,6,f,t,13.31510883,52.49089884
210180,6,1,17,4,3,6,f,t,13.3393384,52.461601
210178,7,2,17,5,3,4,t,f,13.40035989,52.48370517
210177,4,1,18,3,3,6,f,t,13.33080562,52.49078137
210176,3,3,9,4,3,0,t,f,13.41331723,52.54869743
210173,1,1,17,4,3,2,f,t,13.40134352,52.54009554
210171,8,3,19,3,3,2,t,f,13.42909228,52.48219181
210170,7,3,15,4,3,1,t,f,13.38532767,52.45277681
210168,3,3,7,3,2,5,t,f,13.40816272,52.55103059
210167,11,1,18,7,2,6,f,t,13.52540115,52.48209304
210166,2,2,8,2,3,5,t,f,13.38622927,52.50132108
210163,7,2,12,5,3,5,t,f,13.4014125,52.38661951
210161,1,3,13,5,3,5,t,f,13.4212151,52.50985085
210160,2,3,20,5,3,2,t,f,13.45612725,52.50142627
210157,4,1,13,6,3,5,t,f,13.29896988,52.50684427
210156,8,3,12,3,3,5,t,f,13.42110297,52.48026771
210155,10,1,17,1,2,6,f,t,13.56076169,52.57100346
210153,2,3,15,3,3,5,t,f,13.44560598,52.4955691
210151,1,2,11,6,2,6,f,t,13.34675874,52.50376753
210150,8,1,15,2,3,5,t,f,13.43763267,52.47883503
210146,4,1,17,2,2,5,t,f,13.30797214,52.5245461
210143,7,3,10,3,3,5,t,f,13.40287409,52.39405316
210142,2,3,15,4,3,6,t,t,13.46705582,52.52023835
210138,4,1,18,4,3,6,f,t,13.3043325,52.50376865
210137,2,3,12,6,3,3,t,f,13.46644308,52.50875005
210135,5,2,12,6,3,5,t,f,13.20827786,52.56200495
210133,1,3,18,5,2,6,f,t,13.35159241,52.50520657
210132,3,3,13,6,2,5,t,f,13.39491627,52.5653385
210131,11,3,14,2,3,1,t,f,13.47497003,52.52043813
210126,11,1,7,5,2,6,f,t,13.52452603,52.51370453
210123,2,1,6,4,3,5,t,f,13.41097559,52.50391409
210122,7,3,12,4,3,2,t,f,13.37885992,52.44958398
210119,2,1,13,5,3,0,t,f,13.41417514,52.49844383
210115,11,3,13,5,3,5,t,f,13.47707311,52.52426703
210114,6,2,13,5,3,0,t,f,13.24924135,52.45184463
210111,1,2,19,4,3,6,f,t,13.38179564,52.55263241
210108,4,2,14,4,3,5,t,f,13.28074429,52.50646761
210107,8,1,13,1,2,9,f,t,13.4319876,52.46634917
210106,4,3,21,5,3,6,f,t,13.31447839,52.49014466
210105,11,3,17,1,3,5,t,f,13.50966221,52.57214734
210104,9,3,10,2,2,5,t,f,13.45052654,52.49138231
210103,2,2,14,6,3,6,t,t,13.46721438,52.51267984
210101,8,1,14,3,3,5,t,f,13.44988181,52.44555219
210100,3,1,14,3,3,1,t,f,13.41805169,52.53830235
210098,11,3,15,3,2,5,t,f,13.50812633,52.54853271
210097,1,1,14,3,3,0,t,f,13.39169744,52.51222713
210095,1,2,20,5,3,5,t,f,13.37975939,52.52261569
210094,5,1,13,2,2,3,t,f,13.207501,52.55507856
210090,8,1,17,2,3,6,f,t,13.46437881,52.47021427
210089,1,1,8,3,3,6,f,t,13.38450834,52.53834055
210088,7,2,14,1,3,6,f,t,13.361259,52.41260135
210087,2,3,8,3,3,6,f,t,13.44338258,52.50032485
210079,8,3,19,5,3,6,f,t,13.44884685,52.48504836
210078,6,2,15,3,3,5,t,f,13.15056063,52.41841925
210075,2,2,17,3,3,6,t,t,13.39523845,52.49712077
210070,2,3,14,4,3,6,f,t,13.40071262,52.49427775
210066,5,1,6,5,2,6,f,t,13.14154369,52.53235254
210065,4,3,16,5,3,5,t,f,13.32172781,52.49288129
210062,1,1,19,5,3,2,t,f,13.40502561,52.5339037
210061,11,3,6,5,3,0,t,f,13.48666906,52.52664918
210059,12,3,16,3,3,6,t,t,13.32597123,52.5923007
210058,3,1,16,5,3,3,t,f,13.43878047,52.54794457
210056,5,2,6,2,3,6,f,t,13.22821388,52.53007557
210055,1,3,8,7,3,1,t,f,13.38343225,52.53397163
210054,1,2,14,4,2,4,t,f,13.34203037,52.52626933
210053,3,1,14,1,3,1,t,f,13.44563683,52.53883238
210052,3,3,16,6,3,0,f,t,13.40928824,52.56642148
210050,9,3,8,7,3,5,t,f,13.62169812,52.45061883
210049,6,3,13,7,3,3,t,f,13.30005231,52.43992245
210048,2,2,13,7,3,0,t,f,13.37966859,52.49429834
210047,12,1,11,6,3,1,f,t,13.37074077,52.5630257
210046,1,1,14,2,2,5,t,f,13.38715811,52.5597998
210045,1,2,15,1,3,2,t,f,13.38325952,52.53063536
210039,12,3,15,4,3,6,f,t,13.29536507,52.62876091
210037,12,1,13,3,3,5,t,f,13.28539402,52.59482019
210036,8,1,9,3,3,5,t,f,13.45244174,52.47283818
210035,5,2,15,1,3,5,t,f,13.18788832,52.54700248
210034,10,3,16,2,3,5,t,f,13.51895151,52.5314907
210033,6,3,18,3,3,5,t,f,13.33886604,52.46451464
210031,6,2,15,7,3,5,t,f,13.32997657,52.46443812
210030,12,1,13,4,2,6,f,t,13.24483566,52.61445463
210029,7,2,17,3,3,6,f,t,13.36792922,52.41896813
210028,8,1,8,4,2,0,t,f,13.40591121,52.41559563
210027,5,3,14,6,3,5,t,f,13.26840173,52.53675635
210024,6,1,11,1,3,5,t,f,13.32394951,52.4560999
210023,11,3,7,4,3,5,t,f,13.51184392,52.54648049
210022,12,3,16,5,2,6,f,t,13.36492651,52.597145
210020,9,2,14,4,3,0,f,t,13.51748439,52.4616639
210019,9,3,13,2,3,5,t,f,13.54515056,52.43433854
210016,12,1,10,5,3,6,f,t,13.32978083,52.56913584
210015,1,3,8,7,2,6,f,t,13.3444765,52.50436914
210013,5,1,18,1,3,6,f,t,13.16531327,52.55126224
210012,1,3,15,6,2,2,t,f,13.38840785,52.53399059
210010,3,1,15,6,3,6,f,t,13.45292168,52.55186233
210006,8,1,14,3,2,6,f,t,13.426346,52.47754794
210005,10,2,13,2,3,6,f,t,13.61222667,52.51185988
210000,1,2,10,5,3,5,t,f,13.39422235,52.50789917
209999,1,1,13,7,3,5,t,f,13.38478693,52.55064062
209995,3,3,12,2,3,6,f,t,13.39198248,52.58393009
209993,5,1,17,7,2,6,f,t,13.21307875,52.56164255
209991,3,2,10,6,2,5,t,f,13.43074653,52.53450049
209990,2,3,15,2,3,5,t,f,13.46608437,52.49997034
209988,7,2,9,5,3,6,t,t,13.35611576,52.48597528
209987,1,1,8,2,3,0,t,f,13.3804334,52.51811757
209978,9,3,0,2,3,5,t,f,13.50708375,52.46326252
209977,3,1,9,3,3,6,f,t,13.44300053,52.55141963
209973,3,3,8,6,3,5,t,f,13.40863952,52.55394606
209971,9,2,15,3,3,0,t,f,13.54922197,52.4383264
209970,1,1,11,7,3,5,t,f,13.38067079,52.51662448
209969,8,3,23,4,2,5,t,f,13.4311478,52.4677897
209967,11,3,11,6,3,6,f,t,13.47166356,52.52723976
209964,3,3,15,3,2,6,f,t,13.49253911,52.62331059
209963,12,1,20,1,3,6,f,t,13.294794,52.57650747
209962,4,2,19,4,3,6,f,t,13.32274784,52.48643807
209958,3,1,9,2,3,5,t,f,13.47692929,52.56699518
209957,3,3,9,5,3,1,t,f,13.42364306,52.54347835
209956,11,3,13,6,3,6,f,t,13.50384388,52.56426721
209950,6,1,16,4,3,5,t,f,13.35371856,52.44542493
209948,7,3,15,2,3,6,f,t,13.35338249,52.48106625
209947,2,1,14,4,3,1,t,f,13.37586754,52.48773779
209946,12,3,13,4,3,0,t,f,13.21661469,52.61118701
209945,6,1,12,6,3,5,t,f,13.25997889,52.42818265
209943,8,1,6,5,3,5,t,f,13.45397933,52.46920807
209942,2,2,10,3,2,6,f,t,13.4211901,52.48719314
209941,1,3,11,2,2,4,t,f,13.4253673,52.50855769
209940,1,3,15,4,3,6,f,t,13.38607448,52.53882998
209937,4,1,17,5,3,6,t,t,13.31092252,52.47945108
209935,12,3,19,6,3,5,t,f,13.31117143,52.5698166
209934,12,2,14,5,3,6,f,t,13.29984373,52.58325118
209931,1,1,18,4,3,1,t,f,13.39331232,52.52680762
209930,4,2,16,2,3,0,t,f,13.30728287,52.47951424
209927,2,2,20,2,2,6,f,t,13.43369945,52.52332087
209924,6,2,10,2,3,5,t,f,13.24025442,52.42449855
209922,6,3,14,5,3,5,t,f,13.2679283,52.44546693
209920,3,2,14,4,3,5,t,f,13.44170893,52.55004821
209918,9,3,16,4,2,1,t,f,13.52377616,52.45284235
209911,8,3,15,3,3,5,t,f,13.51565314,52.42084698
209909,1,2,12,4,3,1,t,f,13.3863397,52.52795179
209908,3,3,17,6,3,5,t,f,13.42891958,52.57909878
209905,1,1,9,3,3,5,t,f,13.39894011,52.50822701
209903,10,3,19,7,3,6,f,t,13.57928735,52.56358904
209901,6,1,18,3,3,6,f,t,13.2985805,52.45766481
209899,4,2,10,2,3,5,t,f,13.28089926,52.47667826
209898,9,3,19,2,3,5,t,f,13.53900372,52.45098344
209897,1,3,12,5,3,1,t,f,13.41066179,52.51008123
209896,12,1,5,4,3,1,t,f,13.32383063,52.56504693
209894,10,2,14,7,2,6,f,t,13.58838783,52.52957056
209892,3,3,15,4,3,6,f,t,13.39721598,52.56225307
209886,1,3,19,4,3,5,t,f,13.40686153,52.51826683
209883,12,3,15,3,3,6,f,t,13.29172358,52.58265822
209879,11,2,7,4,3,5,t,f,13.5153728,52.53753165
209877,8,3,8,5,1,5,t,f,13.42115515,52.46677666
209876,8,3,17,7,3,6,f,t,13.42401022,52.48652625
209874,11,2,14,7,3,6,f,t,13.52018914,52.56625493
209872,9,1,17,3,3,5,t,f,13.45395608,52.48897407
209871,6,1,14,4,2,6,f,t,13.31520713,52.4473819
209868,3,1,13,3,1,6,f,t,13.46645637,52.55082607
209866,1,2,19,5,3,5,t,f,13.36033767,52.53724679
209864,1,3,8,4,2,6,f,t,13.36986082,52.55966213
209862,3,1,12,2,3,5,t,f,13.48369523,52.56194038
209856,8,1,19,2,3,5,t,f,13.42105188,52.46735962
209855,6,1,10,2,3,6,f,t,13.34935771,52.44739123
209851,9,2,6,5,3,3,t,f,13.50927226,52.47333472
209850,2,1,18,2,2,1,t,f,13.38703343,52.50650792
209849,2,3,18,5,3,1,t,f,13.41685571,52.49252947
209848,3,1,15,6,2,6,f,t,13.48141843,52.62204038
209847,7,3,19,2,3,6,f,t,13.34599065,52.49696518
209846,6,2,18,6,3,6,f,t,13.32775832,52.42563022
209844,9,1,21,2,3,5,t,f,13.48903134,52.46735644
209843,4,1,11,4,3,6,f,t,13.33331229,52.48154594
209842,1,2,17,2,3,5,t,f,13.39218396,52.5550635
209841,2,3,18,3,3,6,t,t,13.45885688,52.51155722
209840,2,3,12,4,3,5,t,f,13.42762475,52.49897414
209838,9,2,16,2,3,6,t,t,13.50964866,52.47299062
209836,7,1,16,3,3,6,f,t,13.34938372,52.49041201
209834,8,2,17,3,2,2,t,f,13.42890084,52.47193816
209831,2,1,6,5,2,5,t,f,13.42711531,52.51191648
209828,2,3,11,4,3,5,t,f,13.40920402,52.50168596
209825,1,3,20,3,3,5,t,f,13.38146891,52.51515178
209823,2,2,8,4,3,5,t,f,13.44440045,52.49979542
209822,2,2,5,5,3,0,t,f,13.46506593,52.49803515
209819,3,1,11,6,3,5,t,f,13.40699058,52.56034119
209818,11,3,17,6,3,1,t,f,13.52450823,52.48252862
209814,9,1,7,5,3,5,t,f,13.45406507,52.48901964
209813,11,1,11,1,3,5,t,f,13.56430568,52.57228028
209811,10,2,10,7,3,6,f,t,13.57756423,52.56500477
209807,8,2,17,6,3,1,t,f,13.42424165,52.48535419
209805,9,3,15,4,3,5,t,f,13.55800911,52.45571372
209804,8,1,6,6,3,6,f,t,13.44817013,52.47763295
209802,1,1,18,3,3,1,t,f,13.36083553,52.50028761
209801,3,2,9,2,3,5,t,f,13.37906475,52.57493122
209800,4,3,17,2,3,1,t,f,13.30388381,52.50145166
209799,6,3,9,4,3,5,t,f,13.31487066,52.41752579
209797,12,3,10,2,3,2,t,f,13.36082215,52.60220239
209796,4,1,16,4,3,5,t,f,13.31165516,52.46825958
209795,8,2,13,2,3,0,t,t,13.45389551,52.44303233
209793,7,1,15,5,3,6,t,t,13.35562965,52.46099603
209792,5,3,16,6,3,0,t,f,13.24666181,52.53811452
209791,12,2,14,3,3,2,f,t,13.32763917,52.56397246
209789,8,3,17,4,2,5,t,f,13.4267181,52.4882841
209787,1,3,15,7,3,5,t,f,13.34278179,52.50457979
209781,3,1,10,3,3,5,t,f,13.46264987,52.55975963
209780,3,3,7,5,3,0,t,f,13.42223007,52.55989603
209777,4,1,17,5,3,5,t,f,13.28778178,52.51514474
209775,8,2,11,3,3,6,f,t,13.41831382,52.41453819
209770,2,1,15,6,3,5,t,f,13.42671579,52.51574313
209769,7,2,17,4,2,6,f,t,13.39256885,52.41268757
209768,4,3,11,7,3,5,t,f,13.31395105,52.50781032
209767,1,2,10,5,3,6,f,t,13.37349047,52.5422129
209761,7,1,13,2,3,5,t,f,13.39995141,52.43776765
209760,5,2,15,6,3,5,t,f,13.17803316,52.54867537
209759,5,3,6,1,3,6,f,t,13.17687503,52.51709869
209757,7,2,19,4,3,6,f,t,13.40087841,52.41452501
209756,5,2,10,5,3,6,f,t,13.19952919,52.54642032
209755,4,1,11,3,3,0,f,t,13.30570157,52.50989929
209752,8,1,16,3,3,0,t,f,13.43954236,52.47586089
209751,8,1,7,4,3,6,f,t,13.41672659,52.41829126
209750,7,2,7,2,3,6,f,t,13.37753693,52.48199386
209748,1,3,15,4,3,1,t,f,13.35030959,52.50293492
209744,2,2,11,3,3,1,t,f,13.38876132,52.50017305
209743,3,1,13,4,3,0,t,f,13.45373919,52.53293902
209741,4,3,16,7,2,0,t,f,13.31497439,52.51386107
209740,11,2,9,5,3,5,t,f,13.49365064,52.54475366
209739,8,1,19,6,3,2,t,f,13.50365008,52.41174444
209738,1,3,8,4,3,5,t,f,13.41501698,52.51581521
209736,1,3,10,2,3,5,t,f,13.39800787,52.53501324
209734,2,1,1,1,3,5,t,f,13.42689368,52.49910842
209733,9,3,10,3,2,6,f,t,13.52581508,52.40648924
209730,3,3,9,6,3,5,t,f,13.42616567,52.60770652
209727,12,1,9,2,3,6,f,t,13.27607553,52.5757597
209723,4,1,17,2,2,5,t,f,13.33101064,52.49308304
209722,6,1,14,4,2,6,t,t,13.19892533,52.43430747
209719,7,3,16,3,3,2,t,f,13.40050318,52.48368851
209716,5,3,7,6,3,5,t,f,13.17926155,52.53056516
209715,8,2,7,4,3,5,t,f,13.44279053,52.46508455
209713,9,3,13,6,3,5,t,f,13.57516629,52.44447864
209709,4,1,11,1,3,3,t,f,13.28400885,52.47633273
209706,9,1,8,4,3,5,t,f,13.51080798,52.45015936
209704,6,2,17,5,3,5,t,f,13.1932081,52.43380439
209702,6,3,7,4,3,4,t,f,13.33457892,52.46407769
209701,2,1,9,7,3,2,t,f,13.42213177,52.49893244
209700,8,1,17,3,3,6,f,t,13.45555013,52.45311058
209698,6,2,17,3,3,0,t,f,13.34052705,52.44360837
209697,4,3,6,2,2,6,t,t,13.32034392,52.48000776
209696,11,3,16,4,3,5,t,f,13.52546864,52.48154738
209692,8,2,15,2,3,5,t,f,13.49116811,52.42474883
209691,11,3,11,6,3,5,t,f,13.49912503,52.51816836
209687,4,3,10,5,3,0,f,t,13.28724944,52.51685897
209683,6,3,15,3,2,6,f,t,13.30654098,52.42863893
209682,10,1,17,2,3,5,t,f,13.55726936,52.50722313
209680,11,3,12,3,3,5,t,f,13.45853716,52.52730404
209676,7,1,6,3,2,6,f,t,13.38539211,52.46609323
209672,12,1,17,2,2,6,f,t,13.28247168,52.59099715
209670,3,2,14,1,3,5,t,f,13.40460365,52.54060595
209669,1,3,17,3,3,6,f,t,13.39875499,52.53258418
209668,3,3,7,4,3,5,t,f,13.43886951,52.55540821
209664,2,1,15,4,2,6,f,t,13.383619,52.49393524
209663,12,3,13,4,2,5,t,f,13.30772205,52.55648073
209657,3,3,5,4,3,5,t,f,13.46050641,52.55958984
209656,7,3,15,5,3,6,f,t,13.38536161,52.46858854
209654,5,3,15,3,3,6,f,t,13.20958367,52.57984219
209653,11,1,16,6,3,1,t,f,13.46540278,52.5329073
209651,10,1,19,4,3,5,t,f,13.58897617,52.53934242
209648,7,1,19,4,3,5,t,f,13.35971421,52.48856903
209647,7,3,7,4,3,5,t,f,13.39341777,52.38857064
209644,7,1,16,4,3,5,t,f,13.37797057,52.46642441
209641,10,3,16,4,2,5,t,f,13.56488174,52.54454956
209638,1,1,12,6,3,5,t,f,13.35202367,52.54625218
209637,8,2,23,4,3,5,t,f,13.45583674,52.47382243
209635,11,3,7,6,3,1,t,f,13.4762013,52.50680913
209633,9,2,17,4,3,0,t,f,13.63534654,52.38924104
209631,3,3,8,3,3,6,f,t,13.43901626,52.56855523
209629,10,3,11,7,3,6,f,t,13.60334725,52.53795119
209628,10,2,15,6,3,6,f,t,13.61935262,52.54113819
209627,5,1,8,6,3,5,t,f,13.1597533,52.56445165
209623,4,3,16,3,3,6,f,t,13.32682142,52.50022931
209619,4,1,11,2,3,5,t,f,13.3308049,52.5003102
209618,11,3,7,4,3,6,f,t,13.50011,52.56158016
209617,6,1,10,6,3,7,t,f,13.25172606,52.41146243
209616,3,3,15,2,3,6,f,t,13.45813952,52.61055324
209613,8,2,14,2,3,5,t,f,13.41195835,52.41728803
209612,5,3,15,3,3,2,t,f,13.2098638,52.54805426
209610,12,2,20,5,3,6,f,t,13.29421508,52.58098974
209609,7,2,14,6,3,1,t,f,13.34602164,52.49615782
209608,4,1,19,3,2,6,f,t,13.31443203,52.47210109
209607,4,3,13,5,3,0,t,f,13.30187217,52.48860152
209604,2,1,10,5,3,0,t,f,13.41043977,52.49932195
209599,7,3,14,6,3,1,t,f,13.34811285,52.40849669
209596,1,1,10,7,3,6,f,t,13.38396439,52.52983874
209595,8,2,13,5,2,1,f,t,13.49494808,52.42109664
209588,1,2,9,6,3,5,t,f,13.37410554,52.53057832
209584,2,1,14,3,3,5,t,f,13.44068485,52.51727064
209582,9,3,15,2,3,6,f,t,13.63448877,52.38701856
209581,6,1,15,3,2,6,f,t,13.3231648,52.45888596
209580,1,2,9,5,3,5,t,f,13.38353622,52.55503029
209579,6,3,10,7,2,0,t,f,13.29635601,52.46462501
209576,2,3,15,6,3,5,t,f,13.4403913,52.51585852
209574,2,3,18,7,3,1,t,f,13.41873172,52.50143436
209573,9,2,8,7,3,0,t,f,13.58054827,52.44337138
209572,8,1,7,5,2,6,f,t,13.46495474,52.46416314
209568,4,3,15,3,3,1,t,f,13.30228083,52.50761036
209566,10,2,18,5,3,6,f,t,13.60705861,52.53893574
209565,3,2,11,5,3,5,t,f,13.45551096,52.54138397
209563,2,3,13,4,3,5,t,f,13.42880402,52.50398633
209556,10,2,8,6,3,6,f,t,13.54479356,52.52237848
209555,1,2,17,7,3,6,f,t,13.3918555,52.55775459
209551,7,1,19,3,3,6,f,t,13.3552103,52.41335311
209550,3,3,14,6,3,5,t,f,13.45276798,52.54148164
209543,8,3,16,3,3,6,f,t,13.42536935,52.49327871
209541,1,2,10,4,2,1,t,f,13.40713512,52.52480391
209536,5,3,12,7,2,6,f,t,13.15823034,52.53236661
209535,4,1,15,1,3,4,t,f,13.22600342,52.50247322
209534,2,1,6,2,3,6,f,t,13.41836837,52.50000052
209529,4,2,5,6,2,6,f,t,13.21818126,52.50874488
209527,4,3,9,4,3,1,t,f,13.32478747,52.48422246
209526,4,2,18,6,3,6,f,t,13.28679995,52.53520147
209525,4,1,14,2,2,6,f,t,13.31025053,52.49394347
209524,6,1,7,3,3,6,f,t,13.35172014,52.44031295
209521,2,3,17,4,3,5,t,f,13.38759939,52.49305767
209519,3,2,18,1,3,6,f,t,13.40624971,52.55436023
209517,4,2,17,3,3,6,f,t,13.31887511,52.51915997
209511,2,2,19,6,3,6,f,t,13.3949362,52.50346495
209510,5,1,11,3,3,5,t,f,13.19737786,52.53169883
209509,10,1,19,3,2,0,t,f,13.57068933,52.56876409
209507,4,3,14,2,2,2,t,f,13.3328842,52.47869407
209506,1,3,18,3,2,6,f,t,13.38599239,52.54974715
209505,7,2,14,1,3,6,f,t,13.38042686,52.44318108
209504,1,3,12,2,2,6,f,t,13.35584383,52.53848137
209503,1,1,22,3,3,0,t,f,13.34326853,52.53312863
209500,5,1,10,5,3,6,f,t,13.17802879,52.54866649
209498,1,2,8,3,3,5,t,f,13.40979455,52.52401456
209494,2,3,18,1,3,3,t,f,13.42046892,52.49178946
209492,2,3,5,3,3,5,t,f,13.43671819,52.5234944
209491,1,1,17,6,2,5,t,f,13.33422966,52.52454328
209484,3,2,7,6,3,5,t,f,13.41317541,52.54768123
209483,2,3,18,2,2,6,f,t,13.37936554,52.48962641
209482,1,1,18,2,3,6,t,t,13.37776313,52.5081712
209480,1,2,6,2,3,5,t,f,13.37225532,52.55595393
209478,1,1,15,4,3,6,t,t,13.34957816,52.53906031
209475,7,1,17,4,3,6,f,t,13.33865911,52.48561139
209471,1,1,16,4,3,5,t,f,13.41633898,52.5199852
209470,2,1,7,5,3,6,f,t,13.39284853,52.50436971
209466,12,2,5,4,3,6,f,t,13.28915293,52.63294606
209464,8,1,19,6,3,1,t,f,13.44403587,52.48757021
209461,11,2,14,5,3,5,t,f,13.54022147,52.5652608
209459,9,3,16,4,2,6,f,t,13.58434959,52.45539465
209456,4,3,11,2,3,5,t,f,13.31795116,52.50301677
209453,11,1,11,7,3,6,f,t,13.5262058,52.56944753
209448,3,1,6,2,3,6,f,t,13.43000844,52.57171841
209447,1,1,17,5,2,6,f,t,13.40479744,52.51356282
209445,1,3,19,7,3,0,t,f,13.39606482,52.51883082
209443,11,1,14,5,2,5,t,f,13.52353545,52.49564307
209442,12,3,15,4,3,5,t,f,13.30186752,52.58042452
209438,8,1,18,2,3,6,f,t,13.46033412,52.43192273
209434,4,3,14,6,3,6,f,t,13.32921923,52.48170392
209431,7,1,8,3,3,5,t,f,13.34711602,52.50106751
209425,8,2,13,1,2,5,t,f,13.49758532,52.41603963
209423,1,1,8,5,3,5,t,f,13.4150763,52.51566293
209421,1,3,18,2,3,0,t,t,13.34960743,52.53013669
209420,7,1,15,4,3,6,f,t,13.33539383,52.47046585
209419,11,3,14,4,3,5,t,f,13.51609072,52.50563408
209418,12,2,14,3,2,3,t,f,13.29448032,52.63668011
209416,1,1,16,4,3,6,t,t,13.41661961,52.51096473
209412,5,3,16,4,3,5,t,f,13.18003668,52.50447984
209411,2,3,9,6,3,5,t,f,13.37675493,52.49142288
209409,6,3,15,3,2,6,f,t,13.31560611,52.44309485
209408,7,1,5,5,3,6,f,t,13.40636682,52.39376302
209406,1,3,17,7,3,6,f,t,13.37827339,52.55039769
209405,1,2,11,3,3,5,t,f,13.42112764,52.50972932
209404,2,1,0,1,3,0,t,f,13.45713535,52.51299529
209401,5,3,17,2,3,6,t,t,13.21480583,52.56350995
209399,12,1,10,2,2,3,t,f,13.29437192,52.57626902
209396,2,2,3,6,3,5,t,f,13.39571225,52.49826705
209394,4,1,15,3,3,5,t,f,13.28802613,52.51888855
209393,7,2,6,4,3,6,f,t,13.38577953,52.46572896
209390,7,3,8,4,3,5,t,f,13.35491602,52.41329517
209389,1,1,14,1,3,6,f,t,13.38673441,52.54947657
209388,2,1,21,2,2,6,f,t,13.41873306,52.49905056
209386,11,2,9,2,3,6,f,t,13.50938931,52.50172152
209384,3,3,18,4,3,5,t,f,13.41747256,52.53833462
209382,7,2,12,7,3,1,t,f,13.35555558,52.48650992
209381,6,1,7,3,3,6,f,t,13.33211671,52.44242987
209380,7,3,13,5,3,7,t,f,13.41960032,52.46130098
209379,5,2,14,2,3,6,f,t,13.19781947,52.52139768
209377,7,1,22,4,3,1,t,f,13.38250542,52.44818277
209376,11,3,7,5,3,5,t,f,13.54947476,52.56876523
209371,2,1,14,3,3,6,f,t,13.46656157,52.50841455
209364,9,3,15,2,3,2,t,f,13.53778151,52.4189877
209362,4,3,19,4,3,5,t,f,13.29475513,52.49617419
209360,1,1,19,3,2,5,t,f,13.39182489,52.51050036
209359,11,1,6,5,2,6,f,t,13.48593363,52.52093755
209358,2,3,8,5,3,5,t,f,13.43291953,52.52334196
209356,3,3,8,4,3,6,f,t,13.48951661,52.61737418
209353,1,3,7,3,3,2,t,f,13.40089058,52.52086154
209351,5,2,21,3,3,0,t,f,13.20826918,52.56138311
209350,1,2,19,5,3,5,t,f,13.38697861,52.52713785
209347,3,1,14,5,3,5,t,f,13.50474158,52.63002257
209346,11,3,16,6,3,5,t,f,13.50974437,52.50348603
209345,3,3,15,2,3,5,t,f,13.42640747,52.60317282
209344,2,2,15,1,3,5,t,f,13.41030067,52.50378271
209343,2,1,17,6,3,6,t,t,13.46773135,52.50753269
209342,11,1,17,2,3,6,f,t,13.51313326,52.56797547
209340,6,2,14,6,3,3,t,f,13.3254894,52.40734512
209339,1,3,16,2,3,5,t,f,13.36419575,52.54968068
209338,2,1,10,3,3,6,f,t,13.432047,52.49933363
209336,9,2,16,5,2,5,t,f,13.74001688,52.42852475
209333,3,1,5,6,3,3,t,f,13.4141721,52.5536176
209332,5,1,13,3,2,6,f,t,13.1926079,52.52866896
209331,2,1,8,3,3,6,f,t,13.38637554,52.49007619
209325,7,1,17,4,3,6,f,t,13.34757214,52.47057041
209324,11,2,17,3,3,5,t,f,13.46677677,52.52850899
209323,2,1,9,3,3,6,t,t,13.43464991,52.51955088
209319,1,3,14,4,3,5,t,f,13.39279849,52.54256607
209318,9,3,17,5,3,1,t,f,13.56843887,52.40185096
209316,6,2,19,4,3,6,f,t,13.27051726,52.4510196
209314,1,1,15,5,3,1,t,f,13.37220557,52.53233991
209311,1,2,17,4,3,0,t,t,13.38512699,52.55719688
209310,3,1,16,2,3,6,f,t,13.4246901,52.60404187
209307,1,2,13,2,3,5,t,f,13.41363352,52.51128783
209305,5,3,16,6,3,6,t,t,13.26775092,52.53676783
209301,1,2,10,5,2,5,t,f,13.39212494,52.50779607
209300,4,2,18,5,3,5,t,f,13.32207343,52.50641525
209298,11,2,15,4,3,5,t,f,13.53532694,52.56135559
209297,3,1,10,7,3,5,t,f,13.42887775,52.55140653
209296,8,3,9,5,3,6,f,t,13.43596848,52.42340213
209292,7,1,22,7,3,6,f,t,13.3782598,52.4662512
209291,4,1,15,2,3,5,t,f,13.27569218,52.50157915
209288,4,1,11,4,3,6,f,t,13.28847547,52.47692004
209284,8,3,16,4,3,5,t,f,13.44357959,52.46428113
209283,8,1,13,2,3,1,t,f,13.44770798,52.42306505
209282,4,1,20,3,3,6,f,t,13.30227914,52.50665297
209277,4,3,0,2,3,6,f,t,13.30732498,52.49951083
209275,9,2,18,3,3,6,f,t,13.58201142,52.4428357
209274,11,1,7,5,3,5,t,f,13.48591607,52.51847064
209273,6,3,14,5,2,6,f,t,13.32722354,52.46409958
209272,9,3,15,1,3,6,f,t,13.51648099,52.46440199
209271,6,2,12,4,3,6,f,t,13.29535754,52.44276795
209267,1,3,16,1,2,6,f,t,13.3301534,52.52202816
209266,8,2,13,5,3,6,f,t,13.45389349,52.48247631
209264,7,3,14,3,3,5,t,f,13.35968001,52.41281298
209263,8,1,11,2,2,6,f,t,13.45531369,52.47307824
209261,1,3,19,6,3,1,t,f,13.39692959,52.52929411
209259,9,2,8,6,3,1,t,f,13.57386055,52.45823785
209255,3,2,12,6,3,5,t,f,13.43445577,52.52927801
209253,1,1,17,3,3,6,f,t,13.38730226,52.52602308
209243,6,2,19,6,3,5,t,f,13.34782349,52.4513178
209241,10,1,7,5,2,6,f,t,13.56333003,52.54152885
209240,9,2,16,3,3,5,t,f,13.51201345,52.47070838
209234,4,1,10,2,3,5,t,f,13.31156721,52.47953977
209197,2,1,19,7,2,5,t,f,13.45164233,52.52042879
209111,1,1,17,6,3,0,t,f,13.41756095,52.5244582
209031,4,1,8,2,3,6,f,t,13.32350926,52.49150376
209005,9,1,20,2,3,6,f,t,13.45419066,52.49395562
208955,7,1,17,7,2,6,f,t,13.34569355,52.4945264
208783,1,1,11,2,3,5,t,f,13.33180593,52.5241079
208623,4,1,13,7,3,2,t,f,13.30730887,52.4989215
208597,1,1,18,2,3,6,f,t,13.33562594,52.52678829
208581,11,1,12,6,3,0,t,f,13.4998273,52.5479285
208496,9,1,10,7,3,0,t,f,13.54898983,52.43823926
208414,12,1,16,1,3,6,f,t,13.35988432,52.56197662
208376,2,1,19,2,3,5,t,f,13.46113983,52.51717609
208361,9,1,1,1,3,6,f,t,13.56454829,52.43848861
208322,11,1,7,2,2,6,f,t,13.52388131,52.56546025
208271,2,1,20,1,3,5,t,f,13.39523971,52.49633648
115644,12,6,17,4,2,5,t,f,13.31286042,52.6224869
115636,4,10,10,3,3,2,t,f,13.30137783,52.51115215
115624,7,12,16,6,3,6,f,t,13.34857516,52.48187091
115621,12,9,14,1,3,1,t,f,13.30201962,52.64272191
115619,9,3,21,1,3,5,t,f,13.46253005,52.48838873
115614,9,9,10,3,2,0,t,f,13.48430389,52.47373877
115607,7,10,17,7,3,1,t,f,13.38549196,52.46901413
115595,7,5,6,4,3,5,t,f,13.40631217,52.40486749
115587,1,7,8,3,3,0,t,f,13.42356832,52.5199439
115585,12,10,16,2,3,5,t,f,13.31291842,52.62229421
115580,4,4,14,4,3,0,t,f,13.27149815,52.50910347
115572,3,2,21,4,3,6,f,t,13.42412807,52.5283534
115568,6,6,10,2,3,5,t,f,13.26058598,52.43498
115559,12,7,14,5,3,1,t,f,13.3642689,52.56334061
115556,1,11,7,4,3,6,f,t,13.41993451,52.52494619
115538,1,2,16,1,3,5,t,f,13.4249104,52.51954193
115533,9,9,17,6,3,2,t,f,13.46476227,52.48689486
115532,3,11,13,2,3,5,t,f,13.39927825,52.57036878
115531,10,8,14,7,2,0,t,f,13.60081637,52.50486553
115523,2,5,12,2,3,0,t,f,13.45375122,52.51590362
115519,3,2,16,3,3,6,f,t,13.4123304,52.54119629
115507,9,3,10,6,3,5,t,f,13.4597759,52.49339007
115500,10,11,13,2,3,6,t,t,13.54018635,52.50989646
115499,4,8,8,3,3,0,t,f,13.29720875,52.51087776
115492,1,10,8,4,3,5,t,f,13.3702054,52.53994813
115478,7,8,11,5,3,3,t,f,13.35355527,52.48491652
115470,11,7,15,3,3,2,t,f,13.47758338,52.5135
115467,3,11,19,1,3,1,t,f,13.43965417,52.54204871
115458,1,12,19,3,3,3,t,f,13.41638443,52.5220044
115453,9,2,20,2,3,5,t,f,13.49310587,52.46781541
115450,3,6,18,3,3,5,t,f,13.44457808,52.52907426
115434,4,8,17,5,3,5,t,f,13.27777122,52.50966557
115427,4,7,20,3,2,0,t,f,13.30938453,52.51186504
115424,3,11,5,3,3,5,t,f,13.43869542,52.53334746
115417,4,3,16,3,3,5,t,f,13.30152788,52.5111623
115404,3,8,19,1,3,0,t,f,13.41468474,52.55575777
115400,3,7,2,4,3,2,t,f,13.41249291,52.54318047
115394,7,4,10,6,3,6,f,t,13.39591876,52.42410734
115387,3,6,9,4,3,6,t,t,13.39838424,52.57170897
115382,3,9,12,5,3,5,t,f,13.4353659,52.53523727
115376,2,6,9,3,2,5,t,f,13.3892593,52.49750869
115373,1,10,14,1,3,0,t,f,13.41994737,52.5249572
115367,4,7,12,7,3,1,t,f,13.24251411,52.50754321
115365,10,12,18,2,3,5,t,f,13.5637321,52.50783755
115361,3,2,14,3,3,0,t,f,13.41990858,52.53976017
115353,3,5,13,2,2,5,t,f,13.40175954,52.59012808
115348,1,3,19,2,2,6,f,t,13.41984191,52.52486687
115342,9,9,12,3,3,6,f,t,13.49737515,52.46486404
115341,3,11,7,3,2,0,t,f,13.46751364,52.56070876
115340,2,8,12,5,3,5,t,f,13.38926464,52.49748722
115334,6,3,14,2,3,5,t,f,13.26057679,52.43498193
115320,6,5,7,4,3,1,t,f,13.27251295,52.43878689
115319,2,8,14,2,3,6,t,t,13.47312427,52.51380154
115308,2,5,8,2,3,5,t,f,13.38926464,52.49748722
115299,12,7,15,2,3,5,t,f,13.36500979,52.56054822
115294,3,8,18,3,3,0,t,f,13.42825039,52.54720625
115291,7,3,8,4,3,5,t,f,13.38812075,52.43758502
115286,11,9,12,3,3,2,t,f,13.48424296,52.51268837
115278,4,10,9,5,2,9,t,f,13.22169313,52.50804763
115277,3,11,17,5,3,5,t,f,13.41410536,52.55074519
115273,1,1,5,5,3,6,f,t,13.36835955,52.50632981
115269,7,6,18,1,3,6,t,t,13.38549107,52.46759725
115265,3,5,8,6,3,5,t,f,13.47644925,52.56812514
115263,3,8,17,6,3,2,t,f,13.45240627,52.54869672
115254,10,9,20,4,3,3,t,f,13.54764348,52.54984405
115253,1,11,8,2,3,5,t,f,13.36548977,52.55802876
115252,6,9,13,4,3,5,t,f,13.27138554,52.43824089
115247,3,10,9,5,3,5,t,f,13.47636516,52.56808575
115245,2,5,16,1,2,6,f,t,13.37684725,52.50200772
115244,4,8,19,3,3,5,t,f,13.28920021,52.51038941
115240,2,7,18,3,3,5,t,f,13.45145995,52.5094751
115228,2,6,10,4,3,2,t,t,13.38670595,52.49041922
115225,7,12,18,4,3,6,f,t,13.40101459,52.41509766
115224,4,8,15,7,3,5,t,f,13.30139393,52.51115322
115222,2,9,17,7,3,2,t,f,13.45167285,52.50992585
115220,3,3,11,5,2,6,f,t,13.45706967,52.54955468
115217,1,6,8,2,3,0,t,f,13.36525815,52.55808236
115215,3,9,14,6,3,5,t,f,13.41478395,52.55509756
115214,7,11,0,5,2,6,f,t,13.34846601,52.48169656
115213,10,8,10,5,2,5,t,f,13.56373986,52.50799999
115208,12,7,9,6,2,6,f,t,13.34152097,52.58601041
115203,2,1,15,3,3,0,t,f,13.45141118,52.50937184
115199,10,6,7,2,2,6,f,t,13.5814099,52.50508582
115195,9,5,18,1,3,5,t,f,13.47946399,52.48451132
115183,4,8,8,2,2,0,t,f,13.27952208,52.50977824
115180,12,4,10,3,3,5,t,f,13.32516318,52.60637917
115176,10,10,18,4,2,6,t,t,13.57373633,52.50533152
115175,10,12,15,5,3,2,t,f,13.53697481,52.53301934
115174,1,9,21,2,3,1,t,f,13.34642881,52.51432903
115168,12,6,23,4,2,1,t,f,13.36479748,52.56047544
115158,1,7,23,2,3,1,t,f,13.36671282,52.55248375
115155,6,7,22,6,3,5,t,f,13.27142056,52.43825242
115152,4,11,9,3,3,6,f,t,13.30416631,52.51133467
115150,2,9,22,5,3,6,t,t,13.46027235,52.51509681
115148,4,6,15,7,3,6,f,t,13.29550736,52.51095453
115140,4,10,21,2,3,6,f,t,13.29716293,52.51106388
115139,7,6,14,7,2,5,t,f,13.39134344,52.43153309
115132,4,2,9,3,3,5,t,f,13.31469086,52.51221254
115126,3,8,8,4,3,3,t,f,13.42985568,52.55348789
115119,2,4,18,6,3,0,t,f,13.45188456,52.51988917
115116,9,1,17,3,3,6,f,t,13.45915886,52.49292914
115109,7,12,19,2,3,1,t,f,13.35558459,52.48570176
115107,4,8,10,2,3,3,t,f,13.30560687,52.51161906
115105,1,9,7,3,3,0,t,f,13.39455275,52.51731234
115103,7,3,15,6,2,6,f,t,13.39990777,52.41646572
115097,1,11,9,5,3,3,t,f,13.41800882,52.52372024
115090,7,12,17,6,2,6,f,t,13.36176377,52.41361145
115087,11,1,16,6,3,5,t,f,13.48445721,52.51279847
115078,7,8,15,6,3,5,t,f,13.34840312,52.48192914
115069,1,10,15,3,3,0,t,f,13.4114724,52.51849542
115068,7,11,16,5,3,6,f,t,13.38445447,52.45335697
115058,2,9,16,1,3,2,t,f,13.46323845,52.51480148
115047,4,8,10,4,3,5,t,f,13.28920842,52.51055614
115034,7,5,14,2,2,5,t,f,13.38473138,52.4518669
115013,2,9,5,1,3,2,f,t,13.38805769,52.49327242
115001,2,8,9,2,3,5,t,f,13.44795141,52.52631441
114995,2,7,0,4,3,5,t,f,13.44753401,52.52626719
114983,9,7,4,1,3,0,t,f,13.45954148,52.49295497
114981,2,10,19,2,3,5,t,f,13.46008124,52.51511584
114979,3,8,8,4,3,5,t,f,13.42033647,52.53989183
114974,1,3,13,3,3,5,t,f,13.36847991,52.54102285
114969,1,9,23,6,3,6,t,t,13.42035887,52.52530621
114961,9,12,16,4,3,5,t,f,13.50670041,52.45876445
114953,7,6,16,6,3,2,t,f,13.39049686,52.43303317
114949,2,5,19,3,3,3,t,f,13.44835189,52.50465741
114948,10,8,8,5,3,5,t,f,13.59099124,52.5050884
114944,1,3,7,5,3,5,t,f,13.40459074,52.5200224
114939,7,9,22,1,3,5,t,f,13.3857655,52.48019384
114938,3,11,17,5,3,5,t,f,13.42400095,52.53910218
114934,3,4,8,2,2,6,t,t,13.4128308,52.54619609
114923,1,6,12,5,3,6,t,t,13.36346368,52.50050685
114918,2,8,2,5,3,3,t,f,13.45414302,52.51548579
114909,7,10,12,3,3,6,f,t,13.37717599,52.43247863
114908,10,11,6,3,3,5,t,f,13.61342017,52.5048945
114900,10,3,10,3,3,5,t,f,13.61652196,52.50474706
114899,2,10,17,2,3,5,t,f,13.46002388,52.51512156
114897,3,9,15,5,3,5,t,f,13.41437344,52.55217249
114895,4,2,12,5,3,6,f,t,13.29313271,52.51080365
114887,10,5,8,5,3,5,t,f,13.58444201,52.50504998
114886,1,8,10,3,3,0,t,f,13.36990023,52.54180152
114879,2,11,14,5,3,6,f,t,13.47430175,52.513675
114875,4,1,8,3,3,6,f,t,13.30030029,52.5110801
114871,2,6,9,2,3,5,t,f,13.45726227,52.51539799
114868,9,5,11,6,3,5,t,f,13.46075573,52.49387719
114866,1,9,6,3,3,6,t,t,13.39727641,52.51759045
114862,3,2,15,6,3,6,f,t,13.42368429,52.52829076
114857,3,9,9,3,3,2,t,f,13.42965649,52.55423373
114856,4,11,18,2,3,6,f,t,13.30250924,52.51141548
114848,6,12,17,2,3,6,t,t,13.30380847,52.4492883
114829,1,4,14,4,3,0,t,f,13.40511038,52.52028802
114825,10,6,13,3,2,6,f,t,13.54841738,52.55105938
114822,10,12,21,4,3,6,f,t,13.55440433,52.55768865
114813,2,6,14,7,3,6,t,t,13.38772043,52.49839005
114803,6,10,15,5,3,2,t,f,13.26028199,52.43516965
114790,2,5,14,6,3,5,t,f,13.46744374,52.51436734
114789,9,8,17,6,3,6,t,t,13.46106373,52.48939286
114783,2,7,20,6,3,2,t,f,13.44862972,52.5050779
114761,7,5,18,3,3,2,t,f,13.38600448,52.44401485
114760,4,8,9,4,3,5,t,f,13.29720875,52.51087776
114756,3,7,21,5,3,0,t,f,13.41345597,52.54902721
114750,2,10,17,6,3,5,t,f,13.37693265,52.50192091
114749,3,6,23,7,3,5,t,f,13.41425877,52.54067109
114748,9,11,21,2,3,5,t,f,13.45784682,52.49175437
114744,12,4,14,1,3,6,f,t,13.35635743,52.57334424
114741,7,3,18,3,3,0,t,f,13.3782663,52.43476567
114735,6,3,8,3,3,5,t,f,13.3143365,52.45309204
114719,3,4,15,6,3,5,t,f,13.41232175,52.5410878
114713,3,4,18,6,2,3,t,f,13.41429194,52.55338197
114707,11,8,14,3,3,5,t,f,13.48831766,52.51240851
114705,7,9,15,7,3,1,t,f,13.34992191,52.48273177
114700,3,7,14,6,3,1,t,f,13.41308074,52.54587181
114697,3,11,23,3,3,5,t,f,13.44259788,52.53130568
114696,2,8,18,6,3,5,t,f,13.38897208,52.49752088
114682,7,6,11,6,3,5,t,f,13.40690177,52.39237729
114678,5,5,7,6,2,5,t,f,13.1260475,52.47851538
114677,2,8,16,4,3,5,t,f,13.46009105,52.51511486
114670,2,7,10,6,3,3,t,f,13.45218153,52.51103204
114667,3,11,12,7,3,1,t,f,13.45612894,52.5494918
114658,2,12,18,7,3,6,f,t,13.4524442,52.51906192
114651,10,6,19,6,3,6,f,t,13.54857905,52.5509426
114645,3,8,8,2,3,5,t,f,13.413719,52.55053751
114636,10,10,21,1,3,5,t,f,13.61651629,52.50474743
114623,2,7,7,3,3,5,t,f,13.44795141,52.52631441
114616,7,4,16,6,3,5,t,f,13.39064211,52.43277363
114612,1,10,8,4,3,0,t,f,13.36877047,52.54105135
114611,10,12,19,6,3,6,f,t,13.53687548,52.5312994
114599,3,5,14,6,3,6,f,t,13.40194498,52.58060413
114598,2,8,23,4,2,5,t,f,13.45373649,52.51594944
114588,12,10,17,2,2,5,t,f,13.36419909,52.56368807
114587,7,6,14,7,3,0,f,t,13.35900686,52.48889052
114577,11,10,7,6,3,4,t,f,13.48336913,52.57673602
114575,4,12,9,4,2,5,t,f,13.24966086,52.5079884
114574,1,8,11,1,2,0,t,f,13.40270884,52.51183509
114568,3,6,11,3,2,0,t,f,13.40325192,52.56936857
114565,1,8,7,4,3,2,t,f,13.41992549,52.52493847
114556,2,5,11,3,3,5,t,f,13.46180021,52.51508302
114550,1,4,15,1,3,2,t,f,13.41602348,52.52215941
114545,4,5,9,3,3,5,t,f,13.28927662,52.51056044
114542,1,9,8,4,3,6,f,t,13.41091579,52.52333822
114527,11,12,10,5,3,5,t,f,13.47735353,52.51337675
114520,3,6,23,1,3,0,t,f,13.42987932,52.53325921
114516,6,5,11,2,3,1,t,f,13.29466325,52.44590962
114509,2,7,15,2,2,3,t,f,13.45421591,52.51565533
114507,11,10,13,7,3,2,t,f,13.48112131,52.51313565
114506,2,11,3,1,2,0,t,f,13.45142471,52.50940048
114505,3,9,17,6,3,5,t,f,13.41450382,52.5570281
114503,3,6,16,7,3,3,t,f,13.40048873,52.56972417
114501,3,4,14,3,3,4,t,f,13.42985251,52.55349981
114498,3,3,11,5,3,6,f,t,13.40354189,52.56927169
114483,7,8,20,2,3,5,t,f,13.35098739,52.48075255
114479,1,7,18,4,3,5,t,f,13.36833544,52.54111107
114473,4,11,16,5,3,5,t,f,13.28935115,52.51056514
114470,11,9,13,6,2,5,t,f,13.48833059,52.51240722
114464,2,4,13,1,3,5,t,f,13.38055708,52.49924537
114463,2,7,18,5,3,3,t,f,13.43929741,52.51721209
114459,2,8,18,5,3,1,t,f,13.44915382,52.52388492
114454,6,2,11,7,3,0,t,f,13.21771065,52.42802
114451,9,6,8,2,3,0,t,f,13.47946399,52.48451132
114448,11,11,9,5,3,6,f,t,13.5044857,52.51065217
114444,1,7,23,7,3,5,t,f,13.4049104,52.52018736
114430,4,5,15,3,3,5,t,f,13.29915319,52.51119578
114426,12,9,7,4,3,5,t,f,13.32392016,52.60776388
114419,3,7,15,6,2,5,t,f,13.44453458,52.54531142
114416,10,6,13,7,3,2,t,f,13.54843398,52.5507742
114410,3,3,15,3,3,5,t,f,13.4446604,52.54563367
114390,12,6,10,7,3,6,f,t,13.32536685,52.60613098
114387,7,12,18,4,3,6,f,t,13.38439189,52.45256849
114383,3,9,16,2,2,5,t,f,13.41245677,52.54274037
114375,3,11,15,3,2,1,t,f,13.41533215,52.54047288
114374,5,9,16,4,3,6,f,t,13.17890421,52.51652724
114344,4,9,11,6,3,3,t,f,13.2563464,52.5084002
114334,7,9,12,7,3,0,t,f,13.38565479,52.475528
114324,3,5,16,2,3,0,t,f,13.44487231,52.52920484
114313,3,9,14,3,3,5,t,f,13.42900638,52.53770423
114297,11,2,8,3,3,5,t,f,13.48834063,52.51240623
114284,3,10,11,3,3,3,t,f,13.40456749,52.56799692
114282,4,5,14,1,3,3,t,f,13.29029233,52.51045857
114270,7,5,8,6,3,5,t,f,13.35717601,52.48688891
114269,7,8,17,6,3,5,t,f,13.38509429,52.46164639
114260,4,9,10,3,3,5,t,f,13.30145982,52.51115763
114252,12,10,5,4,3,3,t,f,13.36470276,52.56098626
114249,7,2,19,3,2,6,f,t,13.36875702,52.42011057
114245,3,6,7,5,3,1,t,f,13.4303343,52.53365435
114241,4,5,14,6,2,5,t,f,13.2820196,52.50994089
114233,12,7,16,7,3,0,t,f,13.34771421,52.57543649
114226,1,4,9,4,3,5,t,f,13.41676992,52.52208754
114223,2,3,22,2,3,0,t,f,13.45420082,52.51589788
114218,7,6,7,2,3,5,t,f,13.38437211,52.4526711
114216,6,10,12,6,3,6,f,t,13.26036873,52.43502197
114215,11,11,18,2,3,3,t,f,13.48760591,52.51234514
114196,4,8,8,5,3,0,t,f,13.28142498,52.50990172
114185,6,9,18,5,2,6,f,t,13.21483292,52.427563
114178,3,10,21,4,3,0,t,f,13.41434792,52.54079379
114176,1,5,15,3,3,3,t,f,13.36526034,52.55807102
114175,1,5,22,2,3,5,t,f,13.40174286,52.511345
114174,1,9,8,5,3,0,t,f,13.37348292,52.50916707
114163,3,8,17,2,3,6,f,t,13.41406144,52.55052077
114159,3,7,10,6,3,4,t,f,13.41248793,52.54494468
114157,7,10,16,2,3,5,t,f,13.36192595,52.41365089
114149,3,3,10,7,3,3,t,f,13.44032778,52.54223456
114146,3,11,7,2,3,5,t,f,13.40278764,52.5931591
114136,12,7,15,6,2,5,t,f,13.33023589,52.60151812
114121,2,1,12,4,3,5,t,f,13.45146841,52.50949301
114112,7,8,19,6,3,0,t,f,13.35000329,52.48117901
114101,12,8,7,3,3,5,t,f,13.34663812,52.57934099
114095,1,3,16,3,3,2,t,f,13.40906572,52.51710822
114094,6,10,19,2,3,3,t,f,13.21205373,52.4269221
114090,3,2,16,3,2,5,t,f,13.43375313,52.53699418
114081,1,8,17,4,3,0,t,f,13.36548452,52.55807366
114077,3,7,8,5,3,0,t,f,13.39821612,52.57132352
114070,4,11,12,3,3,0,t,f,13.26940603,52.50918961
114066,3,4,18,6,3,5,t,f,13.40329382,52.5693743
114063,3,4,14,6,3,0,t,f,13.39864471,52.57585475
114062,3,10,8,4,3,5,t,f,13.42375707,52.52835429
114051,3,4,18,6,3,6,t,t,13.41249604,52.54321913
114044,3,10,9,4,3,5,t,f,13.43519232,52.53532094
114043,1,11,17,2,3,6,f,t,13.3687787,52.54116038
114035,7,4,21,7,2,0,t,f,13.38349088,52.43954424
114030,3,5,20,3,3,2,t,f,13.42858271,52.53758416
114020,3,9,16,5,2,3,t,f,13.4141774,52.55111594
114014,2,2,13,5,3,5,t,f,13.46724092,52.51438928
114011,2,6,10,3,3,3,t,f,13.37729539,52.50151548
114000,2,11,16,6,3,2,t,f,13.38605548,52.48596612
113992,7,6,17,3,3,0,t,f,13.39118019,52.432474
113988,2,6,12,3,3,5,t,f,13.37474723,52.50244806
113987,7,8,7,3,3,0,t,f,13.34828776,52.48184447
113982,1,3,18,2,3,0,t,f,13.36990544,52.54180916
113976,7,11,6,3,2,6,f,t,13.36602477,52.41682539
113975,2,8,20,4,3,5,t,f,13.38926747,52.49747582
113970,1,7,19,4,3,0,t,f,13.39387449,52.51726376
113964,11,1,11,4,3,2,t,f,13.47746852,52.51351122
113960,11,6,15,5,3,5,t,f,13.52397394,52.50997868
113944,2,9,17,5,3,5,t,f,13.4537751,52.51572177
113939,1,4,9,5,3,5,t,f,13.36857367,52.54121646
113935,1,10,21,3,2,5,t,f,13.38738301,52.51020533
113934,3,12,10,2,3,1,t,f,13.44529153,52.54592345
113933,3,9,17,6,3,5,t,f,13.43337001,52.53619615
113927,9,6,13,7,3,2,t,f,13.49816981,52.4643193
113908,12,9,19,7,3,6,f,t,13.34403949,52.58271477
113891,7,6,14,3,2,5,t,f,13.38057827,52.43790126
113889,2,9,8,6,3,6,t,t,13.45296662,52.51803382
113887,3,8,17,3,3,6,f,t,13.41196893,52.54107324
113878,11,5,10,7,2,0,t,f,13.48292472,52.5810402
113871,3,4,23,1,3,5,t,f,13.44221364,52.53125006
113870,3,6,13,4,3,3,t,f,13.42369884,52.52830346
113866,3,5,6,6,1,5,t,f,13.4237121,52.52831503
113865,6,8,17,6,3,3,t,f,13.15576321,52.41917968
113858,11,6,14,2,3,2,t,f,13.47723628,52.51338847
113855,9,11,9,2,3,5,t,f,13.49304428,52.46785689
113850,4,7,17,5,3,3,t,f,13.32291539,52.51241525
113841,3,6,7,2,2,5,t,f,13.44500308,52.54553283
113824,3,9,19,1,3,6,f,t,13.41233059,52.5411986
113816,3,12,20,5,3,6,f,t,13.42882165,52.537502
113814,9,8,15,2,2,5,t,f,13.45783338,52.4916027
113809,3,7,11,5,3,6,f,t,13.45096878,52.54839302
113807,11,12,16,2,3,6,f,t,13.52522501,52.51012491
113804,7,1,17,2,3,0,f,t,13.36179668,52.41365677
113786,10,10,14,6,3,5,t,f,13.55293543,52.50906635
113781,4,4,15,7,3,6,f,t,13.27540327,52.5096895
113763,3,8,7,4,3,3,t,f,13.43823296,52.5408515
113756,1,7,11,2,2,6,f,t,13.36836301,52.50633564
113753,1,11,13,7,2,6,t,t,13.36770602,52.51569519
113742,7,10,18,6,2,5,t,f,13.39264889,52.42988274
113738,2,9,18,5,3,0,t,f,13.45421809,52.51583651
113735,11,3,8,4,3,5,t,f,13.47745587,52.51351245
113730,3,9,15,6,3,5,t,f,13.41449934,52.54079017
113729,5,8,19,7,3,5,t,f,13.17906614,52.51663247
113726,2,7,17,4,3,5,t,f,13.4537764,52.51572773
113722,12,5,11,3,3,1,t,f,13.36052743,52.5712232
113715,10,6,10,2,2,0,t,f,13.57061624,52.50584757
113711,12,5,12,6,3,5,t,f,13.36464104,52.56132063
113710,1,8,13,1,3,6,t,t,13.36655154,52.51562148
113708,3,9,15,2,3,4,t,f,13.42883567,52.55732901
113701,9,9,10,2,3,5,t,f,13.50668551,52.45877487
113699,3,8,12,3,3,6,f,t,13.42724652,52.54462798
113693,7,10,10,4,3,5,t,f,13.35393795,52.47895617
113681,1,5,18,3,3,2,t,f,13.41288192,52.51934336
113670,3,11,7,2,3,5,t,f,13.44556002,52.54604672
113669,3,9,15,4,3,5,t,f,13.42977898,52.5371654
113662,1,10,15,1,3,6,t,t,13.4106853,52.52319297
113660,10,9,9,3,3,0,t,f,13.56162991,52.50854872
113654,4,6,12,3,3,6,t,t,13.31118698,52.51179079
113645,12,7,15,3,3,5,t,f,13.36440864,52.56376804
113643,6,10,13,4,3,5,t,f,13.26347695,52.4350722
113635,4,3,8,3,3,5,t,f,13.27783658,52.50983567
113625,3,2,18,4,2,3,t,f,13.41216331,52.54102348
113622,9,6,19,7,3,0,t,f,13.46076636,52.49414526
113620,3,9,16,3,3,1,t,f,13.41297236,52.54089145
113608,9,6,16,5,3,5,t,f,13.49310587,52.46781541
113598,7,7,8,5,3,6,t,t,13.36176734,52.41362265
113595,1,7,18,3,3,5,t,f,13.36927211,52.54052944
113593,7,10,16,5,3,1,t,f,13.4061695,52.40568548
113590,12,9,7,3,3,0,t,f,13.33560779,52.59226624
113579,7,8,18,3,3,6,t,t,13.39083121,52.4324357
113567,3,8,15,6,3,0,t,f,13.44502944,52.54554481
113550,7,5,17,4,3,5,t,f,13.39438007,52.42617526
113547,2,9,7,7,3,0,t,f,13.45289057,52.51368767
113545,1,3,12,2,3,4,t,f,13.37158471,52.50975703
113542,3,6,7,1,3,5,t,f,13.43693611,52.53971807
113525,2,6,15,5,3,5,t,f,13.46013094,52.51511089
113509,1,9,0,6,3,0,t,f,13.41675606,52.52207519
113494,3,6,14,7,3,6,f,t,13.43399234,52.53589799
113485,4,7,18,5,3,5,t,f,13.30514625,52.51139924
113483,1,10,10,2,3,0,t,f,13.4188092,52.52444696
113482,3,11,7,4,3,5,t,f,13.43886066,52.54137468
113473,3,6,16,2,3,5,t,f,13.41232135,52.5410828
113468,3,8,6,2,2,5,t,f,13.43350037,52.53677288
113460,2,7,15,6,3,5,t,f,13.45313073,52.50100077
113457,2,11,9,2,2,6,f,t,13.47018606,52.51424536
113456,7,8,0,3,3,5,t,f,13.35764355,52.48739605
113451,5,7,17,2,3,0,t,f,13.21218701,52.50996967
113445,1,1,16,5,3,5,t,f,13.41967617,52.52525178
113441,6,6,18,2,2,0,t,f,13.26354332,52.43523492
113422,2,4,16,5,3,0,t,f,13.45121132,52.50894867
113418,1,10,22,3,3,5,t,f,13.4195291,52.5251186
113407,1,7,16,3,3,6,f,t,13.41950444,52.52509562
113405,9,12,9,4,3,5,t,f,13.46153402,52.49477566
113397,3,6,6,5,3,0,t,f,13.43394135,52.53715545
113388,4,3,20,4,2,6,f,t,13.29916927,52.51119685
113378,3,4,13,2,2,6,t,t,13.40170824,52.5889365
113375,10,3,14,6,3,5,t,f,13.55033169,52.5092976
113373,3,12,7,6,2,6,f,t,13.42689962,52.54352638
113363,2,5,16,4,3,0,f,t,13.37442508,52.50262866
113354,2,7,18,5,3,5,t,f,13.45377552,52.51572367
113351,1,11,9,4,3,6,t,t,13.40214388,52.51873448
113343,3,3,19,3,3,1,t,f,13.41415195,52.55273676
113341,3,12,9,2,3,6,t,t,13.40289427,52.58077441
113330,1,8,19,7,3,5,t,f,13.4195291,52.5251186
113323,7,11,13,7,3,9,t,f,13.39712079,52.42199285
113321,3,4,18,6,3,0,t,f,13.46132437,52.55054347
113315,2,4,9,4,3,5,t,f,13.45372859,52.51597206
113309,12,8,18,3,3,5,t,f,13.34765478,52.57449483
113307,3,9,14,4,3,5,t,f,13.44453002,52.54530935
113304,2,3,12,5,3,5,t,f,13.45372496,52.51598248
113301,2,6,17,3,3,5,t,f,13.38863989,52.49816417
113298,12,11,10,3,3,1,t,f,13.36427468,52.56331184
113292,3,7,9,5,3,3,t,f,13.41224868,52.54403738
113291,1,10,12,7,3,5,t,f,13.41266818,52.51924861
113278,7,6,8,5,2,5,t,f,13.35898642,52.48886804
113277,4,8,16,7,3,5,t,f,13.28924145,52.51039198
113274,1,3,19,3,3,1,t,f,13.36513953,52.50244574
113270,4,7,19,3,3,2,t,f,13.28160576,52.50991347
113268,3,9,17,4,3,0,t,f,13.41243543,52.54248093
113259,3,10,19,3,1,6,f,t,13.42474751,52.52888193
113257,4,9,19,6,3,5,t,f,13.31247391,52.51187502
113246,7,5,16,4,2,6,f,t,13.41468696,52.38055966
113245,6,8,18,3,3,2,t,f,13.09225121,52.41348064
113236,1,10,17,7,3,6,f,t,13.37332187,52.50915428
113227,6,4,14,6,2,3,t,t,13.17396998,52.42041973
113222,2,5,17,3,3,6,f,t,13.47079728,52.51403618
113221,1,5,22,2,3,3,t,f,13.42210603,52.52019045
113213,7,6,9,2,3,6,f,t,13.40631007,52.40490337
113211,12,9,13,4,3,5,t,f,13.31548831,52.61799731
113198,7,5,12,6,2,5,t,f,13.38810386,52.43763258
113197,2,8,7,6,3,1,t,f,13.46749993,52.51451457
113193,4,7,7,3,3,5,t,f,13.31096437,52.51177621
113189,2,7,12,4,3,0,t,f,13.45419077,52.51592891
113186,7,11,8,2,3,5,t,f,13.34856685,52.48186492
113185,3,9,17,6,2,0,t,f,13.42611723,52.53041375
113176,3,7,9,7,3,0,t,f,13.43961985,52.54201952
113173,7,2,10,4,3,3,t,f,13.38528595,52.46314167
113170,1,6,13,1,3,0,t,f,13.34014808,52.51375576
113166,2,8,13,4,3,1,t,f,13.44899768,52.50566662
113159,3,11,20,1,3,6,f,t,13.40137077,52.58050742
113157,7,5,20,1,3,5,t,f,13.3619437,52.41361158
113146,9,5,6,3,3,3,t,f,13.46058015,52.4937432
113135,1,11,17,4,3,0,t,f,13.40679496,52.52113597
113134,3,8,14,3,2,5,t,f,13.43518945,52.5350279
113129,2,7,6,6,3,0,t,f,13.47264887,52.51384948
113127,4,12,0,3,2,6,f,t,13.26815157,52.50911157
113116,7,5,18,1,3,5,t,f,13.34830826,52.48176423
113115,1,6,9,5,3,6,f,t,13.36736733,52.55139221
113096,7,12,18,1,3,5,t,f,13.3881263,52.43756938
113095,1,9,18,2,2,5,t,f,13.36525796,52.55808336
113089,2,6,18,4,2,5,t,f,13.37489397,52.50236276
113084,2,5,18,1,2,6,t,t,13.43603821,52.51754575
113083,3,8,19,1,2,0,t,f,13.41470803,52.55560285
113076,1,7,11,2,3,0,f,t,13.40425714,52.51962565
113074,7,10,22,5,3,6,f,t,13.34859472,52.48188504
113073,3,11,6,6,3,5,t,f,13.44509524,52.54557471
113068,12,4,14,3,3,1,t,f,13.36469252,52.56104147
113060,12,8,13,5,3,0,t,t,13.3644164,52.56372719
113050,3,9,11,1,3,5,t,f,13.42540722,52.52979472
113049,9,8,13,2,3,0,t,f,13.45783575,52.49174982
113034,1,6,17,3,3,5,t,f,13.40473005,52.51986457
113025,10,3,17,7,3,5,t,f,13.55344813,52.50934436
113022,11,6,0,3,3,0,t,f,13.4941338,52.51182414
112985,7,6,13,4,3,5,t,f,13.4067866,52.39470471
112984,3,8,18,7,3,5,t,f,13.41459975,52.55633651
112977,7,6,16,4,3,6,f,t,13.34857302,52.48186937
112968,2,10,8,6,3,0,t,f,13.45251064,52.51851523
112956,9,5,9,2,3,5,t,f,13.4794532,52.48452337
112955,2,6,19,5,2,3,t,f,13.45658095,52.51562574
112954,9,8,11,4,3,5,t,f,13.4592055,52.49296398
112945,3,10,11,7,3,6,t,t,13.4282017,52.53221811
112943,4,9,8,2,3,5,t,f,13.31799815,52.51243158
112940,9,4,11,4,3,6,f,t,13.48679928,52.47205733
112936,10,10,3,1,2,3,t,f,13.55114624,52.50924548
112934,12,9,6,5,3,5,t,f,13.3646427,52.56131114
112928,1,6,9,6,3,4,t,f,13.38018039,52.50975036
112924,2,5,14,4,3,5,t,f,13.38585196,52.48602693
112923,4,8,18,2,3,5,t,f,13.31931106,52.51251826
112918,1,7,18,5,2,0,t,f,13.4042545,52.51310743
112913,3,9,15,6,3,5,t,f,13.40250718,52.59217441
112910,10,4,16,5,2,5,t,f,13.60628349,52.50495339
112907,6,4,15,3,3,5,t,f,13.15259252,52.41873762
112889,3,8,18,7,3,5,t,f,13.4186307,52.53996076
112884,7,10,14,2,2,1,t,f,13.35177042,52.48406667
112883,2,12,10,4,3,0,t,f,13.46541998,52.51457719
112882,7,5,8,7,3,6,f,t,13.385635,52.44598692
112871,12,5,18,6,3,3,t,f,13.33257128,52.59762041
112867,2,9,16,2,3,0,t,f,13.45096667,52.52189925
112858,2,9,12,4,3,5,t,f,13.38924901,52.4975501
112855,7,4,20,2,3,5,t,f,13.37830805,52.43484948
112839,12,8,17,4,3,5,t,f,13.30176325,52.64297452
112830,3,10,16,6,3,5,t,f,13.42900767,52.57343634
112829,9,11,21,5,3,6,f,t,13.4784038,52.48400585
112821,1,10,22,2,2,3,t,f,13.40800511,52.51577057
112819,7,5,15,2,3,6,f,t,13.38578959,52.47091091
112813,7,6,9,1,3,5,t,f,13.38590022,52.47620466
112798,2,1,6,1,3,8,t,f,13.44731622,52.50329643
112794,4,6,13,1,3,5,t,f,13.28164774,52.50991619
112782,1,4,20,5,3,5,t,f,13.40855283,52.51622723
112766,1,5,18,4,3,0,t,f,13.41994934,52.52495889
112761,1,7,13,5,3,5,t,f,13.41239386,52.51908037
112750,4,6,15,4,3,6,f,t,13.29718326,52.51106526
112734,2,11,0,7,3,6,f,t,13.44862415,52.50506882
112726,2,11,17,3,3,5,t,f,13.46005519,52.51511844
112725,3,5,19,2,3,5,t,f,13.43266909,52.53618964
112710,7,9,14,6,3,2,t,f,13.38860118,52.43638784
112706,2,7,20,3,3,0,t,f,13.45419186,52.51592553
112704,9,9,0,4,3,5,t,f,13.45790523,52.49177837
112699,5,4,12,2,3,5,t,f,13.12628297,52.478571
112695,1,10,4,1,3,0,t,f,13.34294534,52.51408331
112694,7,12,21,3,3,3,t,f,13.36173144,52.49710691
112687,2,6,9,5,3,0,t,f,13.42864886,52.51816057
112683,2,5,12,5,1,3,t,f,13.46606641,52.51465848
112678,1,7,17,6,2,6,f,t,13.34305996,52.51395511
112674,3,7,12,6,3,0,t,f,13.42345838,52.52812226
112667,4,4,15,7,3,5,t,f,13.24984365,52.50799966
112651,4,8,13,2,3,6,t,t,13.31209963,52.5120425
112645,3,10,17,5,3,3,t,f,13.42533456,52.53896051
112635,10,6,17,4,3,5,t,f,13.62072288,52.50419424
112626,7,3,12,4,2,6,f,t,13.38590447,52.44539838
112623,3,7,20,6,2,0,t,f,13.41429792,52.55582286
112619,1,8,1,1,3,2,t,f,13.41859718,52.52375814
112614,1,7,14,7,3,5,t,f,13.3647686,52.50201693
112613,2,10,19,4,3,5,t,f,13.38039635,52.49926826
112593,9,7,6,2,2,2,t,f,13.45778571,52.49163438
112591,1,10,12,6,1,5,t,f,13.36995823,52.5419561
112589,10,12,17,4,2,6,f,t,13.53689003,52.53197917
112587,3,8,16,3,3,5,t,f,13.43970075,52.54169143
112586,3,9,10,5,3,4,t,f,13.41249553,52.5449713
112582,1,2,6,3,3,5,t,f,13.41677418,52.52209133
112577,3,9,19,4,3,5,t,f,13.43307235,52.53604088
112568,3,12,16,2,3,5,t,f,13.42399761,52.52824209
112567,7,5,11,2,3,5,t,f,13.37588873,52.4297301
112544,9,11,17,4,3,4,t,f,13.50208552,52.46188089
112536,3,10,18,4,3,5,t,f,13.4333657,52.53619821
112523,11,5,15,6,3,5,t,f,13.48409826,52.51270284
112522,4,8,7,6,3,2,t,f,13.26128174,52.50868732
112514,3,7,17,7,3,0,t,f,13.41464372,52.55603072
112512,7,10,7,2,3,6,f,t,13.41676802,52.37781775
112503,4,3,11,3,3,5,t,f,13.30750651,52.51174515
112500,6,10,14,7,3,6,t,t,13.14366982,52.41783854
112498,1,8,19,4,3,2,t,f,13.41236702,52.51906316
112495,1,3,15,3,3,5,t,f,13.36528315,52.5579551
112492,9,6,16,2,3,4,t,f,13.46200846,52.49516525
112489,10,5,16,3,3,5,t,f,13.60627606,52.50495344
112484,2,7,9,3,3,2,t,f,13.42764091,52.51891399
112482,7,10,14,4,3,5,t,f,13.3845895,52.45261618
112481,7,11,8,2,3,5,t,f,13.38578456,52.48102936
112466,2,8,17,6,2,5,t,f,13.46009558,52.51511441
112462,4,3,18,3,3,6,t,t,13.30531876,52.51159989
112457,10,9,13,2,3,0,t,f,13.60981503,52.50479562
112456,9,11,14,4,3,6,f,t,13.46078691,52.49390335
112455,1,8,7,3,3,0,t,f,13.41984516,52.52540686
112450,12,10,8,3,3,5,t,f,13.30178657,52.64295191
112449,2,12,21,4,2,6,f,t,13.46735914,52.51452867
112431,4,7,15,7,3,6,t,t,13.297513,52.51089788
112428,7,11,16,5,3,6,f,t,13.38501819,52.45024897
112419,6,12,17,1,3,5,t,f,13.15509963,52.41900278
112402,2,7,17,3,2,8,t,f,13.45419302,52.51592195
112399,10,7,8,2,3,0,t,f,13.54094269,52.5420696
112396,1,11,15,4,2,6,f,t,13.36800827,52.50571215
112385,1,10,19,3,3,5,t,f,13.38643488,52.51014752
112375,1,3,16,4,2,2,t,f,13.41638443,52.5220044
112374,3,10,7,4,3,5,t,f,13.43333697,52.53621198
112373,7,12,18,4,3,5,t,f,13.3998665,52.41653768
112372,12,9,11,5,3,2,t,f,13.36441284,52.56374593
112359,2,8,13,3,2,5,t,f,13.38926464,52.49748722
112350,7,10,15,6,3,6,f,t,13.38578959,52.47091105
112349,3,11,7,5,3,6,f,t,13.40344257,52.56939465
112341,12,3,5,2,3,5,t,f,13.36375388,52.56507286
112340,4,7,9,6,3,5,t,f,13.31461473,52.51201553
112338,1,10,19,5,3,0,t,f,13.36748994,52.53130006
112336,1,8,14,4,3,4,t,f,13.37844483,52.50963289
112332,3,2,23,6,3,1,t,f,13.42576078,52.52974645
112329,1,6,16,3,3,3,t,f,13.41289934,52.51967456
112327,10,9,16,5,3,5,t,f,13.53967385,52.51002362
112322,12,7,17,4,3,5,t,f,13.34678763,52.57914807
112319,2,11,23,3,3,6,t,t,13.44870076,52.50519356
112305,2,9,18,3,3,3,t,f,13.46186659,52.51493809
112300,1,6,19,1,3,5,t,f,13.36743985,52.55154931
112298,10,9,16,5,3,0,t,f,13.61342046,52.50489449
112291,1,7,10,5,3,5,t,f,13.36803323,52.50574924
112290,4,10,9,3,3,6,t,t,13.32318352,52.51255082
112286,3,1,16,5,2,0,t,f,13.40309669,52.59478823
112282,9,6,14,2,3,5,t,f,13.46348555,52.48774795
112277,2,8,17,4,3,3,t,f,13.45702176,52.51542343
112270,12,7,8,4,3,5,t,f,13.32391544,52.60776805
112267,3,11,7,2,2,0,t,f,13.41346392,52.54908973
112266,12,9,17,4,3,5,t,f,13.36441303,52.56374493
112263,1,4,9,2,3,3,t,f,13.41970598,52.52475044
112257,1,9,11,7,3,5,t,f,13.40483908,52.52015145
112247,10,5,17,4,3,5,t,f,13.61662401,52.50474033
112246,4,8,12,2,3,5,t,f,13.30748639,52.51174414
112229,4,6,12,2,3,6,t,t,13.29388922,52.51085172
112225,3,6,15,3,3,5,t,f,13.39898821,52.57343045
112223,9,9,6,4,3,5,t,f,13.47944987,52.4845046
112212,2,8,15,4,3,5,t,f,13.45370173,52.51604902
112206,7,10,15,5,3,6,f,t,13.3855131,52.44662081
112197,7,6,11,5,3,5,t,f,13.37711181,52.43233722
112184,10,7,20,6,3,5,t,f,13.60629112,52.50495334
112182,9,9,19,4,3,5,t,f,13.45904954,52.49285035
112180,2,8,10,3,2,3,t,f,13.38900556,52.49484111
112177,4,4,17,1,3,6,f,t,13.29724781,52.51088039
112174,4,3,16,4,3,6,f,t,13.29634478,52.51100814
